"street_segment","graffiti_type","graffiti_types_grouped","observer_id","overwriting"
145328,"other","Others",94,"no"
145322,"illustration","SITS",94,"no"
145322,"illustration","SITS",94,"no"
34686,"tag","Tag",94,"no"
34686,"tag","Tag",94,"no"
34686,"tag","Tag",94,"no"
34686,"tag","Tag",94,"no"
34686,"tag","Tag",94,"no"
34686,"tag","Tag",94,"no"
34686,"tag","Tag",94,"no"
34686,"tag","Tag",94,"no"
34686,"tag","Tag",94,"no"
34686,"tag","Tag",94,"no"
34686,"tag","Tag",94,"no"
34686,"tag","Tag",94,"no"
34686,"tag","Tag",94,"no"
34686,"tag","Tag",94,"no"
34686,"tag","Tag",94,"no"
34686,"tag","Tag",94,"no"
33905,"tag","Tag",94,"no"
33878,"tag","Tag",94,"no"
34686,"tag","Tag",94,"no"
3929,"tag","Tag",94,"yes"
3929,"tag","Tag",94,"no"
3929,"tag","Tag",94,"no"
3929,"tag","Tag",94,"no"
3929,"tag","Tag",94,"no"
3929,"tag","Tag",94,"no"
3929,"tag","Tag",94,"no"
3929,"tag","Tag",94,"no"
3929,"tag","Tag",94,"no"
3929,"tag","Tag",94,"no"
3929,"tag","Tag",94,"no"
3929,"tag","Tag",94,"no"
3929,"tag","Tag",94,"yes"
3929,"tag","Tag",94,"no"
33903,"tag","Tag",94,"no"
33903,"tag","Tag",94,"no"
33903,"tag","Tag",94,"no"
33903,"tag","Tag",94,"no"
33903,"tag","Tag",94,"no"
33903,"tag","Tag",94,"no"
33903,"tag","Tag",94,"no"
33903,"tag","Tag",94,"no"
33903,"tag","Tag",94,"no"
33903,"tag","Tag",94,"no"
33903,"tag","Tag",94,"no"
33906,"tag","Tag",94,"no"
3917,"tag","Tag",94,"no"
3917,"tag","Tag",94,"no"
3917,"tag","Tag",94,"no"
3917,"tag","Tag",94,"no"
3918,"tag","Tag",94,"no"
3918,"tag","Tag",94,"no"
3918,"tag","Tag",94,"no"
3918,"tag","Tag",94,"no"
3918,"tag","Tag",94,"no"
3918,"tag","Tag",94,"no"
3918,"tag","Tag",94,"no"
3918,"tag","Tag",94,"no"
3918,"tag","Tag",94,"no"
3918,"tag","Tag",94,"no"
3918,"tag","Tag",94,"no"
3918,"tag","Tag",94,"no"
3918,"tag","Tag",94,"no"
3918,"tag","Tag",94,"no"
3918,"tag","Tag",94,"no"
3918,"tag","Tag",94,"no"
3918,"tag","Tag",94,"no"
3918,"illustration","SITS",94,"no"
3918,"tag","Tag",94,"no"
3930,"tag","Tag",94,"no"
3930,"tag","Tag",94,"no"
3930,"tag","Tag",94,"no"
3930,"tag","Tag",94,"no"
33878,"tag","Tag",94,"no"
33878,"tag","Tag",94,"no"
3929,"tag","Tag",94,"no"
34686,"tag","Tag",94,"no"
3930,"tag","Tag",94,"no"
3930,"tag","Tag",94,"no"
3930,"tag","Tag",94,"no"
3930,"tag","Tag",94,"no"
3930,"tag","Tag",94,"no"
3930,"tag","Tag",94,"no"
3930,"tag","Tag",94,"no"
33903,"tag","Tag",94,"no"
3929,"tag","Tag",94,"no"
3918,"illustration","SITS",94,"no"
3918,"tag","Tag",94,"no"
33906,"tag","Tag",94,"no"
140454,"illustration","SITS",2,"no"
140454,"illustration","SITS",2,"no"
140454,"tag","Tag",2,"yes"
140454,"illustration","SITS",2,"no"
140454,"tag","Tag",2,"no"
140454,"tag","Tag",2,"no"
140454,"tag","Tag",2,"no"
140454,"throw up","SITS",2,"no"
140454,"tag","Tag",2,"no"
140454,"tag","Tag",2,"no"
140454,"tag","Tag",2,"no"
358749,"tag","Tag",2,"no"
358749,"other","Others",2,"no"
358749,"tag","Tag",2,"no"
358749,"other","Others",2,"no"
358749,"other","Others",2,"no"
358749,"other","Others",2,"no"
358749,"tag","Tag",2,"no"
358749,"tag","Tag",2,"no"
358749,"tag","Tag",2,"no"
358749,"tag","Tag",2,"no"
358749,"tag","Tag",2,"yes"
358749,"other","Others",2,"no"
559471,"tag","Tag",2,"no"
559471,"tag","Tag",2,"no"
559471,"tag","Tag",2,"no"
559471,"tag","Tag",2,"no"
559471,"tag","Tag",2,"no"
559471,"tag","Tag",2,"no"
559471,"illustration","SITS",2,"no"
559471,"other","Others",2,"no"
559471,"tag","Tag",2,"no"
559471,"tag","Tag",2,"no"
559471,"tag","Tag",2,"no"
559471,"tag","Tag",2,"no"
610557,"other","Others",2,"no"
610547,"tag","Tag",2,"no"
610547,"tag","Tag",2,"no"
610547,"tag","Tag",2,"no"
610547,"other","Others",2,"no"
610547,"other","Others",2,"no"
610547,"tag","Tag",2,"no"
610547,"tag","Tag",2,"no"
610547,"tag","Tag",2,"no"
610547,"tag","Tag",2,"no"
610547,"tag","Tag",2,"no"
610547,"tag","Tag",2,"no"
610547,"tag","Tag",2,"no"
610547,"tag","Tag",2,"no"
610547,"tag","Tag",2,"no"
140443,"masterpiece","Masterpiece",2,"no"
140810,"tag","Tag",2,"no"
140810,"other","Others",2,"no"
140810,"other","Others",2,"no"
140810,"tag","Tag",2,"no"
140810,"tag","Tag",2,"no"
140810,"tag","Tag",2,"no"
140810,"tag","Tag",2,"no"
140810,"tag","Tag",2,"no"
140810,"tag","Tag",2,"yes"
140810,"tag","Tag",2,"no"
140810,"tag","Tag",2,"no"
140810,"tag","Tag",2,"no"
140810,"tag","Tag",2,"no"
140810,"tag","Tag",2,"yes"
140810,"tag","Tag",2,"no"
140810,"tag","Tag",2,"no"
140810,"tag","Tag",2,"no"
140810,"tag","Tag",2,"no"
140810,"tag","Tag",2,"no"
140810,"tag","Tag",2,"no"
140810,"tag","Tag",2,"no"
140810,"other","Others",2,"no"
140810,"other","Others",2,"no"
140436,"tag","Tag",2,"no"
140436,"tag","Tag",2,"no"
140436,"tag","Tag",2,"no"
140436,"tag","Tag",2,"no"
140436,"tag","Tag",2,"no"
140436,"tag","Tag",2,"no"
140436,"tag","Tag",2,"no"
140436,"tag","Tag",2,"no"
140436,"tag","Tag",2,"no"
140436,"tag","Tag",2,"no"
140436,"tag","Tag",2,"no"
140436,"tag","Tag",2,"no"
140436,"tag","Tag",2,"no"
140436,"tag","Tag",2,"no"
140436,"tag","Tag",2,"no"
140436,"tag","Tag",2,"no"
140436,"tag","Tag",2,"no"
140436,"tag","Tag",2,"no"
140436,"tag","Tag",2,"no"
140436,"tag","Tag",2,"no"
140436,"tag","Tag",2,"no"
140436,"tag","Tag",2,"no"
140436,"tag","Tag",2,"no"
140436,"tag","Tag",2,"no"
140436,"tag","Tag",2,"no"
140436,"tag","Tag",2,"no"
140436,"tag","Tag",2,"yes"
140436,"tag","Tag",2,"no"
140436,"illustration","SITS",2,"no"
140436,"tag","Tag",2,"yes"
140436,"tag","Tag",2,"no"
140436,"other","Others",2,"yes"
140436,"tag","Tag",2,"yes"
140436,"other","Others",2,"yes"
140436,"other","Others",2,"no"
140591,"tag","Tag",2,"no"
140591,"tag","Tag",2,"no"
140591,"tag","Tag",2,"no"
140591,"tag","Tag",2,"no"
140591,"tag","Tag",2,"no"
140591,"tag","Tag",2,"no"
140591,"stencil","SITS",2,"no"
140591,"tag","Tag",2,"no"
140591,"tag","Tag",2,"no"
140591,"tag","Tag",2,"no"
140591,"tag","Tag",2,"no"
140591,"tag","Tag",2,"no"
140591,"tag","Tag",2,"no"
140591,"tag","Tag",2,"no"
140591,"tag","Tag",2,"no"
140546,"other","Others",2,"no"
140546,"other","Others",2,"no"
140546,"other","Others",2,"no"
140546,"tag","Tag",2,"no"
140546,"tag","Tag",2,"no"
140546,"tag","Tag",2,"no"
611276,"tag","Tag",2,"no"
611276,"tag","Tag",2,"no"
140543,"tag","Tag",2,"no"
140543,"tag","Tag",2,"no"
140543,"tag","Tag",2,"no"
140543,"tag","Tag",2,"no"
140543,"tag","Tag",2,"no"
140543,"tag","Tag",2,"no"
140543,"other","Others",2,"no"
140543,"tag","Tag",2,"no"
140543,"other","Others",2,"no"
140543,"tag","Tag",2,"no"
140543,"other","Others",2,"no"
140454,"illustration","SITS",2,"no"
141064,"tag","Tag",3,"no"
141064,"tag","Tag",3,"no"
141064,"tag","Tag",3,"no"
141064,"tag","Tag",3,"no"
141064,"tag","Tag",3,"no"
141064,"tag","Tag",3,"no"
141064,"tag","Tag",3,"no"
141064,"tag","Tag",3,"no"
141064,"tag","Tag",3,"no"
141064,"throw up","SITS",3,"no"
141064,"tag","Tag",3,"no"
141064,"tag","Tag",3,"no"
141064,"tag","Tag",3,"no"
141064,"tag","Tag",3,"no"
141064,"tag","Tag",3,"no"
141064,"tag","Tag",3,"no"
141064,"tag","Tag",3,"no"
141064,"tag","Tag",3,"no"
141064,"tag","Tag",3,"no"
141064,"tag","Tag",3,"no"
141064,"tag","Tag",3,"no"
141064,"tag","Tag",3,"no"
141064,"tag","Tag",3,"no"
141064,"tag","Tag",3,"no"
141064,"tag","Tag",3,"no"
141049,"tag","Tag",3,"no"
141049,"throw up","SITS",3,"no"
141049,"tag","Tag",3,"no"
358669,"tag","Tag",3,"no"
358669,"tag","Tag",3,"no"
358669,"tag","Tag",3,"no"
358669,"tag","Tag",3,"no"
358669,"tag","Tag",3,"no"
358669,"tag","Tag",3,"no"
358669,"tag","Tag",3,"no"
141052,"tag","Tag",3,"no"
610958,"slogan","SITS",3,"no"
610958,"tag","Tag",3,"no"
610958,"tag","Tag",3,"no"
141048,"tag","Tag",3,"no"
141048,"tag","Tag",3,"no"
141048,"tag","Tag",3,"no"
141064,"tag","Tag",3,"no"
141064,"tag","Tag",3,"no"
358669,"other","Others",3,"no"
141048,"tag","Tag",3,"no"
358669,"tag","Tag",3,"no"
610958,"other","Others",3,"no"
610958,"other","Others",3,"no"
610958,"other","Others",3,"no"
610958,"other","Others",3,"no"
610958,"other","Others",3,"no"
610958,"tag","Tag",3,"no"
358669,"tag","Tag",3,"no"
141124,"tag","Tag",133,"no"
141124,"slogan","SITS",133,"no"
141124,"tag","Tag",133,"no"
141124,"tag","Tag",133,"no"
21738,"tag","Tag",133,"no"
21738,"tag","Tag",133,"no"
21738,"tag","Tag",133,"no"
21738,"tag","Tag",133,"no"
21738,"illustration","SITS",133,"no"
265582,"slogan","SITS",13,"no"
265582,"slogan","SITS",13,"no"
265582,"slogan","SITS",13,"no"
265582,"tag","Tag",13,"no"
265582,"slogan","SITS",13,"no"
265582,"tag","Tag",13,"no"
265582,"tag","Tag",13,"no"
265582,"illustration","SITS",13,"no"
265582,"tag","Tag",13,"no"
265582,"tag","Tag",13,"no"
265582,"tag","Tag",13,"no"
265582,"slogan","SITS",13,"no"
265582,"slogan","SITS",13,"no"
265582,"tag","Tag",13,"no"
265582,"tag","Tag",13,"no"
265582,"tag","Tag",13,"no"
265582,"illustration","SITS",13,"no"
265582,"tag","Tag",13,"no"
265582,"other","Others",13,"no"
265582,"other","Others",13,"no"
265582,"tag","Tag",13,"no"
265582,"tag","Tag",13,"no"
265582,"tag","Tag",13,"no"
265582,"tag","Tag",13,"no"
265582,"other","Others",13,"no"
265582,"slogan","SITS",13,"no"
265582,"tag","Tag",13,"no"
265582,"tag","Tag",13,"no"
265582,"tag","Tag",13,"no"
265582,"tag","Tag",13,"no"
265582,"tag","Tag",13,"no"
265582,"tag","Tag",13,"no"
265582,"other","Others",13,"no"
33914,"tag","Tag",13,"no"
33914,"slogan","SITS",13,"no"
33914,"tag","Tag",13,"no"
33914,"tag","Tag",13,"no"
33914,"tag","Tag",13,"no"
33914,"tag","Tag",13,"no"
33914,"other","Others",13,"no"
33914,"other","Others",13,"no"
4011,"tag","Tag",13,"no"
4011,"tag","Tag",13,"no"
3966,"tag","Tag",13,"no"
3966,"tag","Tag",13,"no"
33856,"tag","Tag",13,"no"
33856,"tag","Tag",13,"no"
3947,"tag","Tag",13,"no"
3947,"tag","Tag",13,"no"
3947,"other","Others",13,"no"
3795,"tag","Tag",13,"no"
3795,"tag","Tag",13,"no"
3795,"other","Others",13,"no"
3795,"other","Others",13,"no"
3795,"tag","Tag",13,"no"
3795,"tag","Tag",13,"no"
3795,"slogan","SITS",13,"no"
3795,"tag","Tag",13,"no"
3795,"tag","Tag",13,"no"
3795,"tag","Tag",13,"no"
3795,"illustration","SITS",13,"no"
3795,"tag","Tag",13,"no"
3795,"tag","Tag",13,"no"
3795,"tag","Tag",13,"no"
3795,"tag","Tag",13,"no"
3795,"tag","Tag",13,"no"
3795,"tag","Tag",13,"no"
3795,"tag","Tag",13,"no"
3869,"slogan","SITS",13,"no"
3869,"tag","Tag",13,"no"
3869,"throw up","SITS",13,"no"
3869,"illustration","SITS",13,"yes"
3869,"illustration","SITS",13,"yes"
3869,"illustration","SITS",13,"yes"
3869,"illustration","SITS",13,"no"
3869,"tag","Tag",13,"no"
3869,"tag","Tag",13,"no"
3869,"illustration","SITS",13,"no"
3869,"tag","Tag",13,"no"
3869,"tag","Tag",13,"no"
3869,"tag","Tag",13,"no"
3869,"tag","Tag",13,"no"
3869,"tag","Tag",13,"no"
3869,"tag","Tag",13,"no"
3869,"tag","Tag",13,"no"
3869,"tag","Tag",13,"no"
3869,"slogan","SITS",13,"no"
3869,"illustration","SITS",13,"no"
3791,"tag","Tag",13,"no"
3791,"tag","Tag",13,"no"
3791,"tag","Tag",13,"no"
3791,"tag","Tag",13,"no"
3791,"tag","Tag",13,"no"
3791,"slogan","SITS",13,"no"
3791,"tag","Tag",13,"no"
3791,"tag","Tag",13,"no"
3791,"tag","Tag",13,"no"
3791,"tag","Tag",13,"no"
3791,"tag","Tag",13,"no"
3791,"tag","Tag",13,"no"
3791,"tag","Tag",13,"no"
3791,"tag","Tag",13,"no"
3791,"slogan","SITS",13,"no"
3791,"tag","Tag",13,"no"
3791,"tag","Tag",13,"yes"
3791,"tag","Tag",13,"yes"
3791,"tag","Tag",13,"no"
3791,"tag","Tag",13,"no"
3791,"tag","Tag",13,"no"
3791,"stencil","SITS",13,"yes"
3791,"tag","Tag",13,"yes"
3791,"tag","Tag",13,"no"
3791,"tag","Tag",13,"no"
3791,"tag","Tag",13,"no"
3791,"illustration","SITS",13,"no"
3791,"tag","Tag",13,"no"
3791,"stencil","SITS",13,"no"
3791,"slogan","SITS",13,"no"
3791,"tag","Tag",13,"no"
3791,"slogan","SITS",13,"no"
3791,"tag","Tag",13,"no"
3791,"tag","Tag",13,"no"
3791,"tag","Tag",13,"no"
3791,"tag","Tag",13,"yes"
11490,"tag","Tag",13,"no"
11490,"illustration","SITS",13,"no"
11490,"illustration","SITS",13,"yes"
11490,"throw up","SITS",13,"no"
11490,"tag","Tag",13,"yes"
11490,"tag","Tag",13,"yes"
11490,"illustration","SITS",13,"yes"
11490,"tag","Tag",13,"no"
11490,"slogan","SITS",13,"yes"
11490,"tag","Tag",13,"yes"
11490,"tag","Tag",13,"no"
11490,"tag","Tag",13,"no"
11490,"tag","Tag",13,"no"
11490,"stencil","SITS",13,"no"
11490,"slogan","SITS",13,"yes"
11490,"tag","Tag",13,"no"
11490,"stencil","SITS",13,"no"
11490,"tag","Tag",13,"no"
11490,"tag","Tag",13,"no"
11490,"tag","Tag",13,"yes"
11490,"stencil","SITS",13,"no"
11490,"stencil","SITS",13,"no"
11490,"tag","Tag",13,"no"
11490,"tag","Tag",13,"yes"
11490,"masterpiece","Masterpiece",13,"yes"
11490,"tag","Tag",13,"no"
11490,"tag","Tag",13,"no"
11490,"stencil","SITS",13,"no"
11490,"tag","Tag",13,"no"
11490,"tag","Tag",13,"yes"
11490,"tag","Tag",13,"yes"
11490,"tag","Tag",13,"no"
11490,"tag","Tag",13,"no"
11490,"tag","Tag",13,"no"
11490,"tag","Tag",13,"no"
11490,"tag","Tag",13,"no"
11490,"tag","Tag",13,"no"
11490,"stencil","SITS",13,"yes"
11490,"tag","Tag",13,"no"
11490,"tag","Tag",13,"no"
11490,"slogan","SITS",13,"no"
11490,"masterpiece","Masterpiece",13,"yes"
11490,"tag","Tag",13,"yes"
11490,"tag","Tag",13,"no"
11490,"tag","Tag",13,"no"
11490,"tag","Tag",13,"no"
11490,"tag","Tag",13,"no"
11490,"throw up","SITS",13,"yes"
11490,"other","Others",13,"no"
11490,"tag","Tag",13,"no"
11490,"tag","Tag",13,"no"
11490,"tag","Tag",13,"no"
11490,"tag","Tag",13,"no"
11490,"tag","Tag",13,"no"
11490,"tag","Tag",13,"no"
11490,"tag","Tag",13,"no"
11490,"other","Others",13,"no"
11490,"tag","Tag",13,"no"
11490,"tag","Tag",13,"no"
11490,"illustration","SITS",13,"no"
11490,"stencil","SITS",13,"no"
90557,"tag","Tag",13,"no"
90557,"tag","Tag",13,"no"
90557,"slogan","SITS",13,"no"
90557,"tag","Tag",13,"no"
90557,"tag","Tag",13,"no"
90557,"tag","Tag",13,"no"
90557,"slogan","SITS",13,"no"
90557,"tag","Tag",13,"no"
90557,"tag","Tag",13,"no"
90557,"tag","Tag",13,"no"
90557,"tag","Tag",13,"no"
90557,"tag","Tag",13,"no"
90557,"tag","Tag",13,"no"
90557,"tag","Tag",13,"no"
90557,"tag","Tag",13,"no"
90557,"slogan","SITS",13,"no"
90557,"other","Others",13,"no"
90557,"other","Others",13,"no"
90557,"other","Others",13,"no"
90557,"tag","Tag",13,"no"
90557,"tag","Tag",13,"no"
90557,"tag","Tag",13,"no"
90557,"slogan","SITS",13,"no"
90557,"tag","Tag",13,"no"
90557,"illustration","SITS",13,"no"
90557,"tag","Tag",13,"no"
90557,"other","Others",13,"no"
90557,"slogan","SITS",13,"no"
90557,"tag","Tag",13,"no"
90557,"tag","Tag",13,"no"
90557,"tag","Tag",13,"no"
90557,"illustration","SITS",13,"no"
90557,"tag","Tag",13,"no"
90557,"tag","Tag",13,"no"
90557,"tag","Tag",13,"no"
90557,"tag","Tag",13,"no"
90557,"tag","Tag",13,"no"
3944,"tag","Tag",13,"no"
3944,"tag","Tag",13,"no"
3944,"other","Others",13,"no"
3944,"other","Others",13,"no"
3944,"other","Others",13,"no"
3944,"tag","Tag",13,"no"
3944,"other","Others",13,"no"
3944,"tag","Tag",13,"no"
3944,"tag","Tag",13,"no"
3944,"tag","Tag",13,"no"
3944,"tag","Tag",13,"no"
3944,"slogan","SITS",13,"no"
3944,"other","Others",13,"no"
3944,"tag","Tag",13,"no"
3944,"slogan","SITS",13,"no"
3944,"tag","Tag",13,"no"
3944,"other","Others",13,"no"
3944,"other","Others",13,"no"
3944,"other","Others",13,"no"
3944,"illustration","SITS",13,"no"
3944,"tag","Tag",13,"no"
3944,"tag","Tag",13,"no"
3944,"tag","Tag",13,"no"
3944,"tag","Tag",13,"no"
33914,"tag","Tag",13,"no"
33914,"tag","Tag",13,"no"
265582,"other","Others",13,"no"
3791,"tag","Tag",13,"no"
3988,"illustration","SITS",13,"no"
3988,"tag","Tag",13,"no"
3988,"tag","Tag",13,"no"
3988,"tag","Tag",13,"no"
3988,"tag","Tag",13,"no"
3988,"tag","Tag",13,"no"
3988,"tag","Tag",13,"no"
3988,"other","Others",13,"no"
3988,"tag","Tag",13,"no"
3988,"tag","Tag",13,"no"
3869,"tag","Tag",13,"no"
3869,"tag","Tag",13,"no"
141266,"slogan","SITS",99,"no"
141266,"slogan","SITS",99,"no"
141266,"other","Others",99,"no"
141266,"other","Others",99,"no"
141266,"other","Others",99,"no"
141266,"other","Others",99,"no"
141266,"illustration","SITS",99,"yes"
141266,"other","Others",99,"no"
141266,"other","Others",99,"no"
141266,"other","Others",99,"no"
141498,"other","Others",99,"no"
141498,"other","Others",99,"no"
141498,"tag","Tag",99,"no"
141498,"tag","Tag",99,"no"
141498,"other","Others",99,"no"
141498,"other","Others",99,"no"
141498,"other","Others",99,"no"
141420,"tag","Tag",99,"no"
141458,"stencil","SITS",99,"no"
141458,"stencil","SITS",99,"no"
141458,"stencil","SITS",99,"no"
141458,"stencil","SITS",99,"no"
141458,"stencil","SITS",99,"no"
141490,"throw up","SITS",99,"no"
141334,"other","Others",99,"no"
141539,"tag","Tag",99,"no"
141539,"tag","Tag",99,"no"
141539,"other","Others",99,"no"
141519,"tag","Tag",99,"no"
141367,"illustration","SITS",99,"no"
141367,"other","Others",99,"no"
141199,"other","Others",99,"no"
141199,"other","Others",99,"no"
141199,"stencil","SITS",99,"no"
141199,"other","Others",99,"no"
141199,"stencil","SITS",99,"no"
141199,"illustration","SITS",99,"no"
141199,"illustration","SITS",99,"yes"
141199,"stencil","SITS",99,"no"
141199,"illustration","SITS",99,"yes"
141199,"stencil","SITS",99,"yes"
141199,"stencil","SITS",99,"yes"
141199,"stencil","SITS",99,"yes"
141199,"stencil","SITS",99,"no"
141199,"stencil","SITS",99,"yes"
141199,"stencil","SITS",99,"no"
141199,"stencil","SITS",99,"no"
141199,"illustration","SITS",99,"no"
141199,"stencil","SITS",99,"no"
141199,"illustration","SITS",99,"no"
141439,"tag","Tag",99,"no"
141198,"tag","Tag",99,"no"
141198,"tag","Tag",99,"no"
627718,"stencil","SITS",99,"no"
627718,"illustration","SITS",99,"no"
627718,"slogan","SITS",99,"yes"
141191,"illustration","SITS",99,"no"
141320,"other","Others",99,"no"
141320,"other","Others",99,"no"
141320,"other","Others",99,"no"
141320,"other","Others",99,"no"
141320,"other","Others",99,"no"
141320,"other","Others",99,"no"
141320,"other","Others",99,"no"
141320,"other","Others",99,"no"
141320,"other","Others",99,"no"
141320,"other","Others",99,"no"
141320,"other","Others",99,"no"
141320,"other","Others",99,"no"
141320,"other","Others",99,"no"
141320,"other","Others",99,"no"
141320,"other","Others",99,"no"
141320,"tag","Tag",99,"no"
141320,"tag","Tag",99,"no"
141320,"tag","Tag",99,"no"
141320,"tag","Tag",99,"no"
141266,"other","Others",99,"no"
141266,"other","Others",99,"no"
141266,"other","Others",99,"no"
141266,"other","Others",99,"no"
141498,"illustration","SITS",99,"no"
141197,"other","Others",99,"no"
141334,"other","Others",99,"no"
141539,"other","Others",99,"no"
141539,"other","Others",99,"no"
141539,"other","Others",99,"no"
141539,"other","Others",99,"no"
141539,"other","Others",99,"no"
141539,"other","Others",99,"no"
141539,"other","Others",99,"no"
141539,"other","Others",99,"no"
141539,"other","Others",99,"no"
141539,"other","Others",99,"no"
141539,"other","Others",99,"no"
141539,"other","Others",99,"no"
141539,"other","Others",99,"no"
141539,"other","Others",99,"no"
141539,"other","Others",99,"no"
141539,"other","Others",99,"no"
141539,"other","Others",99,"no"
141539,"other","Others",99,"no"
141539,"other","Others",99,"no"
141539,"other","Others",99,"no"
141539,"other","Others",99,"no"
141539,"other","Others",99,"no"
141367,"other","Others",99,"no"
141367,"other","Others",99,"no"
141367,"other","Others",99,"no"
141199,"tag","Tag",99,"no"
141199,"tag","Tag",99,"no"
141199,"tag","Tag",99,"no"
141439,"other","Others",99,"no"
141198,"tag","Tag",99,"no"
627718,"other","Others",99,"no"
627718,"other","Others",99,"no"
141191,"other","Others",99,"no"
141191,"other","Others",99,"no"
141191,"other","Others",99,"no"
141191,"other","Others",99,"yes"
141320,"other","Others",99,"no"
141498,"illustration","SITS",99,"no"
141498,"other","Others",99,"no"
141334,"illustration","SITS",99,"no"
141334,"illustration","SITS",99,"no"
141334,"illustration","SITS",99,"no"
141334,"illustration","SITS",99,"no"
141191,"illustration","SITS",99,"no"
141191,"slogan","SITS",99,"no"
140899,"tag","Tag",14,"no"
140899,"tag","Tag",14,"no"
610987,"tag","Tag",14,"no"
141097,"tag","Tag",14,"no"
141097,"tag","Tag",14,"no"
141097,"tag","Tag",14,"no"
141097,"tag","Tag",14,"no"
141097,"tag","Tag",14,"no"
140920,"illustration","SITS",14,"no"
140920,"tag","Tag",14,"no"
140920,"tag","Tag",14,"no"
611116,"tag","Tag",14,"no"
611116,"tag","Tag",14,"no"
611116,"throw up","SITS",14,"yes"
611116,"tag","Tag",14,"no"
611116,"tag","Tag",14,"no"
611116,"tag","Tag",14,"no"
611116,"tag","Tag",14,"no"
611116,"tag","Tag",14,"no"
611116,"tag","Tag",14,"no"
611116,"throw up","SITS",14,"yes"
611116,"tag","Tag",14,"yes"
611116,"tag","Tag",14,"no"
611116,"tag","Tag",14,"yes"
611116,"tag","Tag",14,"no"
611116,"throw up","SITS",14,"no"
611116,"tag","Tag",14,"no"
611116,"tag","Tag",14,"no"
611116,"tag","Tag",14,"no"
611116,"tag","Tag",14,"no"
611116,"tag","Tag",14,"yes"
611116,"tag","Tag",14,"yes"
611116,"illustration","SITS",14,"yes"
611079,"tag","Tag",14,"no"
611079,"tag","Tag",14,"no"
611079,"tag","Tag",14,"no"
611079,"tag","Tag",14,"no"
141027,"other","Others",14,"no"
141027,"masterpiece","Masterpiece",14,"no"
611108,"tag","Tag",14,"no"
611108,"tag","Tag",14,"no"
611108,"tag","Tag",14,"no"
611108,"tag","Tag",14,"no"
611108,"tag","Tag",14,"no"
611108,"tag","Tag",14,"no"
141086,"throw up","SITS",14,"no"
141086,"illustration","SITS",14,"yes"
141086,"throw up","SITS",14,"yes"
141086,"throw up","SITS",14,"yes"
141086,"tag","Tag",14,"no"
141086,"illustration","SITS",14,"no"
141086,"tag","Tag",14,"no"
141086,"tag","Tag",14,"no"
141086,"tag","Tag",14,"no"
141086,"tag","Tag",14,"no"
141086,"tag","Tag",14,"no"
141086,"tag","Tag",14,"no"
141086,"tag","Tag",14,"no"
141086,"tag","Tag",14,"no"
141086,"tag","Tag",14,"no"
141086,"tag","Tag",14,"no"
141086,"tag","Tag",14,"no"
141086,"tag","Tag",14,"no"
141086,"tag","Tag",14,"no"
141086,"tag","Tag",14,"no"
141086,"tag","Tag",14,"no"
141086,"tag","Tag",14,"no"
141086,"throw up","SITS",14,"yes"
141086,"throw up","SITS",14,"yes"
141086,"tag","Tag",14,"no"
141086,"tag","Tag",14,"no"
141086,"tag","Tag",14,"no"
141086,"tag","Tag",14,"no"
141086,"tag","Tag",14,"no"
141086,"tag","Tag",14,"no"
141086,"tag","Tag",14,"yes"
141086,"tag","Tag",14,"no"
141086,"tag","Tag",14,"no"
141086,"tag","Tag",14,"no"
141086,"illustration","SITS",14,"no"
358687,"tag","Tag",14,"no"
358687,"tag","Tag",14,"no"
358687,"tag","Tag",14,"no"
358687,"tag","Tag",14,"no"
358687,"tag","Tag",14,"no"
358687,"tag","Tag",14,"no"
358687,"tag","Tag",14,"no"
358687,"tag","Tag",14,"no"
358687,"tag","Tag",14,"no"
358687,"tag","Tag",14,"no"
358687,"tag","Tag",14,"no"
358687,"tag","Tag",14,"no"
358687,"tag","Tag",14,"no"
358687,"tag","Tag",14,"no"
358687,"tag","Tag",14,"yes"
358687,"tag","Tag",14,"no"
358687,"tag","Tag",14,"no"
358687,"tag","Tag",14,"no"
358687,"tag","Tag",14,"no"
358687,"tag","Tag",14,"no"
358687,"tag","Tag",14,"no"
358687,"tag","Tag",14,"no"
358687,"tag","Tag",14,"no"
358687,"tag","Tag",14,"no"
358687,"slogan","SITS",14,"no"
358687,"throw up","SITS",14,"no"
358687,"tag","Tag",14,"no"
358687,"tag","Tag",14,"no"
358687,"tag","Tag",14,"no"
358687,"tag","Tag",14,"no"
358687,"tag","Tag",14,"no"
358687,"tag","Tag",14,"no"
358687,"tag","Tag",14,"no"
358687,"tag","Tag",14,"no"
358687,"tag","Tag",14,"no"
358687,"throw up","SITS",14,"no"
358687,"tag","Tag",14,"no"
358687,"tag","Tag",14,"no"
358687,"tag","Tag",14,"no"
358687,"tag","Tag",14,"no"
358687,"tag","Tag",14,"no"
358687,"tag","Tag",14,"no"
358687,"tag","Tag",14,"no"
358687,"tag","Tag",14,"no"
358687,"tag","Tag",14,"no"
358687,"tag","Tag",14,"no"
358687,"tag","Tag",14,"no"
358687,"tag","Tag",14,"no"
358687,"tag","Tag",14,"no"
358687,"tag","Tag",14,"no"
358687,"tag","Tag",14,"no"
358687,"tag","Tag",14,"no"
358687,"illustration","SITS",14,"no"
358687,"tag","Tag",14,"no"
358687,"tag","Tag",14,"no"
358687,"tag","Tag",14,"no"
358687,"tag","Tag",14,"no"
358687,"tag","Tag",14,"no"
358687,"tag","Tag",14,"no"
358687,"tag","Tag",14,"yes"
358687,"tag","Tag",14,"no"
358687,"tag","Tag",14,"yes"
358687,"throw up","SITS",14,"no"
358687,"tag","Tag",14,"no"
358687,"tag","Tag",14,"no"
358687,"tag","Tag",14,"no"
358687,"tag","Tag",14,"no"
358687,"tag","Tag",14,"no"
358687,"tag","Tag",14,"no"
358687,"tag","Tag",14,"no"
140803,"tag","Tag",14,"no"
140714,"tag","Tag",14,"no"
140714,"tag","Tag",14,"no"
140714,"throw up","SITS",14,"no"
140714,"tag","Tag",14,"yes"
140714,"tag","Tag",14,"no"
140714,"tag","Tag",14,"no"
359267,"tag","Tag",14,"no"
359267,"tag","Tag",14,"no"
359267,"tag","Tag",14,"no"
359267,"tag","Tag",14,"no"
140706,"tag","Tag",14,"no"
358686,"illustration","SITS",14,"no"
610987,"tag","Tag",14,"no"
140901,"tag","Tag",14,"no"
140901,"tag","Tag",14,"no"
140901,"tag","Tag",14,"no"
141097,"tag","Tag",14,"no"
141097,"tag","Tag",14,"no"
611116,"tag","Tag",14,"no"
611116,"stencil","SITS",14,"no"
611116,"tag","Tag",14,"no"
611079,"tag","Tag",14,"no"
141027,"tag","Tag",14,"no"
141027,"illustration","SITS",14,"no"
141027,"illustration","SITS",14,"no"
141086,"tag","Tag",14,"yes"
141086,"tag","Tag",14,"yes"
141086,"tag","Tag",14,"yes"
141086,"tag","Tag",14,"no"
141086,"tag","Tag",14,"no"
140803,"tag","Tag",14,"no"
140803,"tag","Tag",14,"no"
140803,"tag","Tag",14,"no"
359267,"tag","Tag",14,"no"
358687,"tag","Tag",14,"no"
358687,"tag","Tag",14,"no"
358687,"tag","Tag",14,"no"
358687,"tag","Tag",14,"no"
141097,"illustration","SITS",14,"yes"
141097,"tag","Tag",14,"yes"
141097,"tag","Tag",14,"no"
141097,"tag","Tag",14,"no"
141680,"tag","Tag",16,"no"
141680,"tag","Tag",16,"no"
141680,"tag","Tag",16,"no"
141680,"tag","Tag",16,"no"
141680,"tag","Tag",16,"no"
141680,"tag","Tag",16,"no"
141680,"tag","Tag",16,"no"
141680,"tag","Tag",16,"no"
141680,"illustration","SITS",16,"no"
141680,"illustration","SITS",16,"no"
141680,"other","Others",16,"no"
141680,"other","Others",16,"no"
141680,"other","Others",16,"no"
141680,"tag","Tag",16,"no"
141680,"tag","Tag",16,"no"
141680,"other","Others",16,"no"
141680,"tag","Tag",16,"no"
141680,"other","Others",16,"no"
611275,"tag","Tag",16,"no"
611275,"tag","Tag",16,"no"
611275,"tag","Tag",16,"no"
611275,"tag","Tag",16,"no"
611275,"illustration","SITS",16,"no"
611275,"tag","Tag",16,"no"
611275,"tag","Tag",16,"no"
611275,"tag","Tag",16,"no"
611275,"illustration","SITS",16,"no"
611275,"tag","Tag",16,"no"
611275,"tag","Tag",16,"no"
611275,"illustration","SITS",16,"no"
611275,"tag","Tag",16,"no"
611275,"tag","Tag",16,"no"
611275,"illustration","SITS",16,"no"
611275,"tag","Tag",16,"no"
611275,"illustration","SITS",16,"no"
611275,"tag","Tag",16,"no"
611275,"other","Others",16,"no"
610913,"tag","Tag",16,"no"
610913,"tag","Tag",16,"no"
610913,"illustration","SITS",16,"no"
610913,"tag","Tag",16,"no"
610913,"tag","Tag",16,"no"
610913,"tag","Tag",16,"no"
610913,"other","Others",16,"no"
610913,"tag","Tag",16,"no"
610913,"tag","Tag",16,"no"
141693,"tag","Tag",16,"no"
141693,"tag","Tag",16,"no"
141693,"tag","Tag",16,"no"
141693,"stencil","SITS",16,"no"
141693,"tag","Tag",16,"no"
141693,"tag","Tag",16,"no"
141693,"tag","Tag",16,"no"
141684,"other","Others",16,"no"
141684,"other","Others",16,"no"
141684,"other","Others",16,"no"
141684,"stencil","SITS",16,"no"
141684,"tag","Tag",16,"no"
141684,"other","Others",16,"no"
559420,"tag","Tag",16,"no"
559420,"stencil","SITS",16,"no"
559420,"stencil","SITS",16,"no"
611137,"tag","Tag",16,"yes"
141703,"other","Others",16,"no"
141700,"tag","Tag",16,"no"
141700,"tag","Tag",16,"no"
141700,"tag","Tag",16,"no"
141700,"tag","Tag",16,"no"
141691,"tag","Tag",16,"no"
141691,"other","Others",16,"no"
141691,"tag","Tag",16,"no"
141691,"stencil","SITS",16,"no"
141692,"tag","Tag",16,"no"
610966,"tag","Tag",16,"no"
610966,"tag","Tag",16,"no"
610966,"tag","Tag",16,"no"
610966,"tag","Tag",16,"no"
141680,"tag","Tag",16,"no"
611275,"tag","Tag",16,"no"
611275,"illustration","SITS",16,"no"
610913,"tag","Tag",16,"no"
610913,"other","Others",16,"no"
610913,"tag","Tag",16,"no"
610913,"other","Others",16,"no"
141701,"tag","Tag",16,"yes"
141701,"tag","Tag",16,"no"
141701,"tag","Tag",16,"no"
141701,"tag","Tag",16,"no"
141701,"illustration","SITS",16,"no"
141684,"tag","Tag",16,"no"
141684,"other","Others",16,"no"
141684,"other","Others",16,"no"
141684,"other","Others",16,"no"
559420,"illustration","SITS",16,"no"
141700,"tag","Tag",16,"no"
141700,"tag","Tag",16,"no"
141691,"tag","Tag",16,"no"
141691,"other","Others",16,"no"
141691,"tag","Tag",16,"no"
141692,"other","Others",16,"no"
610966,"other","Others",16,"no"
610966,"other","Others",16,"no"
610966,"other","Others",16,"no"
141701,"illustration","SITS",16,"no"
141701,"tag","Tag",16,"no"
141701,"tag","Tag",16,"no"
141691,"other","Others",16,"no"
141692,"tag","Tag",16,"no"
611275,"tag","Tag",16,"no"
141684,"other","Others",16,"no"
141703,"other","Others",16,"no"
141700,"other","Others",16,"no"
141700,"other","Others",16,"no"
141700,"other","Others",16,"no"
141692,"other","Others",16,"no"
141692,"other","Others",16,"no"
141692,"other","Others",16,"no"
141692,"other","Others",16,"no"
141692,"other","Others",16,"no"
141699,"other","Others",16,"no"
141369,"tag","Tag",18,"no"
141369,"tag","Tag",18,"no"
141369,"masterpiece","Masterpiece",18,"no"
141369,"tag","Tag",18,"no"
141369,"tag","Tag",18,"no"
141369,"tag","Tag",18,"no"
141369,"other","Others",18,"no"
141369,"tag","Tag",18,"no"
141369,"tag","Tag",18,"no"
141369,"other","Others",18,"no"
141369,"masterpiece","Masterpiece",18,"no"
141254,"slogan","SITS",18,"no"
141254,"masterpiece","Masterpiece",18,"no"
141254,"tag","Tag",18,"no"
141254,"masterpiece","Masterpiece",18,"no"
141254,"tag","Tag",18,"no"
141254,"tag","Tag",18,"no"
141254,"other","Others",18,"no"
141431,"masterpiece","Masterpiece",18,"no"
141431,"masterpiece","Masterpiece",18,"no"
141431,"slogan","SITS",18,"no"
141431,"tag","Tag",18,"no"
141431,"other","Others",18,"no"
141209,"masterpiece","Masterpiece",18,"no"
141209,"tag","Tag",18,"no"
141209,"masterpiece","Masterpiece",18,"no"
141209,"other","Others",18,"no"
141209,"tag","Tag",18,"no"
141209,"tag","Tag",18,"no"
611090,"other","Others",18,"no"
610935,"masterpiece","Masterpiece",18,"no"
611066,"masterpiece","Masterpiece",18,"no"
611066,"tag","Tag",18,"no"
141494,"masterpiece","Masterpiece",18,"no"
141389,"other","Others",18,"no"
141389,"tag","Tag",18,"no"
21698,"tag","Tag",18,"no"
21698,"slogan","SITS",18,"no"
21698,"tag","Tag",18,"no"
21698,"masterpiece","Masterpiece",18,"no"
141196,"tag","Tag",18,"yes"
141196,"tag","Tag",18,"no"
141457,"tag","Tag",18,"no"
141457,"stencil","SITS",18,"no"
141369,"masterpiece","Masterpiece",18,"no"
141369,"masterpiece","Masterpiece",18,"no"
141369,"other","Others",18,"no"
141254,"masterpiece","Masterpiece",18,"no"
141254,"masterpiece","Masterpiece",18,"no"
141431,"masterpiece","Masterpiece",18,"no"
141431,"tag","Tag",18,"no"
141431,"tag","Tag",18,"no"
141431,"other","Others",18,"no"
141431,"other","Others",18,"no"
141431,"masterpiece","Masterpiece",18,"no"
141370,"slogan","SITS",18,"no"
141370,"masterpiece","Masterpiece",18,"no"
141370,"tag","Tag",18,"no"
141370,"throw up","SITS",18,"yes"
141370,"throw up","SITS",18,"no"
141370,"tag","Tag",18,"no"
611090,"masterpiece","Masterpiece",18,"no"
611066,"other","Others",18,"no"
141494,"throw up","SITS",18,"no"
141389,"other","Others",18,"no"
21698,"tag","Tag",18,"no"
141196,"tag","Tag",18,"no"
141457,"other","Others",18,"no"
141457,"tag","Tag",18,"no"
141304,"other","Others",18,"no"
141431,"tag","Tag",18,"no"
141431,"masterpiece","Masterpiece",18,"no"
141431,"other","Others",18,"no"
141431,"masterpiece","Masterpiece",18,"no"
141431,"slogan","SITS",18,"no"
141431,"other","Others",18,"yes"
141370,"slogan","SITS",18,"no"
141370,"tag","Tag",18,"yes"
611090,"slogan","SITS",18,"no"
611090,"tag","Tag",18,"no"
141389,"masterpiece","Masterpiece",18,"no"
141251,"slogan","SITS",18,"no"
141251,"slogan","SITS",18,"no"
141457,"illustration","SITS",18,"no"
141254,"other","Others",18,"no"
141431,"illustration","SITS",18,"no"
141370,"illustration","SITS",18,"no"
610935,"masterpiece","Masterpiece",18,"no"
141389,"tag","Tag",18,"no"
21698,"slogan","SITS",18,"yes"
140970,"tag","Tag",20,"no"
140851,"slogan","SITS",20,"no"
140851,"other","Others",20,"no"
140851,"tag","Tag",20,"no"
140851,"tag","Tag",20,"no"
140851,"slogan","SITS",20,"no"
140851,"tag","Tag",20,"no"
140851,"other","Others",20,"no"
140960,"tag","Tag",20,"no"
140980,"other","Others",20,"no"
140980,"other","Others",20,"no"
140980,"illustration","SITS",20,"no"
140980,"slogan","SITS",20,"no"
140980,"other","Others",20,"no"
140980,"tag","Tag",20,"no"
140980,"other","Others",20,"yes"
140980,"other","Others",20,"no"
140980,"other","Others",20,"no"
140980,"other","Others",20,"no"
140980,"other","Others",20,"no"
140980,"tag","Tag",20,"no"
140980,"other","Others",20,"no"
140980,"illustration","SITS",20,"no"
140980,"other","Others",20,"no"
140980,"tag","Tag",20,"no"
140980,"throw up","SITS",20,"no"
140980,"tag","Tag",20,"no"
140980,"other","Others",20,"no"
140980,"tag","Tag",20,"no"
140864,"tag","Tag",20,"no"
140864,"throw up","SITS",20,"no"
141024,"tag","Tag",20,"no"
141024,"other","Others",20,"no"
141024,"tag","Tag",20,"no"
141024,"tag","Tag",20,"no"
141024,"tag","Tag",20,"no"
141024,"tag","Tag",20,"yes"
141024,"other","Others",20,"no"
141024,"tag","Tag",20,"yes"
141024,"slogan","SITS",20,"no"
141024,"illustration","SITS",20,"no"
141024,"tag","Tag",20,"no"
141024,"illustration","SITS",20,"no"
141024,"tag","Tag",20,"no"
141024,"tag","Tag",20,"no"
141024,"tag","Tag",20,"no"
141024,"illustration","SITS",20,"no"
141024,"tag","Tag",20,"no"
141024,"slogan","SITS",20,"no"
141024,"tag","Tag",20,"no"
141024,"other","Others",20,"no"
141024,"tag","Tag",20,"no"
141024,"tag","Tag",20,"no"
141024,"other","Others",20,"no"
141024,"other","Others",20,"no"
141024,"tag","Tag",20,"no"
141024,"illustration","SITS",20,"no"
141024,"other","Others",20,"no"
141024,"tag","Tag",20,"no"
141024,"tag","Tag",20,"no"
141024,"tag","Tag",20,"no"
141024,"other","Others",20,"no"
141024,"other","Others",20,"no"
141024,"other","Others",20,"no"
141000,"other","Others",20,"no"
141000,"other","Others",20,"no"
141000,"other","Others",20,"no"
141000,"tag","Tag",20,"no"
141000,"tag","Tag",20,"no"
141000,"slogan","SITS",20,"no"
141000,"tag","Tag",20,"no"
141000,"other","Others",20,"no"
141000,"throw up","SITS",20,"no"
141000,"slogan","SITS",20,"no"
141000,"other","Others",20,"no"
141000,"tag","Tag",20,"yes"
141000,"tag","Tag",20,"no"
141000,"illustration","SITS",20,"no"
141000,"tag","Tag",20,"no"
141000,"illustration","SITS",20,"no"
141000,"tag","Tag",20,"no"
141000,"illustration","SITS",20,"no"
141000,"tag","Tag",20,"no"
141000,"other","Others",20,"no"
141000,"tag","Tag",20,"yes"
141000,"other","Others",20,"yes"
141000,"other","Others",20,"no"
141000,"other","Others",20,"no"
141000,"other","Others",20,"no"
141000,"tag","Tag",20,"no"
141000,"illustration","SITS",20,"no"
141000,"tag","Tag",20,"no"
141000,"tag","Tag",20,"no"
141000,"tag","Tag",20,"no"
141000,"other","Others",20,"no"
140927,"tag","Tag",20,"no"
140927,"tag","Tag",20,"no"
140927,"tag","Tag",20,"no"
140927,"tag","Tag",20,"no"
140927,"tag","Tag",20,"no"
140927,"tag","Tag",20,"no"
140959,"slogan","SITS",20,"no"
140959,"illustration","SITS",20,"no"
140959,"tag","Tag",20,"no"
140959,"tag","Tag",20,"no"
140959,"tag","Tag",20,"yes"
140959,"tag","Tag",20,"no"
140959,"tag","Tag",20,"no"
140959,"tag","Tag",20,"no"
140959,"tag","Tag",20,"no"
140959,"tag","Tag",20,"no"
140959,"tag","Tag",20,"no"
140959,"tag","Tag",20,"no"
140959,"tag","Tag",20,"no"
140959,"tag","Tag",20,"no"
140959,"tag","Tag",20,"no"
140959,"tag","Tag",20,"no"
140959,"other","Others",20,"no"
140959,"throw up","SITS",20,"no"
140959,"other","Others",20,"no"
140959,"other","Others",20,"no"
140959,"other","Others",20,"no"
140959,"tag","Tag",20,"no"
140959,"tag","Tag",20,"no"
140959,"tag","Tag",20,"no"
140959,"tag","Tag",20,"no"
140959,"throw up","SITS",20,"no"
140959,"throw up","SITS",20,"yes"
140959,"other","Others",20,"no"
140959,"tag","Tag",20,"no"
140959,"tag","Tag",20,"no"
140959,"tag","Tag",20,"no"
140959,"tag","Tag",20,"no"
140959,"tag","Tag",20,"no"
140959,"tag","Tag",20,"no"
140959,"other","Others",20,"yes"
140959,"tag","Tag",20,"no"
140959,"tag","Tag",20,"no"
140959,"tag","Tag",20,"no"
140959,"tag","Tag",20,"no"
140959,"tag","Tag",20,"no"
140959,"tag","Tag",20,"yes"
140959,"tag","Tag",20,"yes"
140959,"tag","Tag",20,"yes"
140959,"other","Others",20,"no"
140959,"illustration","SITS",20,"no"
140959,"tag","Tag",20,"no"
140959,"other","Others",20,"no"
140959,"other","Others",20,"no"
140959,"tag","Tag",20,"no"
140959,"tag","Tag",20,"no"
140851,"other","Others",20,"no"
141000,"tag","Tag",20,"no"
141000,"other","Others",20,"no"
141000,"other","Others",20,"no"
141000,"tag","Tag",20,"no"
141000,"tag","Tag",20,"no"
141000,"tag","Tag",20,"no"
141000,"tag","Tag",20,"no"
141000,"tag","Tag",20,"no"
141000,"other","Others",20,"no"
141000,"tag","Tag",20,"no"
141000,"tag","Tag",20,"no"
141000,"throw up","SITS",20,"no"
141000,"other","Others",20,"no"
141000,"other","Others",20,"no"
140959,"illustration","SITS",20,"no"
140959,"illustration","SITS",20,"no"
140959,"tag","Tag",20,"no"
140959,"tag","Tag",20,"no"
140959,"tag","Tag",20,"no"
140864,"tag","Tag",20,"no"
140853,"tag","Tag",20,"no"
140851,"tag","Tag",20,"yes"
140851,"other","Others",20,"no"
140851,"other","Others",20,"no"
141000,"tag","Tag",20,"no"
140959,"tag","Tag",20,"no"
140959,"slogan","SITS",20,"no"
140970,"tag","Tag",20,"no"
141000,"other","Others",20,"no"
140959,"tag","Tag",20,"no"
140959,"throw up","SITS",20,"no"
358740,"tag","Tag",74,"no"
358740,"tag","Tag",74,"no"
358740,"tag","Tag",74,"no"
358740,"tag","Tag",74,"no"
358740,"tag","Tag",74,"no"
358740,"tag","Tag",74,"no"
358740,"tag","Tag",74,"no"
358740,"tag","Tag",74,"no"
358740,"illustration","SITS",74,"no"
358740,"other","Others",74,"no"
358740,"tag","Tag",74,"no"
359299,"slogan","SITS",74,"no"
359299,"slogan","SITS",74,"no"
359299,"tag","Tag",74,"no"
359299,"tag","Tag",74,"no"
359299,"tag","Tag",74,"no"
359299,"illustration","SITS",74,"no"
359299,"tag","Tag",74,"no"
359299,"tag","Tag",74,"no"
359299,"tag","Tag",74,"no"
359299,"tag","Tag",74,"no"
359299,"tag","Tag",74,"no"
359299,"tag","Tag",74,"no"
359299,"tag","Tag",74,"no"
359299,"tag","Tag",74,"no"
145234,"tag","Tag",74,"no"
145234,"tag","Tag",74,"no"
145234,"tag","Tag",74,"no"
145234,"tag","Tag",74,"no"
145234,"tag","Tag",74,"no"
145234,"tag","Tag",74,"no"
145234,"tag","Tag",74,"no"
145234,"tag","Tag",74,"no"
145411,"illustration","SITS",74,"no"
358805,"tag","Tag",74,"no"
358805,"tag","Tag",74,"no"
358805,"tag","Tag",74,"no"
358805,"tag","Tag",74,"no"
358805,"tag","Tag",74,"no"
358805,"other","Others",74,"no"
145261,"tag","Tag",74,"no"
145261,"tag","Tag",74,"no"
145261,"tag","Tag",74,"no"
145261,"tag","Tag",74,"no"
145261,"tag","Tag",74,"no"
145261,"tag","Tag",74,"no"
145261,"tag","Tag",74,"no"
145261,"tag","Tag",74,"no"
145261,"tag","Tag",74,"no"
145261,"tag","Tag",74,"no"
145261,"tag","Tag",74,"no"
145261,"tag","Tag",74,"no"
145261,"other","Others",74,"no"
145261,"tag","Tag",74,"no"
145424,"tag","Tag",74,"no"
145424,"tag","Tag",74,"no"
145424,"tag","Tag",74,"no"
145424,"tag","Tag",74,"no"
145424,"tag","Tag",74,"no"
145424,"tag","Tag",74,"no"
21591,"tag","Tag",74,"no"
21591,"tag","Tag",74,"no"
21591,"tag","Tag",74,"no"
21591,"tag","Tag",74,"no"
530180,"tag","Tag",74,"no"
530180,"tag","Tag",74,"no"
530180,"tag","Tag",74,"no"
530180,"tag","Tag",74,"no"
140656,"tag","Tag",74,"no"
140658,"tag","Tag",74,"no"
140658,"tag","Tag",74,"no"
140658,"tag","Tag",74,"no"
140658,"tag","Tag",74,"no"
140660,"other","Others",74,"no"
140660,"tag","Tag",74,"no"
140660,"masterpiece","Masterpiece",74,"no"
140660,"tag","Tag",74,"no"
140660,"tag","Tag",74,"no"
33874,"tag","Tag",179,"no"
33874,"tag","Tag",179,"no"
33874,"tag","Tag",179,"no"
33874,"tag","Tag",179,"no"
33874,"tag","Tag",179,"no"
33874,"tag","Tag",179,"no"
33874,"tag","Tag",179,"no"
33874,"tag","Tag",179,"no"
33874,"tag","Tag",179,"no"
33874,"tag","Tag",179,"no"
33874,"tag","Tag",179,"no"
33874,"tag","Tag",179,"no"
33874,"tag","Tag",179,"no"
33874,"illustration","SITS",179,"no"
33874,"tag","Tag",179,"no"
33874,"tag","Tag",179,"no"
33874,"illustration","SITS",179,"no"
33874,"tag","Tag",179,"no"
33874,"tag","Tag",179,"no"
33915,"tag","Tag",179,"no"
33915,"tag","Tag",179,"no"
33915,"tag","Tag",179,"no"
33915,"tag","Tag",179,"no"
3858,"tag","Tag",179,"no"
33888,"tag","Tag",179,"no"
33888,"tag","Tag",179,"no"
33876,"tag","Tag",179,"yes"
33876,"tag","Tag",179,"yes"
33876,"tag","Tag",179,"no"
33876,"tag","Tag",179,"no"
33876,"tag","Tag",179,"no"
33876,"tag","Tag",179,"no"
33876,"tag","Tag",179,"no"
33876,"tag","Tag",179,"no"
33876,"stencil","SITS",179,"no"
33901,"illustration","SITS",179,"no"
33901,"tag","Tag",179,"no"
33901,"tag","Tag",179,"no"
33901,"tag","Tag",179,"no"
33901,"tag","Tag",179,"no"
33901,"other","Others",179,"no"
33901,"other","Others",179,"no"
33901,"tag","Tag",179,"no"
33901,"tag","Tag",179,"no"
33901,"tag","Tag",179,"no"
33901,"tag","Tag",179,"no"
33901,"tag","Tag",179,"no"
33901,"tag","Tag",179,"no"
33901,"tag","Tag",179,"no"
33901,"tag","Tag",179,"yes"
33901,"tag","Tag",179,"no"
33861,"other","Others",179,"no"
33861,"other","Others",179,"no"
33861,"tag","Tag",179,"no"
530250,"tag","Tag",179,"no"
530250,"other","Others",179,"no"
530250,"illustration","SITS",179,"no"
530250,"tag","Tag",179,"no"
530250,"tag","Tag",179,"no"
530250,"tag","Tag",179,"no"
530250,"tag","Tag",179,"no"
530250,"other","Others",179,"no"
530250,"tag","Tag",179,"no"
530250,"tag","Tag",179,"no"
530250,"tag","Tag",179,"no"
530250,"tag","Tag",179,"no"
530250,"tag","Tag",179,"no"
530250,"tag","Tag",179,"no"
530250,"stencil","SITS",179,"no"
530250,"tag","Tag",179,"no"
530250,"tag","Tag",179,"no"
530250,"tag","Tag",179,"no"
530250,"tag","Tag",179,"no"
530250,"tag","Tag",179,"no"
530250,"tag","Tag",179,"no"
530250,"tag","Tag",179,"no"
530250,"tag","Tag",179,"no"
530250,"tag","Tag",179,"no"
530250,"tag","Tag",179,"no"
530250,"other","Others",179,"no"
530250,"tag","Tag",179,"no"
530250,"tag","Tag",179,"no"
530250,"tag","Tag",179,"no"
530250,"tag","Tag",179,"no"
530250,"tag","Tag",179,"no"
530250,"tag","Tag",179,"no"
530250,"tag","Tag",179,"no"
530250,"tag","Tag",179,"no"
530250,"tag","Tag",179,"no"
530250,"tag","Tag",179,"no"
530250,"tag","Tag",179,"no"
530250,"tag","Tag",179,"no"
530250,"other","Others",179,"no"
530250,"tag","Tag",179,"no"
530250,"tag","Tag",179,"no"
530250,"tag","Tag",179,"no"
530250,"tag","Tag",179,"no"
530250,"tag","Tag",179,"no"
267115,"tag","Tag",179,"no"
267115,"tag","Tag",179,"no"
267115,"other","Others",179,"no"
267115,"tag","Tag",179,"no"
267115,"tag","Tag",179,"no"
267115,"tag","Tag",179,"no"
267115,"tag","Tag",179,"no"
267115,"tag","Tag",179,"no"
267115,"tag","Tag",179,"no"
142154,"tag","Tag",179,"no"
142037,"tag","Tag",179,"no"
33874,"tag","Tag",179,"no"
33874,"tag","Tag",179,"no"
142037,"tag","Tag",179,"no"
142037,"tag","Tag",179,"no"
33915,"tag","Tag",179,"no"
33915,"tag","Tag",179,"no"
33915,"tag","Tag",179,"no"
33888,"tag","Tag",179,"no"
33888,"tag","Tag",179,"no"
33888,"tag","Tag",179,"no"
33888,"tag","Tag",179,"no"
33888,"illustration","SITS",179,"no"
33877,"other","Others",179,"no"
33876,"tag","Tag",179,"no"
33876,"tag","Tag",179,"no"
33861,"tag","Tag",179,"no"
33861,"tag","Tag",179,"no"
530250,"tag","Tag",179,"no"
530250,"tag","Tag",179,"no"
530250,"tag","Tag",179,"no"
530250,"tag","Tag",179,"no"
530250,"illustration","SITS",179,"no"
530250,"tag","Tag",179,"no"
530250,"tag","Tag",179,"no"
530250,"tag","Tag",179,"no"
142154,"tag","Tag",179,"no"
142037,"tag","Tag",179,"no"
33876,"tag","Tag",179,"no"
33861,"other","Others",179,"no"
530250,"tag","Tag",179,"no"
142037,"tag","Tag",179,"no"
142037,"tag","Tag",179,"no"
33888,"stencil","SITS",179,"no"
33915,"tag","Tag",179,"no"
33901,"other","Others",179,"no"
33915,"tag","Tag",179,"no"
33877,"tag","Tag",179,"no"
33877,"tag","Tag",179,"no"
530250,"illustration","SITS",179,"no"
145536,"tag","Tag",123,"no"
145299,"tag","Tag",123,"no"
610614,"stencil","SITS",123,"no"
610614,"tag","Tag",123,"yes"
610614,"tag","Tag",123,"no"
610614,"tag","Tag",123,"no"
610614,"tag","Tag",123,"no"
610614,"tag","Tag",123,"no"
610614,"tag","Tag",123,"no"
610614,"tag","Tag",123,"no"
610614,"tag","Tag",123,"no"
610614,"tag","Tag",123,"no"
145276,"tag","Tag",123,"no"
145276,"tag","Tag",123,"no"
145276,"tag","Tag",123,"no"
145276,"tag","Tag",123,"no"
455479,"tag","Tag",123,"no"
455479,"tag","Tag",123,"no"
455479,"tag","Tag",123,"no"
145459,"tag","Tag",123,"no"
145459,"tag","Tag",123,"no"
145459,"tag","Tag",123,"no"
145299,"tag","Tag",123,"no"
610614,"slogan","SITS",123,"no"
145459,"tag","Tag",123,"no"
141131,"tag","Tag",24,"no"
141054,"tag","Tag",24,"no"
141077,"tag","Tag",24,"no"
140879,"tag","Tag",24,"no"
140846,"tag","Tag",24,"no"
140846,"tag","Tag",24,"no"
611026,"tag","Tag",211,"no"
611026,"tag","Tag",211,"no"
611026,"other","Others",211,"no"
611026,"tag","Tag",211,"no"
611026,"tag","Tag",211,"yes"
611026,"tag","Tag",211,"no"
611026,"other","Others",211,"no"
611026,"other","Others",211,"no"
611026,"tag","Tag",211,"no"
627888,"tag","Tag",211,"no"
627888,"tag","Tag",211,"no"
141472,"tag","Tag",211,"no"
141434,"other","Others",211,"no"
358762,"tag","Tag",211,"no"
358762,"other","Others",211,"no"
358762,"other","Others",211,"no"
358762,"tag","Tag",211,"no"
358762,"tag","Tag",211,"no"
358762,"tag","Tag",211,"no"
358762,"tag","Tag",211,"no"
358762,"tag","Tag",211,"no"
358762,"tag","Tag",211,"no"
559470,"tag","Tag",211,"no"
559470,"illustration","SITS",211,"no"
559470,"tag","Tag",211,"no"
559470,"other","Others",211,"no"
559470,"other","Others",211,"no"
141454,"other","Others",211,"no"
141454,"other","Others",211,"no"
141454,"other","Others",211,"no"
141454,"other","Others",211,"no"
611102,"other","Others",211,"no"
611102,"other","Others",211,"no"
611102,"illustration","SITS",211,"no"
611102,"other","Others",211,"no"
141426,"other","Others",211,"no"
141426,"illustration","SITS",211,"no"
141426,"other","Others",211,"no"
611277,"tag","Tag",211,"no"
611277,"tag","Tag",211,"no"
611277,"tag","Tag",211,"no"
611277,"other","Others",211,"no"
611277,"other","Others",211,"no"
611277,"other","Others",211,"no"
611277,"illustration","SITS",211,"no"
611277,"illustration","SITS",211,"no"
611277,"other","Others",211,"no"
611277,"other","Others",211,"no"
611277,"other","Others",211,"no"
611277,"other","Others",211,"no"
611277,"other","Others",211,"no"
611277,"other","Others",211,"no"
611277,"other","Others",211,"no"
611277,"other","Others",211,"no"
611277,"other","Others",211,"no"
610948,"tag","Tag",211,"no"
610948,"tag","Tag",211,"no"
610948,"tag","Tag",211,"no"
610948,"tag","Tag",211,"no"
610948,"tag","Tag",211,"no"
610948,"other","Others",211,"no"
610948,"illustration","SITS",211,"no"
610948,"other","Others",211,"no"
610948,"other","Others",211,"no"
610948,"illustration","SITS",211,"no"
610948,"other","Others",211,"no"
141454,"other","Others",211,"no"
141454,"other","Others",211,"no"
141454,"other","Others",211,"no"
141454,"other","Others",211,"no"
141454,"other","Others",211,"no"
141454,"illustration","SITS",211,"no"
141454,"other","Others",211,"no"
141454,"other","Others",211,"no"
611102,"other","Others",211,"no"
141426,"other","Others",211,"no"
141426,"other","Others",211,"no"
141426,"illustration","SITS",211,"no"
141426,"other","Others",211,"no"
141426,"other","Others",211,"no"
141426,"other","Others",211,"no"
141426,"other","Others",211,"no"
141426,"other","Others",211,"no"
611277,"other","Others",211,"no"
611277,"other","Others",211,"no"
611277,"other","Others",211,"no"
611277,"other","Others",211,"no"
611277,"other","Others",211,"no"
611277,"other","Others",211,"no"
559470,"other","Others",211,"no"
559470,"other","Others",211,"no"
559470,"other","Others",211,"no"
559470,"other","Others",211,"no"
559470,"other","Others",211,"no"
559470,"other","Others",211,"no"
559470,"other","Others",211,"no"
559470,"illustration","SITS",211,"no"
559470,"other","Others",211,"no"
559470,"other","Others",211,"no"
610948,"tag","Tag",211,"no"
610948,"tag","Tag",211,"no"
610948,"other","Others",211,"no"
610948,"illustration","SITS",211,"no"
610948,"other","Others",211,"no"
610948,"other","Others",211,"no"
610948,"other","Others",211,"no"
610948,"other","Others",211,"no"
141434,"other","Others",211,"no"
141472,"other","Others",211,"no"
141472,"other","Others",211,"no"
358762,"other","Others",211,"no"
358762,"other","Others",211,"no"
358762,"other","Others",211,"no"
611026,"other","Others",211,"no"
611026,"other","Others",211,"no"
611026,"tag","Tag",211,"no"
611026,"tag","Tag",211,"no"
611026,"illustration","SITS",211,"no"
611026,"illustration","SITS",211,"no"
611026,"other","Others",211,"no"
611026,"other","Others",211,"no"
611026,"other","Others",211,"no"
611026,"tag","Tag",211,"no"
611026,"other","Others",211,"no"
141454,"other","Others",211,"no"
141454,"other","Others",211,"no"
141454,"other","Others",211,"no"
141454,"other","Others",211,"no"
611102,"other","Others",211,"no"
141426,"other","Others",211,"no"
141426,"illustration","SITS",211,"no"
141426,"other","Others",211,"no"
611277,"tag","Tag",211,"no"
611277,"other","Others",211,"no"
611277,"other","Others",211,"no"
559470,"other","Others",211,"no"
610948,"other","Others",211,"no"
610948,"other","Others",211,"no"
610948,"other","Others",211,"no"
610948,"other","Others",211,"no"
610948,"other","Others",211,"no"
141434,"other","Others",211,"no"
141434,"other","Others",211,"no"
358762,"other","Others",211,"no"
358762,"other","Others",211,"no"
358762,"other","Others",211,"no"
358762,"other","Others",211,"no"
358762,"other","Others",211,"no"
358762,"other","Others",211,"no"
611026,"other","Others",211,"no"
611026,"other","Others",211,"no"
611026,"other","Others",211,"no"
141454,"other","Others",211,"no"
611277,"other","Others",211,"no"
610948,"other","Others",211,"no"
610948,"other","Others",211,"no"
141434,"other","Others",211,"no"
611026,"other","Others",211,"no"
611026,"other","Others",211,"no"
611026,"other","Others",211,"no"
611026,"other","Others",211,"no"
559356,"tag","Tag",98,"no"
559356,"tag","Tag",98,"no"
559356,"tag","Tag",98,"no"
559356,"illustration","SITS",98,"no"
143709,"illustration","SITS",98,"no"
143709,"tag","Tag",98,"no"
143709,"tag","Tag",98,"no"
143709,"tag","Tag",98,"no"
143709,"tag","Tag",98,"no"
143709,"tag","Tag",98,"no"
143709,"tag","Tag",98,"no"
143709,"tag","Tag",98,"no"
141331,"tag","Tag",98,"no"
141293,"tag","Tag",98,"no"
141293,"illustration","SITS",98,"no"
141293,"tag","Tag",98,"no"
141293,"tag","Tag",98,"no"
141293,"tag","Tag",98,"no"
141293,"slogan","SITS",98,"no"
141293,"tag","Tag",98,"no"
141293,"tag","Tag",98,"no"
141293,"other","Others",98,"no"
141446,"other","Others",98,"no"
141446,"tag","Tag",98,"no"
141446,"other","Others",98,"no"
141446,"tag","Tag",98,"no"
611085,"illustration","SITS",32,"no"
141357,"other","Others",33,"no"
141275,"illustration","SITS",33,"no"
21700,"tag","Tag",33,"no"
21700,"tag","Tag",33,"no"
141194,"other","Others",33,"no"
141275,"illustration","SITS",33,"no"
21700,"tag","Tag",33,"no"
21700,"stencil","SITS",33,"no"
141305,"other","Others",32,"no"
145187,"tag","Tag",34,"no"
145187,"tag","Tag",34,"no"
610709,"tag","Tag",34,"no"
610709,"other","Others",34,"yes"
610709,"tag","Tag",34,"no"
610709,"tag","Tag",34,"no"
610709,"tag","Tag",34,"no"
610709,"tag","Tag",34,"no"
610709,"other","Others",34,"no"
610709,"tag","Tag",34,"no"
610709,"tag","Tag",34,"no"
610709,"tag","Tag",34,"no"
610709,"tag","Tag",34,"no"
610709,"stencil","SITS",34,"no"
145542,"tag","Tag",34,"no"
145542,"tag","Tag",34,"no"
145542,"tag","Tag",34,"no"
145542,"tag","Tag",34,"no"
145542,"tag","Tag",34,"yes"
145542,"tag","Tag",34,"yes"
145542,"other","Others",34,"no"
145542,"tag","Tag",34,"yes"
145542,"tag","Tag",34,"yes"
145542,"tag","Tag",34,"no"
145542,"tag","Tag",34,"no"
145542,"tag","Tag",34,"no"
145542,"tag","Tag",34,"no"
145542,"other","Others",34,"no"
145542,"tag","Tag",34,"no"
145542,"stencil","SITS",34,"no"
145542,"tag","Tag",34,"no"
455518,"tag","Tag",34,"no"
455518,"tag","Tag",34,"no"
455518,"tag","Tag",34,"no"
455518,"tag","Tag",34,"no"
455518,"tag","Tag",34,"no"
455518,"tag","Tag",34,"no"
455518,"tag","Tag",34,"no"
455518,"tag","Tag",34,"no"
455518,"tag","Tag",34,"no"
455518,"tag","Tag",34,"no"
455518,"tag","Tag",34,"no"
455518,"tag","Tag",34,"yes"
455518,"other","Others",34,"yes"
455518,"tag","Tag",34,"no"
455518,"tag","Tag",34,"no"
455518,"tag","Tag",34,"no"
455518,"tag","Tag",34,"no"
455518,"tag","Tag",34,"no"
455518,"tag","Tag",34,"no"
455518,"tag","Tag",34,"no"
3997,"tag","Tag",34,"no"
3997,"tag","Tag",34,"no"
3997,"tag","Tag",34,"no"
3997,"other","Others",34,"no"
3997,"other","Others",34,"no"
3997,"tag","Tag",34,"no"
3997,"tag","Tag",34,"yes"
3997,"other","Others",34,"yes"
3997,"tag","Tag",34,"no"
3997,"tag","Tag",34,"yes"
3997,"tag","Tag",34,"no"
3997,"tag","Tag",34,"yes"
3984,"tag","Tag",34,"no"
3984,"tag","Tag",34,"no"
3984,"tag","Tag",34,"no"
3984,"tag","Tag",34,"no"
3984,"tag","Tag",34,"no"
3984,"tag","Tag",34,"no"
3984,"tag","Tag",34,"no"
610700,"tag","Tag",34,"no"
610700,"tag","Tag",34,"no"
610700,"tag","Tag",34,"yes"
140691,"tag","Tag",34,"no"
530389,"tag","Tag",34,"no"
530389,"tag","Tag",34,"no"
530389,"tag","Tag",34,"no"
530389,"tag","Tag",34,"no"
530389,"stencil","SITS",34,"no"
530389,"tag","Tag",34,"no"
530389,"throw up","SITS",34,"no"
530389,"tag","Tag",34,"no"
530389,"tag","Tag",34,"no"
530389,"tag","Tag",34,"no"
530389,"throw up","SITS",34,"no"
530389,"stencil","SITS",34,"no"
530389,"tag","Tag",34,"no"
530389,"throw up","SITS",34,"no"
530389,"tag","Tag",34,"no"
530389,"tag","Tag",34,"no"
530389,"tag","Tag",34,"no"
530389,"tag","Tag",34,"no"
530389,"tag","Tag",34,"no"
530389,"tag","Tag",34,"no"
530389,"tag","Tag",34,"no"
530389,"tag","Tag",34,"no"
530389,"other","Others",34,"yes"
530389,"tag","Tag",34,"no"
530389,"tag","Tag",34,"no"
145306,"illustration","SITS",34,"no"
145306,"illustration","SITS",34,"yes"
145306,"other","Others",34,"no"
145306,"other","Others",34,"yes"
145306,"tag","Tag",34,"no"
145306,"tag","Tag",34,"no"
145306,"illustration","SITS",34,"no"
145306,"tag","Tag",34,"no"
610628,"tag","Tag",34,"no"
610628,"other","Others",34,"no"
610628,"other","Others",34,"no"
3985,"illustration","SITS",34,"no"
140505,"tag","Tag",34,"no"
140505,"illustration","SITS",34,"no"
559447,"tag","Tag",34,"yes"
559447,"other","Others",34,"no"
141377,"tag","Tag",1,"no"
141377,"tag","Tag",1,"no"
141377,"masterpiece","Masterpiece",1,"no"
627582,"tag","Tag",1,"no"
627582,"tag","Tag",1,"no"
627582,"tag","Tag",1,"no"
610989,"tag","Tag",1,"no"
611281,"tag","Tag",1,"no"
611281,"tag","Tag",1,"no"
611281,"tag","Tag",1,"no"
611010,"tag","Tag",1,"no"
611010,"tag","Tag",1,"no"
611010,"tag","Tag",1,"no"
611010,"tag","Tag",1,"no"
610989,"tag","Tag",1,"no"
610989,"tag","Tag",1,"no"
610989,"tag","Tag",1,"no"
611010,"tag","Tag",1,"no"
141377,"tag","Tag",1,"no"
611072,"slogan","SITS",1,"no"
611281,"tag","Tag",1,"no"
33869,"tag","Tag",35,"no"
33869,"tag","Tag",35,"no"
33869,"tag","Tag",35,"no"
33869,"slogan","SITS",35,"no"
33869,"tag","Tag",35,"no"
33869,"other","Others",35,"no"
33869,"other","Others",35,"no"
34673,"tag","Tag",35,"no"
34673,"other","Others",35,"no"
34673,"tag","Tag",35,"no"
34673,"throw up","SITS",35,"no"
34673,"tag","Tag",35,"no"
34673,"tag","Tag",35,"no"
34673,"other","Others",35,"no"
34673,"illustration","SITS",35,"no"
34673,"tag","Tag",35,"no"
34673,"tag","Tag",35,"no"
34673,"tag","Tag",35,"no"
34673,"tag","Tag",35,"no"
34673,"tag","Tag",35,"no"
34673,"other","Others",35,"no"
34673,"tag","Tag",35,"no"
34673,"tag","Tag",35,"no"
34673,"tag","Tag",35,"no"
34673,"tag","Tag",35,"no"
34673,"tag","Tag",35,"no"
34673,"tag","Tag",35,"no"
34673,"tag","Tag",35,"no"
34673,"illustration","SITS",35,"no"
34673,"stencil","SITS",35,"no"
34673,"stencil","SITS",35,"no"
3912,"tag","Tag",35,"no"
3912,"tag","Tag",35,"no"
3949,"tag","Tag",35,"no"
3938,"tag","Tag",35,"no"
3842,"other","Others",35,"no"
3842,"tag","Tag",35,"no"
3842,"tag","Tag",35,"no"
3842,"tag","Tag",35,"no"
4013,"tag","Tag",35,"no"
265649,"tag","Tag",35,"no"
265649,"tag","Tag",35,"no"
265649,"tag","Tag",35,"no"
265649,"tag","Tag",35,"no"
34820,"tag","Tag",35,"no"
34820,"other","Others",35,"no"
34820,"tag","Tag",35,"no"
34820,"other","Others",35,"no"
34820,"tag","Tag",35,"no"
265668,"tag","Tag",35,"no"
265668,"tag","Tag",35,"no"
265668,"tag","Tag",35,"no"
265668,"tag","Tag",35,"no"
265668,"other","Others",35,"no"
265668,"other","Others",35,"no"
532,"tag","Tag",35,"no"
532,"other","Others",35,"no"
532,"other","Others",35,"no"
145419,"other","Others",35,"no"
33869,"tag","Tag",35,"no"
33869,"tag","Tag",35,"no"
265649,"tag","Tag",35,"no"
532,"tag","Tag",35,"no"
145419,"other","Others",35,"no"
34673,"tag","Tag",35,"no"
34673,"tag","Tag",35,"no"
3842,"other","Others",35,"no"
358732,"tag","Tag",35,"no"
358732,"tag","Tag",35,"no"
358732,"tag","Tag",35,"no"
532,"other","Others",35,"no"
532,"other","Others",35,"no"
145248,"other","Others",35,"no"
145419,"tag","Tag",35,"no"
140611,"tag","Tag",208,"no"
140611,"other","Others",208,"no"
140611,"throw up","SITS",208,"no"
140611,"tag","Tag",208,"no"
140611,"throw up","SITS",208,"no"
140611,"tag","Tag",208,"no"
140611,"other","Others",208,"no"
140611,"tag","Tag",208,"no"
140611,"tag","Tag",208,"no"
140611,"tag","Tag",208,"no"
140611,"other","Others",208,"no"
140611,"tag","Tag",208,"no"
140611,"slogan","SITS",208,"no"
140611,"tag","Tag",208,"no"
140611,"tag","Tag",208,"no"
140611,"tag","Tag",208,"no"
140611,"tag","Tag",208,"no"
140611,"tag","Tag",208,"no"
140611,"tag","Tag",208,"no"
140611,"other","Others",208,"no"
610668,"tag","Tag",36,"no"
610668,"tag","Tag",36,"yes"
610668,"tag","Tag",36,"no"
610668,"tag","Tag",36,"no"
610668,"tag","Tag",36,"no"
610668,"tag","Tag",36,"no"
610668,"tag","Tag",36,"no"
610668,"tag","Tag",36,"no"
610668,"tag","Tag",36,"no"
610668,"tag","Tag",36,"no"
610668,"tag","Tag",36,"no"
610668,"tag","Tag",36,"no"
610668,"throw up","SITS",36,"no"
610668,"tag","Tag",36,"no"
610668,"stencil","SITS",36,"no"
610668,"tag","Tag",36,"no"
610668,"tag","Tag",36,"no"
610668,"throw up","SITS",36,"no"
610668,"tag","Tag",36,"no"
610668,"tag","Tag",36,"yes"
610668,"tag","Tag",36,"yes"
610668,"tag","Tag",36,"yes"
610668,"tag","Tag",36,"yes"
610668,"tag","Tag",36,"yes"
610668,"tag","Tag",36,"no"
610668,"tag","Tag",36,"no"
610668,"throw up","SITS",36,"no"
610668,"tag","Tag",36,"no"
610668,"tag","Tag",36,"yes"
610668,"tag","Tag",36,"yes"
610668,"tag","Tag",36,"no"
610668,"tag","Tag",36,"yes"
610668,"tag","Tag",36,"yes"
610668,"tag","Tag",36,"no"
610668,"tag","Tag",36,"yes"
610668,"tag","Tag",36,"no"
610668,"tag","Tag",36,"no"
610668,"tag","Tag",36,"yes"
610668,"tag","Tag",36,"no"
610668,"tag","Tag",36,"yes"
610668,"tag","Tag",36,"no"
610668,"throw up","SITS",36,"no"
610668,"tag","Tag",36,"no"
610668,"illustration","SITS",36,"no"
610668,"tag","Tag",36,"no"
610668,"tag","Tag",36,"no"
610668,"tag","Tag",36,"no"
610668,"tag","Tag",36,"no"
610668,"tag","Tag",36,"no"
610668,"tag","Tag",36,"no"
610668,"throw up","SITS",36,"no"
610668,"tag","Tag",36,"no"
610668,"tag","Tag",36,"no"
610668,"throw up","SITS",36,"no"
610668,"tag","Tag",36,"no"
610668,"tag","Tag",36,"no"
610668,"tag","Tag",36,"yes"
610668,"tag","Tag",36,"yes"
610668,"tag","Tag",36,"no"
610668,"tag","Tag",36,"no"
610668,"tag","Tag",36,"yes"
610668,"tag","Tag",36,"no"
610668,"tag","Tag",36,"yes"
610668,"throw up","SITS",36,"no"
610668,"tag","Tag",36,"no"
610668,"stencil","SITS",36,"no"
610668,"tag","Tag",36,"no"
610668,"tag","Tag",36,"no"
610668,"tag","Tag",36,"no"
610668,"tag","Tag",36,"no"
610668,"tag","Tag",36,"no"
610668,"tag","Tag",36,"no"
610668,"tag","Tag",36,"no"
610668,"tag","Tag",36,"no"
610668,"tag","Tag",36,"no"
610668,"tag","Tag",36,"no"
610668,"tag","Tag",36,"no"
610668,"tag","Tag",36,"no"
610668,"tag","Tag",36,"no"
610668,"tag","Tag",36,"no"
610668,"tag","Tag",36,"no"
610668,"tag","Tag",36,"no"
610668,"tag","Tag",36,"no"
610668,"tag","Tag",36,"no"
610668,"throw up","SITS",36,"no"
610668,"tag","Tag",36,"no"
610668,"tag","Tag",36,"no"
610668,"tag","Tag",36,"no"
610668,"tag","Tag",36,"no"
610668,"masterpiece","Masterpiece",36,"no"
610668,"throw up","SITS",36,"no"
610668,"tag","Tag",36,"no"
610668,"tag","Tag",36,"no"
610668,"tag","Tag",36,"no"
610668,"illustration","SITS",36,"no"
610668,"illustration","SITS",36,"no"
610668,"tag","Tag",36,"no"
610668,"other","Others",36,"no"
610668,"throw up","SITS",36,"no"
610668,"tag","Tag",36,"no"
610668,"tag","Tag",36,"no"
610668,"tag","Tag",36,"no"
610668,"illustration","SITS",36,"no"
610668,"tag","Tag",36,"no"
610668,"tag","Tag",36,"yes"
610668,"tag","Tag",36,"yes"
610668,"illustration","SITS",36,"no"
610668,"tag","Tag",36,"no"
610668,"tag","Tag",36,"no"
610668,"tag","Tag",36,"no"
610668,"tag","Tag",36,"no"
610668,"tag","Tag",36,"no"
145797,"other","Others",36,"no"
145797,"tag","Tag",36,"no"
145785,"tag","Tag",36,"no"
145785,"other","Others",36,"no"
145785,"tag","Tag",36,"no"
145785,"stencil","SITS",36,"no"
145745,"throw up","SITS",36,"no"
145745,"other","Others",36,"no"
145734,"tag","Tag",36,"no"
145734,"tag","Tag",36,"no"
145734,"tag","Tag",36,"no"
145734,"tag","Tag",36,"no"
145572,"illustration","SITS",36,"no"
145572,"tag","Tag",36,"no"
145572,"tag","Tag",36,"no"
145743,"tag","Tag",36,"no"
145797,"tag","Tag",36,"no"
145797,"tag","Tag",36,"no"
145788,"tag","Tag",36,"no"
610668,"tag","Tag",36,"no"
610668,"tag","Tag",36,"no"
610668,"tag","Tag",36,"no"
610668,"tag","Tag",36,"no"
610668,"tag","Tag",36,"no"
610668,"tag","Tag",36,"no"
610668,"tag","Tag",36,"no"
145572,"tag","Tag",36,"no"
610668,"tag","Tag",36,"no"
610668,"tag","Tag",36,"no"
145745,"other","Others",36,"no"
610668,"tag","Tag",36,"no"
610668,"tag","Tag",36,"no"
610668,"tag","Tag",36,"no"
610668,"tag","Tag",36,"no"
610668,"tag","Tag",36,"no"
610668,"tag","Tag",36,"no"
610668,"tag","Tag",36,"no"
610668,"other","Others",36,"no"
610668,"tag","Tag",36,"no"
610668,"tag","Tag",36,"no"
610668,"tag","Tag",36,"no"
610668,"tag","Tag",36,"no"
610668,"tag","Tag",36,"no"
610668,"tag","Tag",36,"no"
610668,"tag","Tag",36,"no"
530462,"tag","Tag",37,"no"
530462,"other","Others",37,"no"
530378,"other","Others",37,"no"
141653,"tag","Tag",37,"no"
141653,"tag","Tag",37,"no"
141653,"illustration","SITS",37,"no"
141653,"tag","Tag",37,"no"
141653,"tag","Tag",37,"yes"
611028,"tag","Tag",37,"no"
611028,"tag","Tag",37,"no"
611028,"throw up","SITS",37,"no"
611028,"tag","Tag",37,"no"
610976,"tag","Tag",37,"no"
610976,"tag","Tag",37,"no"
611184,"other","Others",37,"no"
611184,"tag","Tag",37,"no"
611184,"tag","Tag",37,"no"
611184,"tag","Tag",37,"no"
611184,"tag","Tag",37,"no"
611184,"tag","Tag",37,"no"
611184,"tag","Tag",37,"no"
141652,"tag","Tag",37,"no"
610976,"tag","Tag",37,"no"
141467,"other","Others",37,"yes"
611184,"illustration","SITS",37,"no"
141467,"other","Others",37,"no"
611184,"other","Others",37,"no"
611184,"other","Others",37,"no"
611184,"other","Others",37,"no"
611184,"other","Others",37,"no"
141640,"other","Others",37,"no"
141640,"other","Others",37,"no"
611184,"tag","Tag",37,"no"
530462,"tag","Tag",37,"no"
530378,"tag","Tag",37,"no"
141652,"other","Others",37,"no"
611184,"other","Others",37,"no"
611184,"other","Others",37,"no"
610696,"tag","Tag",144,"no"
610696,"tag","Tag",144,"no"
145597,"tag","Tag",144,"no"
610624,"other","Others",144,"no"
610624,"other","Others",144,"no"
610624,"other","Others",144,"no"
610640,"other","Others",144,"no"
610640,"tag","Tag",144,"no"
610690,"other","Others",144,"no"
610690,"other","Others",144,"no"
610690,"other","Others",144,"no"
610696,"other","Others",144,"no"
610696,"other","Others",144,"no"
610696,"tag","Tag",144,"no"
145787,"illustration","SITS",144,"no"
145787,"other","Others",144,"no"
145787,"other","Others",144,"no"
145787,"other","Others",144,"no"
145787,"other","Others",144,"no"
145787,"tag","Tag",144,"no"
145598,"other","Others",144,"no"
145598,"other","Others",144,"no"
145598,"other","Others",144,"no"
145598,"other","Others",144,"no"
145598,"other","Others",144,"no"
145791,"other","Others",144,"no"
610690,"other","Others",144,"no"
610696,"other","Others",144,"no"
145598,"other","Others",144,"no"
610640,"other","Others",144,"no"
145787,"other","Others",144,"no"
145787,"other","Others",144,"no"
145598,"other","Others",144,"no"
140944,"tag","Tag",9,"no"
140944,"tag","Tag",9,"no"
140944,"illustration","SITS",9,"no"
140898,"tag","Tag",9,"no"
140898,"tag","Tag",9,"no"
140898,"stencil","SITS",9,"no"
140898,"stencil","SITS",9,"no"
140898,"tag","Tag",9,"no"
140898,"tag","Tag",9,"no"
140898,"tag","Tag",9,"no"
140898,"tag","Tag",9,"no"
140898,"tag","Tag",9,"no"
140898,"tag","Tag",9,"no"
141098,"tag","Tag",9,"no"
141098,"tag","Tag",9,"no"
141098,"tag","Tag",9,"no"
141098,"tag","Tag",9,"no"
141098,"tag","Tag",9,"no"
141098,"tag","Tag",9,"no"
141098,"tag","Tag",9,"no"
141098,"tag","Tag",9,"no"
141130,"illustration","SITS",9,"no"
141130,"tag","Tag",9,"no"
141130,"tag","Tag",9,"no"
141130,"tag","Tag",9,"no"
141130,"tag","Tag",9,"no"
141130,"tag","Tag",9,"no"
140983,"tag","Tag",9,"no"
140983,"tag","Tag",9,"no"
141098,"tag","Tag",9,"no"
141449,"tag","Tag",15,"no"
141449,"tag","Tag",15,"no"
141414,"slogan","SITS",15,"no"
141414,"tag","Tag",15,"no"
141789,"tag","Tag",15,"no"
141789,"tag","Tag",15,"no"
141184,"tag","Tag",155,"no"
141184,"other","Others",155,"no"
141167,"tag","Tag",155,"no"
141167,"tag","Tag",155,"no"
141167,"tag","Tag",155,"no"
141380,"tag","Tag",155,"no"
141380,"tag","Tag",155,"no"
141222,"tag","Tag",155,"no"
141422,"tag","Tag",155,"no"
141422,"tag","Tag",155,"no"
141468,"tag","Tag",155,"no"
141604,"tag","Tag",155,"no"
141604,"tag","Tag",155,"no"
141604,"tag","Tag",155,"no"
141604,"tag","Tag",155,"no"
141604,"illustration","SITS",155,"no"
141604,"tag","Tag",155,"no"
141604,"tag","Tag",155,"yes"
141604,"tag","Tag",155,"no"
141604,"tag","Tag",155,"no"
141604,"tag","Tag",155,"no"
141604,"other","Others",155,"no"
141604,"tag","Tag",155,"no"
141604,"tag","Tag",155,"no"
141604,"tag","Tag",155,"no"
141604,"illustration","SITS",155,"no"
141604,"illustration","SITS",155,"no"
141604,"tag","Tag",155,"yes"
141604,"illustration","SITS",155,"no"
141604,"tag","Tag",155,"no"
141604,"tag","Tag",155,"yes"
141604,"tag","Tag",155,"no"
141604,"other","Others",155,"no"
141604,"tag","Tag",155,"yes"
141604,"throw up","SITS",155,"yes"
141606,"tag","Tag",155,"yes"
141606,"tag","Tag",155,"no"
141606,"tag","Tag",155,"no"
141606,"tag","Tag",155,"no"
141606,"tag","Tag",155,"no"
141606,"tag","Tag",155,"yes"
141606,"tag","Tag",155,"no"
141606,"tag","Tag",155,"no"
141606,"tag","Tag",155,"no"
141606,"throw up","SITS",155,"no"
141606,"tag","Tag",155,"no"
141605,"tag","Tag",155,"no"
141605,"tag","Tag",155,"no"
141605,"tag","Tag",155,"no"
141605,"illustration","SITS",155,"no"
141605,"illustration","SITS",155,"no"
141605,"tag","Tag",155,"no"
141605,"tag","Tag",155,"no"
141605,"tag","Tag",155,"no"
141605,"tag","Tag",155,"no"
141605,"tag","Tag",155,"no"
141605,"illustration","SITS",155,"yes"
141605,"tag","Tag",155,"no"
141605,"tag","Tag",155,"no"
141605,"tag","Tag",155,"no"
141605,"tag","Tag",155,"no"
141605,"illustration","SITS",155,"yes"
141605,"throw up","SITS",155,"no"
141605,"tag","Tag",155,"no"
141605,"tag","Tag",155,"no"
141605,"tag","Tag",155,"no"
141605,"tag","Tag",155,"no"
141605,"tag","Tag",155,"no"
141605,"tag","Tag",155,"no"
141605,"tag","Tag",155,"no"
141605,"tag","Tag",155,"no"
141605,"tag","Tag",155,"no"
141605,"tag","Tag",155,"no"
141605,"tag","Tag",155,"no"
141605,"tag","Tag",155,"no"
141605,"tag","Tag",155,"no"
141605,"tag","Tag",155,"no"
141605,"tag","Tag",155,"no"
141605,"tag","Tag",155,"no"
141605,"tag","Tag",155,"no"
141605,"tag","Tag",155,"no"
141442,"illustration","SITS",155,"no"
141468,"other","Others",155,"no"
141468,"other","Others",155,"no"
141603,"tag","Tag",155,"no"
141603,"tag","Tag",155,"no"
141603,"tag","Tag",155,"no"
141606,"tag","Tag",155,"no"
141604,"tag","Tag",155,"yes"
141605,"throw up","SITS",155,"no"
141605,"tag","Tag",155,"no"
141720,"tag","Tag",39,"no"
141720,"other","Others",39,"no"
141720,"other","Others",39,"no"
141720,"other","Others",39,"no"
141717,"other","Others",39,"no"
141717,"other","Others",39,"no"
141717,"other","Others",39,"no"
141717,"other","Others",39,"no"
141717,"other","Others",39,"no"
141717,"other","Others",39,"no"
610933,"other","Others",39,"no"
141712,"other","Others",39,"no"
141712,"other","Others",39,"no"
530437,"other","Others",39,"no"
530437,"tag","Tag",39,"no"
145505,"other","Others",40,"no"
145505,"tag","Tag",40,"no"
145505,"other","Others",40,"no"
610650,"tag","Tag",40,"no"
610650,"other","Others",40,"no"
610650,"tag","Tag",40,"no"
610650,"tag","Tag",40,"no"
610650,"tag","Tag",40,"no"
559431,"throw up","SITS",40,"yes"
559431,"throw up","SITS",40,"yes"
559431,"tag","Tag",40,"no"
559431,"throw up","SITS",40,"no"
559431,"throw up","SITS",40,"no"
559431,"tag","Tag",40,"no"
559431,"throw up","SITS",40,"no"
559431,"throw up","SITS",40,"no"
559431,"throw up","SITS",40,"no"
559431,"tag","Tag",40,"no"
559431,"throw up","SITS",40,"no"
559431,"tag","Tag",40,"no"
559431,"tag","Tag",40,"no"
559431,"other","Others",40,"no"
559431,"tag","Tag",40,"no"
559431,"tag","Tag",40,"no"
559431,"stencil","SITS",40,"no"
559431,"tag","Tag",40,"no"
559431,"tag","Tag",40,"yes"
559431,"tag","Tag",40,"no"
559431,"tag","Tag",40,"yes"
559431,"throw up","SITS",40,"yes"
559431,"illustration","SITS",40,"yes"
559431,"illustration","SITS",40,"no"
559431,"tag","Tag",40,"no"
559431,"tag","Tag",40,"yes"
559431,"tag","Tag",40,"no"
559431,"stencil","SITS",40,"no"
559431,"tag","Tag",40,"no"
559431,"throw up","SITS",40,"yes"
559431,"tag","Tag",40,"yes"
559431,"tag","Tag",40,"no"
559431,"tag","Tag",40,"no"
559431,"tag","Tag",40,"no"
559431,"tag","Tag",40,"no"
559431,"stencil","SITS",40,"no"
559431,"tag","Tag",40,"no"
559431,"tag","Tag",40,"no"
559431,"tag","Tag",40,"no"
559431,"tag","Tag",40,"no"
559431,"tag","Tag",40,"yes"
559431,"tag","Tag",40,"yes"
559431,"tag","Tag",40,"no"
559431,"throw up","SITS",40,"no"
559431,"illustration","SITS",40,"yes"
559431,"throw up","SITS",40,"yes"
559431,"tag","Tag",40,"no"
559431,"throw up","SITS",40,"yes"
559431,"throw up","SITS",40,"no"
559431,"throw up","SITS",40,"no"
559431,"throw up","SITS",40,"no"
559431,"tag","Tag",40,"no"
559431,"throw up","SITS",40,"no"
559431,"tag","Tag",40,"no"
559431,"other","Others",40,"yes"
559431,"tag","Tag",40,"no"
559431,"tag","Tag",40,"no"
559431,"tag","Tag",40,"no"
559431,"tag","Tag",40,"yes"
559431,"tag","Tag",40,"no"
559431,"tag","Tag",40,"no"
559431,"tag","Tag",40,"yes"
559431,"tag","Tag",40,"no"
559431,"tag","Tag",40,"no"
559431,"tag","Tag",40,"no"
559431,"tag","Tag",40,"no"
559431,"tag","Tag",40,"no"
559431,"tag","Tag",40,"no"
559431,"tag","Tag",40,"no"
559431,"tag","Tag",40,"no"
559431,"throw up","SITS",40,"yes"
559431,"tag","Tag",40,"no"
559431,"tag","Tag",40,"no"
559431,"tag","Tag",40,"no"
559431,"tag","Tag",40,"no"
559431,"throw up","SITS",40,"no"
559431,"throw up","SITS",40,"no"
559431,"tag","Tag",40,"yes"
559431,"tag","Tag",40,"no"
559431,"tag","Tag",40,"no"
559431,"tag","Tag",40,"no"
559431,"tag","Tag",40,"yes"
559431,"illustration","SITS",40,"no"
559431,"tag","Tag",40,"no"
559431,"illustration","SITS",40,"no"
559431,"illustration","SITS",40,"no"
559431,"illustration","SITS",40,"no"
559431,"illustration","SITS",40,"no"
559431,"tag","Tag",40,"no"
559431,"throw up","SITS",40,"no"
559431,"throw up","SITS",40,"no"
559431,"throw up","SITS",40,"no"
559431,"tag","Tag",40,"no"
559431,"tag","Tag",40,"no"
559431,"tag","Tag",40,"yes"
559431,"illustration","SITS",40,"yes"
559431,"tag","Tag",40,"yes"
559431,"tag","Tag",40,"no"
559431,"throw up","SITS",40,"yes"
559431,"throw up","SITS",40,"yes"
559431,"illustration","SITS",40,"no"
559431,"other","Others",40,"no"
559431,"illustration","SITS",40,"no"
559431,"illustration","SITS",40,"no"
559431,"illustration","SITS",40,"no"
559431,"tag","Tag",40,"yes"
559431,"tag","Tag",40,"yes"
559431,"tag","Tag",40,"no"
559431,"tag","Tag",40,"no"
559431,"tag","Tag",40,"yes"
559431,"tag","Tag",40,"no"
559431,"tag","Tag",40,"no"
559431,"tag","Tag",40,"no"
559431,"tag","Tag",40,"no"
559431,"tag","Tag",40,"yes"
559431,"tag","Tag",40,"no"
559431,"tag","Tag",40,"no"
559431,"tag","Tag",40,"no"
559431,"illustration","SITS",40,"no"
559431,"throw up","SITS",40,"no"
559431,"tag","Tag",40,"no"
559431,"tag","Tag",40,"no"
559431,"tag","Tag",40,"no"
559431,"tag","Tag",40,"no"
559431,"slogan","SITS",40,"no"
559431,"slogan","SITS",40,"no"
559431,"illustration","SITS",40,"no"
559431,"illustration","SITS",40,"no"
559431,"stencil","SITS",40,"no"
559431,"tag","Tag",40,"no"
559431,"tag","Tag",40,"no"
559431,"tag","Tag",40,"no"
559431,"tag","Tag",40,"no"
559431,"masterpiece","Masterpiece",40,"no"
610650,"stencil","SITS",40,"no"
559431,"tag","Tag",40,"yes"
559431,"tag","Tag",40,"no"
559431,"tag","Tag",40,"yes"
559431,"tag","Tag",40,"yes"
559431,"tag","Tag",40,"no"
559431,"tag","Tag",40,"no"
559431,"tag","Tag",40,"no"
559431,"tag","Tag",40,"no"
559431,"tag","Tag",40,"no"
559431,"tag","Tag",40,"no"
559431,"tag","Tag",40,"no"
559431,"other","Others",40,"no"
559431,"illustration","SITS",40,"yes"
559431,"illustration","SITS",40,"yes"
559431,"tag","Tag",40,"no"
559431,"tag","Tag",40,"no"
559431,"tag","Tag",40,"yes"
559431,"tag","Tag",40,"no"
559431,"tag","Tag",40,"no"
559431,"tag","Tag",40,"no"
559431,"tag","Tag",40,"yes"
559391,"tag","Tag",127,"no"
559391,"tag","Tag",127,"no"
559391,"tag","Tag",127,"no"
455747,"tag","Tag",127,"no"
455747,"tag","Tag",127,"no"
141776,"illustration","SITS",127,"no"
141776,"tag","Tag",127,"no"
141776,"tag","Tag",127,"no"
141776,"illustration","SITS",127,"no"
141776,"tag","Tag",127,"no"
559391,"slogan","SITS",127,"no"
141776,"tag","Tag",127,"no"
141776,"tag","Tag",127,"no"
141818,"tag","Tag",127,"no"
141818,"other","Others",127,"no"
141818,"other","Others",127,"no"
141816,"tag","Tag",127,"no"
141816,"tag","Tag",127,"no"
141816,"other","Others",127,"no"
141820,"tag","Tag",127,"no"
455746,"illustration","SITS",127,"no"
455746,"tag","Tag",127,"no"
455746,"tag","Tag",127,"no"
455747,"slogan","SITS",127,"no"
141776,"tag","Tag",127,"no"
141816,"tag","Tag",127,"no"
455746,"other","Others",127,"no"
559393,"tag","Tag",127,"no"
559393,"tag","Tag",127,"no"
141364,"tag","Tag",49,"no"
141364,"tag","Tag",49,"no"
141364,"tag","Tag",49,"no"
141364,"tag","Tag",49,"no"
141364,"tag","Tag",49,"no"
141364,"tag","Tag",49,"no"
141364,"tag","Tag",49,"no"
141364,"other","Others",49,"no"
141448,"illustration","SITS",49,"no"
141448,"other","Others",49,"no"
141448,"tag","Tag",49,"no"
141448,"tag","Tag",49,"no"
141448,"tag","Tag",49,"no"
141448,"tag","Tag",49,"no"
141448,"tag","Tag",49,"no"
141448,"other","Others",49,"no"
141448,"other","Others",49,"no"
141448,"slogan","SITS",49,"no"
141364,"tag","Tag",49,"no"
141364,"tag","Tag",49,"no"
141364,"tag","Tag",49,"no"
141364,"tag","Tag",49,"no"
141448,"other","Others",49,"no"
141364,"other","Others",49,"no"
141364,"other","Others",49,"no"
141364,"other","Others",49,"no"
141364,"other","Others",49,"no"
141364,"other","Others",49,"no"
141364,"other","Others",49,"no"
141364,"other","Others",49,"no"
265669,"illustration","SITS",43,"no"
265669,"tag","Tag",43,"no"
265669,"tag","Tag",43,"no"
265669,"tag","Tag",43,"no"
265669,"tag","Tag",43,"no"
265669,"tag","Tag",43,"no"
265669,"tag","Tag",43,"no"
265669,"tag","Tag",43,"no"
265669,"tag","Tag",43,"no"
145338,"slogan","SITS",43,"no"
145338,"slogan","SITS",43,"no"
145338,"illustration","SITS",43,"no"
145338,"other","Others",43,"no"
145338,"slogan","SITS",43,"no"
145338,"slogan","SITS",43,"no"
145313,"other","Others",43,"no"
145349,"tag","Tag",43,"no"
145349,"other","Others",43,"no"
145349,"tag","Tag",43,"no"
145349,"tag","Tag",43,"no"
145349,"tag","Tag",43,"no"
145207,"tag","Tag",43,"no"
145199,"other","Others",43,"no"
145316,"tag","Tag",43,"no"
145200,"tag","Tag",43,"no"
145200,"other","Others",43,"no"
145200,"tag","Tag",43,"no"
145200,"slogan","SITS",43,"no"
145189,"illustration","SITS",43,"no"
145189,"tag","Tag",43,"no"
145189,"tag","Tag",43,"no"
145189,"tag","Tag",43,"no"
145189,"tag","Tag",43,"no"
145189,"tag","Tag",43,"no"
145312,"tag","Tag",43,"no"
145312,"tag","Tag",43,"no"
145312,"other","Others",43,"no"
145312,"other","Others",43,"no"
145312,"other","Others",43,"no"
145312,"other","Others",43,"no"
145312,"other","Others",43,"no"
145312,"tag","Tag",43,"no"
145312,"tag","Tag",43,"no"
145331,"tag","Tag",43,"no"
145331,"tag","Tag",43,"no"
145331,"tag","Tag",43,"no"
145331,"tag","Tag",43,"no"
145331,"tag","Tag",43,"no"
145331,"other","Others",43,"no"
145331,"tag","Tag",43,"no"
145331,"tag","Tag",43,"no"
145353,"other","Others",43,"no"
145353,"other","Others",43,"no"
145308,"other","Others",43,"no"
265669,"tag","Tag",43,"no"
265669,"other","Others",43,"no"
265669,"tag","Tag",43,"no"
145338,"other","Others",43,"no"
145199,"other","Others",43,"no"
145200,"tag","Tag",43,"no"
145189,"tag","Tag",43,"no"
145189,"tag","Tag",43,"no"
145189,"tag","Tag",43,"no"
145189,"other","Others",43,"no"
145189,"tag","Tag",43,"yes"
145189,"tag","Tag",43,"no"
145312,"tag","Tag",43,"no"
145331,"other","Others",43,"no"
145353,"illustration","SITS",43,"no"
145316,"other","Others",43,"no"
145189,"tag","Tag",43,"no"
145312,"other","Others",43,"no"
145331,"other","Others",43,"no"
145189,"tag","Tag",43,"no"
145189,"tag","Tag",43,"no"
145189,"tag","Tag",43,"no"
145189,"tag","Tag",43,"no"
145189,"tag","Tag",43,"no"
145189,"tag","Tag",43,"no"
145189,"tag","Tag",43,"no"
145189,"tag","Tag",43,"no"
145312,"other","Others",43,"no"
145312,"other","Others",43,"no"
145237,"tag","Tag",141,"no"
145237,"tag","Tag",141,"no"
145237,"tag","Tag",141,"no"
145237,"illustration","SITS",141,"no"
145237,"tag","Tag",141,"no"
145237,"illustration","SITS",141,"no"
145237,"illustration","SITS",141,"no"
145237,"tag","Tag",141,"no"
145237,"tag","Tag",141,"no"
145237,"tag","Tag",141,"no"
145237,"tag","Tag",141,"no"
145421,"tag","Tag",141,"no"
358800,"tag","Tag",141,"no"
358800,"illustration","SITS",141,"no"
145421,"tag","Tag",141,"no"
145421,"tag","Tag",141,"no"
145421,"tag","Tag",141,"no"
145421,"tag","Tag",141,"no"
145421,"tag","Tag",141,"no"
145421,"tag","Tag",141,"no"
145421,"tag","Tag",141,"no"
145421,"tag","Tag",141,"no"
145421,"tag","Tag",141,"no"
145421,"tag","Tag",141,"no"
145421,"tag","Tag",141,"no"
145421,"tag","Tag",141,"no"
145421,"illustration","SITS",141,"no"
145421,"illustration","SITS",141,"no"
627662,"tag","Tag",141,"no"
627662,"tag","Tag",141,"no"
358795,"tag","Tag",141,"no"
358795,"tag","Tag",141,"no"
358795,"illustration","SITS",141,"no"
358795,"illustration","SITS",141,"no"
358795,"illustration","SITS",141,"no"
358795,"illustration","SITS",141,"no"
358795,"tag","Tag",141,"no"
358795,"slogan","SITS",141,"no"
358795,"tag","Tag",141,"no"
358795,"tag","Tag",141,"no"
358795,"tag","Tag",141,"no"
358795,"tag","Tag",141,"no"
140794,"tag","Tag",141,"no"
140794,"tag","Tag",141,"no"
140794,"tag","Tag",141,"no"
140794,"tag","Tag",141,"no"
140794,"tag","Tag",141,"no"
140794,"tag","Tag",141,"no"
140794,"tag","Tag",141,"no"
140794,"tag","Tag",141,"no"
140794,"tag","Tag",141,"no"
140794,"tag","Tag",141,"no"
140794,"tag","Tag",141,"no"
140794,"tag","Tag",141,"no"
140793,"tag","Tag",141,"no"
140793,"tag","Tag",141,"no"
140793,"tag","Tag",141,"no"
140577,"tag","Tag",141,"no"
140577,"tag","Tag",141,"no"
140580,"tag","Tag",141,"no"
140580,"illustration","SITS",141,"no"
140580,"tag","Tag",141,"no"
627662,"tag","Tag",141,"no"
627662,"other","Others",141,"no"
627662,"tag","Tag",141,"no"
140580,"tag","Tag",141,"no"
140580,"slogan","SITS",141,"no"
627662,"tag","Tag",141,"no"
140580,"slogan","SITS",141,"no"
265579,"illustration","SITS",173,"no"
265579,"tag","Tag",173,"no"
265579,"tag","Tag",173,"no"
265579,"tag","Tag",173,"no"
265579,"tag","Tag",173,"no"
265579,"tag","Tag",173,"no"
265579,"tag","Tag",173,"no"
265579,"tag","Tag",173,"no"
265579,"tag","Tag",173,"no"
265579,"tag","Tag",173,"no"
265579,"tag","Tag",173,"no"
265579,"tag","Tag",173,"no"
265579,"tag","Tag",173,"no"
265579,"tag","Tag",173,"no"
265579,"illustration","SITS",173,"no"
265579,"illustration","SITS",173,"no"
265579,"tag","Tag",173,"no"
265579,"tag","Tag",173,"no"
265579,"tag","Tag",173,"no"
265579,"tag","Tag",173,"yes"
265579,"tag","Tag",173,"no"
265579,"illustration","SITS",173,"no"
265579,"tag","Tag",173,"yes"
265579,"illustration","SITS",173,"no"
265579,"tag","Tag",173,"no"
265579,"tag","Tag",173,"no"
265579,"tag","Tag",173,"no"
265579,"tag","Tag",173,"no"
265579,"tag","Tag",173,"no"
265579,"tag","Tag",173,"no"
265579,"tag","Tag",173,"no"
265579,"slogan","SITS",173,"no"
265579,"tag","Tag",173,"no"
610907,"tag","Tag",173,"no"
610907,"tag","Tag",173,"no"
610907,"tag","Tag",173,"no"
610908,"tag","Tag",173,"no"
610908,"illustration","SITS",173,"no"
610908,"tag","Tag",173,"no"
610908,"tag","Tag",173,"no"
610908,"tag","Tag",173,"no"
610908,"tag","Tag",173,"no"
610908,"tag","Tag",173,"no"
610908,"tag","Tag",173,"no"
4024,"tag","Tag",173,"no"
4024,"tag","Tag",173,"no"
4024,"tag","Tag",173,"no"
4024,"tag","Tag",173,"no"
4024,"tag","Tag",173,"no"
4024,"tag","Tag",173,"no"
4024,"tag","Tag",173,"no"
4024,"tag","Tag",173,"no"
4024,"tag","Tag",173,"no"
4024,"tag","Tag",173,"no"
4024,"tag","Tag",173,"no"
4024,"tag","Tag",173,"no"
4024,"tag","Tag",173,"no"
4024,"throw up","SITS",173,"no"
33929,"tag","Tag",173,"no"
33929,"tag","Tag",173,"no"
455484,"tag","Tag",173,"no"
34683,"tag","Tag",173,"no"
34683,"tag","Tag",173,"no"
34692,"tag","Tag",173,"no"
34692,"tag","Tag",173,"no"
34692,"tag","Tag",173,"no"
34692,"tag","Tag",173,"no"
34692,"tag","Tag",173,"no"
34683,"tag","Tag",173,"no"
455484,"tag","Tag",173,"no"
455484,"tag","Tag",173,"no"
455484,"tag","Tag",173,"no"
455484,"tag","Tag",173,"no"
455500,"tag","Tag",173,"no"
455500,"tag","Tag",173,"no"
455500,"tag","Tag",173,"no"
455500,"tag","Tag",173,"no"
455500,"tag","Tag",173,"no"
455500,"tag","Tag",173,"no"
455500,"tag","Tag",173,"no"
34671,"tag","Tag",173,"no"
34671,"tag","Tag",173,"no"
33929,"illustration","SITS",173,"no"
33929,"tag","Tag",173,"no"
265579,"tag","Tag",173,"no"
265579,"tag","Tag",173,"no"
33929,"tag","Tag",173,"no"
34683,"stencil","SITS",173,"no"
455495,"stencil","SITS",173,"no"
455500,"tag","Tag",173,"no"
455500,"tag","Tag",173,"no"
455500,"tag","Tag",173,"no"
455500,"tag","Tag",173,"no"
34683,"tag","Tag",173,"no"
455500,"tag","Tag",173,"no"
455500,"tag","Tag",173,"no"
265579,"tag","Tag",173,"no"
610908,"tag","Tag",173,"no"
610908,"other","Others",173,"no"
455500,"illustration","SITS",173,"no"
33929,"tag","Tag",173,"no"
33929,"illustration","SITS",173,"no"
4024,"tag","Tag",173,"no"
33929,"other","Others",173,"no"
34676,"illustration","SITS",173,"no"
34671,"tag","Tag",173,"no"
606663,"other","Others",27,"no"
606663,"other","Others",27,"no"
606663,"tag","Tag",27,"no"
606663,"other","Others",27,"no"
606663,"other","Others",27,"no"
606667,"other","Others",27,"no"
606667,"other","Others",27,"no"
606667,"other","Others",27,"no"
606667,"tag","Tag",27,"no"
606667,"tag","Tag",27,"no"
606667,"tag","Tag",27,"no"
606667,"illustration","SITS",27,"no"
606667,"illustration","SITS",27,"no"
606667,"tag","Tag",27,"no"
606667,"tag","Tag",27,"no"
606667,"tag","Tag",27,"no"
606667,"tag","Tag",27,"no"
606667,"tag","Tag",27,"no"
606667,"tag","Tag",27,"no"
606667,"tag","Tag",27,"no"
606667,"tag","Tag",27,"no"
606667,"tag","Tag",27,"no"
606667,"tag","Tag",27,"no"
606667,"tag","Tag",27,"no"
606667,"tag","Tag",27,"no"
606667,"tag","Tag",27,"no"
606667,"tag","Tag",27,"no"
606667,"tag","Tag",27,"no"
606667,"tag","Tag",27,"no"
606667,"tag","Tag",27,"no"
606667,"tag","Tag",27,"no"
606667,"tag","Tag",27,"no"
606667,"tag","Tag",27,"no"
606667,"tag","Tag",27,"no"
606678,"tag","Tag",27,"no"
606660,"tag","Tag",27,"no"
606660,"tag","Tag",27,"no"
606660,"tag","Tag",27,"no"
606660,"tag","Tag",27,"no"
606660,"tag","Tag",27,"no"
141424,"stencil","SITS",109,"no"
141483,"tag","Tag",109,"no"
141570,"tag","Tag",109,"no"
141285,"throw up","SITS",109,"no"
141289,"illustration","SITS",109,"no"
141289,"tag","Tag",109,"no"
141289,"tag","Tag",109,"no"
141607,"tag","Tag",109,"no"
141607,"illustration","SITS",109,"no"
141607,"tag","Tag",109,"no"
141607,"tag","Tag",109,"no"
610949,"slogan","SITS",109,"no"
610949,"illustration","SITS",109,"no"
610949,"slogan","SITS",109,"no"
610949,"tag","Tag",109,"yes"
610949,"tag","Tag",109,"yes"
610949,"other","Others",109,"no"
610949,"other","Others",109,"no"
610949,"other","Others",109,"no"
141193,"tag","Tag",109,"no"
141570,"other","Others",109,"no"
141570,"other","Others",109,"no"
610949,"other","Others",109,"no"
610949,"other","Others",109,"no"
141483,"other","Others",109,"no"
141483,"other","Others",109,"no"
141483,"other","Others",109,"no"
610949,"other","Others",109,"no"
141256,"tag","Tag",102,"no"
141256,"tag","Tag",102,"yes"
144899,"tag","Tag",102,"no"
358499,"tag","Tag",102,"no"
358499,"tag","Tag",102,"no"
358499,"tag","Tag",102,"no"
359247,"tag","Tag",102,"no"
359245,"tag","Tag",102,"no"
359245,"tag","Tag",102,"no"
359245,"illustration","SITS",102,"no"
359245,"slogan","SITS",102,"no"
359245,"tag","Tag",102,"no"
144899,"tag","Tag",102,"no"
455569,"tag","Tag",145,"no"
455569,"tag","Tag",145,"no"
455569,"tag","Tag",145,"no"
455569,"slogan","SITS",145,"no"
455569,"tag","Tag",145,"no"
455569,"other","Others",145,"no"
455569,"tag","Tag",145,"no"
455569,"other","Others",145,"no"
455569,"stencil","SITS",145,"no"
455569,"illustration","SITS",145,"no"
455569,"illustration","SITS",145,"yes"
455569,"illustration","SITS",145,"no"
455569,"illustration","SITS",145,"no"
455569,"other","Others",145,"no"
455569,"other","Others",145,"no"
455569,"other","Others",145,"no"
455569,"tag","Tag",145,"no"
141805,"illustration","SITS",145,"no"
141805,"illustration","SITS",145,"no"
141805,"illustration","SITS",145,"no"
141805,"slogan","SITS",145,"no"
141805,"tag","Tag",145,"no"
141805,"tag","Tag",145,"no"
141867,"stencil","SITS",145,"no"
141867,"tag","Tag",145,"no"
611005,"other","Others",145,"no"
611005,"other","Others",145,"no"
611005,"other","Others",145,"no"
611005,"other","Others",145,"no"
611005,"other","Others",145,"no"
611005,"illustration","SITS",145,"no"
611005,"other","Others",145,"no"
611005,"other","Others",145,"no"
611005,"other","Others",145,"no"
611005,"other","Others",145,"no"
611005,"other","Others",145,"no"
611005,"other","Others",145,"no"
611005,"tag","Tag",145,"no"
611005,"tag","Tag",145,"no"
611005,"other","Others",145,"no"
611005,"other","Others",145,"no"
141839,"tag","Tag",145,"no"
141839,"stencil","SITS",145,"no"
141839,"tag","Tag",145,"no"
141839,"tag","Tag",145,"no"
141796,"other","Others",145,"no"
141796,"other","Others",145,"no"
141796,"other","Others",145,"no"
141796,"other","Others",145,"no"
141796,"other","Others",145,"no"
141796,"other","Others",145,"no"
141796,"other","Others",145,"no"
141796,"other","Others",145,"no"
141796,"other","Others",145,"no"
141795,"tag","Tag",145,"no"
141795,"tag","Tag",145,"no"
141795,"illustration","SITS",145,"no"
141822,"other","Others",145,"no"
141810,"other","Others",145,"no"
141810,"other","Others",145,"no"
141810,"other","Others",145,"no"
141810,"other","Others",145,"no"
141810,"other","Others",145,"no"
610917,"illustration","SITS",145,"no"
610917,"tag","Tag",145,"no"
610917,"tag","Tag",145,"no"
610917,"other","Others",145,"no"
610917,"other","Others",145,"no"
610917,"other","Others",145,"no"
610917,"other","Others",145,"no"
610917,"other","Others",145,"no"
610917,"tag","Tag",145,"no"
610917,"other","Others",145,"no"
610917,"other","Others",145,"no"
610917,"other","Others",145,"no"
610917,"tag","Tag",145,"no"
610917,"tag","Tag",145,"no"
610917,"slogan","SITS",145,"no"
610917,"other","Others",145,"no"
610917,"other","Others",145,"no"
141837,"tag","Tag",145,"no"
141835,"tag","Tag",145,"no"
34678,"slogan","SITS",95,"no"
34678,"slogan","SITS",95,"no"
34678,"stencil","SITS",95,"no"
34821,"tag","Tag",95,"no"
34821,"tag","Tag",95,"no"
34821,"illustration","SITS",95,"no"
34821,"tag","Tag",95,"no"
34821,"tag","Tag",95,"no"
34821,"tag","Tag",95,"no"
34821,"slogan","SITS",95,"no"
34821,"slogan","SITS",95,"no"
34821,"stencil","SITS",95,"no"
34821,"tag","Tag",95,"no"
34821,"tag","Tag",95,"no"
34821,"illustration","SITS",95,"no"
34821,"tag","Tag",95,"no"
3820,"tag","Tag",95,"no"
3820,"tag","Tag",95,"no"
3820,"tag","Tag",95,"no"
3820,"tag","Tag",95,"yes"
3820,"tag","Tag",95,"no"
3820,"tag","Tag",95,"no"
3820,"tag","Tag",95,"no"
3820,"tag","Tag",95,"no"
3820,"tag","Tag",95,"no"
3820,"tag","Tag",95,"no"
3820,"illustration","SITS",95,"no"
3820,"tag","Tag",95,"no"
3820,"tag","Tag",95,"no"
3820,"slogan","SITS",95,"no"
3820,"stencil","SITS",95,"no"
3820,"tag","Tag",95,"no"
3820,"tag","Tag",95,"no"
3820,"tag","Tag",95,"no"
3820,"slogan","SITS",95,"no"
3820,"slogan","SITS",95,"no"
610737,"tag","Tag",95,"no"
610737,"slogan","SITS",95,"no"
610737,"illustration","SITS",95,"no"
610737,"tag","Tag",95,"no"
610737,"tag","Tag",95,"no"
610737,"tag","Tag",95,"no"
610733,"tag","Tag",95,"no"
610733,"tag","Tag",95,"no"
610733,"tag","Tag",95,"no"
610733,"tag","Tag",95,"no"
610733,"illustration","SITS",95,"no"
610733,"slogan","SITS",95,"no"
145323,"masterpiece","Masterpiece",95,"no"
145323,"tag","Tag",95,"yes"
145323,"tag","Tag",95,"yes"
145323,"illustration","SITS",95,"yes"
145323,"slogan","SITS",95,"no"
145323,"illustration","SITS",95,"no"
145323,"slogan","SITS",95,"no"
145329,"tag","Tag",95,"no"
145329,"tag","Tag",95,"no"
145193,"other","Others",95,"no"
145346,"illustration","SITS",95,"no"
145346,"other","Others",95,"no"
33904,"illustration","SITS",188,"no"
34684,"tag","Tag",188,"no"
33885,"tag","Tag",188,"no"
33885,"tag","Tag",188,"no"
33885,"tag","Tag",188,"no"
33885,"tag","Tag",188,"no"
33885,"tag","Tag",188,"no"
33885,"tag","Tag",188,"no"
33885,"tag","Tag",188,"no"
33885,"tag","Tag",188,"no"
33885,"throw up","SITS",188,"no"
33885,"tag","Tag",188,"no"
33885,"tag","Tag",188,"no"
33885,"tag","Tag",188,"no"
4026,"tag","Tag",188,"no"
4026,"tag","Tag",188,"no"
4026,"tag","Tag",188,"no"
4026,"tag","Tag",188,"no"
4026,"tag","Tag",188,"no"
4026,"tag","Tag",188,"no"
4026,"tag","Tag",188,"no"
33908,"tag","Tag",188,"no"
33908,"tag","Tag",188,"no"
33908,"other","Others",188,"no"
33908,"tag","Tag",188,"no"
33908,"tag","Tag",188,"no"
33908,"masterpiece","Masterpiece",188,"no"
33908,"other","Others",188,"yes"
33908,"tag","Tag",188,"yes"
33908,"masterpiece","Masterpiece",188,"no"
33908,"tag","Tag",188,"no"
33908,"tag","Tag",188,"no"
33908,"tag","Tag",188,"no"
33908,"tag","Tag",188,"no"
33908,"tag","Tag",188,"no"
33908,"other","Others",188,"no"
33908,"tag","Tag",188,"no"
33908,"tag","Tag",188,"no"
33908,"tag","Tag",188,"no"
33908,"tag","Tag",188,"no"
33908,"tag","Tag",188,"no"
33908,"tag","Tag",188,"no"
33908,"tag","Tag",188,"no"
33908,"tag","Tag",188,"no"
33908,"tag","Tag",188,"no"
33908,"tag","Tag",188,"no"
33908,"tag","Tag",188,"yes"
33908,"tag","Tag",188,"no"
33908,"tag","Tag",188,"no"
33908,"tag","Tag",188,"no"
33908,"tag","Tag",188,"no"
33908,"tag","Tag",188,"no"
33908,"tag","Tag",188,"no"
33908,"tag","Tag",188,"no"
33908,"other","Others",188,"no"
3940,"tag","Tag",188,"no"
3940,"tag","Tag",188,"no"
3940,"tag","Tag",188,"no"
3940,"tag","Tag",188,"no"
3940,"tag","Tag",188,"no"
627780,"illustration","SITS",188,"no"
627780,"tag","Tag",188,"no"
358729,"other","Others",188,"no"
358729,"other","Others",188,"no"
358729,"tag","Tag",188,"no"
358729,"tag","Tag",188,"no"
358729,"other","Others",188,"no"
358729,"tag","Tag",188,"no"
358729,"tag","Tag",188,"no"
358729,"tag","Tag",188,"no"
358729,"tag","Tag",188,"no"
358729,"tag","Tag",188,"no"
358729,"tag","Tag",188,"no"
358729,"stencil","SITS",188,"no"
358729,"tag","Tag",188,"no"
358729,"tag","Tag",188,"no"
358729,"tag","Tag",188,"no"
358729,"tag","Tag",188,"no"
610751,"other","Others",188,"no"
610751,"illustration","SITS",188,"no"
610751,"other","Others",188,"no"
610751,"tag","Tag",188,"no"
610751,"tag","Tag",188,"no"
610751,"tag","Tag",188,"no"
610751,"tag","Tag",188,"no"
610751,"tag","Tag",188,"no"
610751,"tag","Tag",188,"no"
610751,"tag","Tag",188,"no"
610751,"tag","Tag",188,"no"
610751,"tag","Tag",188,"no"
610751,"tag","Tag",188,"no"
610751,"tag","Tag",188,"no"
610751,"tag","Tag",188,"no"
610751,"tag","Tag",188,"no"
610751,"tag","Tag",188,"no"
610751,"tag","Tag",188,"no"
610751,"tag","Tag",188,"no"
610751,"tag","Tag",188,"no"
610751,"tag","Tag",188,"no"
610751,"other","Others",188,"no"
610751,"tag","Tag",188,"no"
610751,"tag","Tag",188,"no"
610751,"other","Others",188,"no"
610751,"illustration","SITS",188,"no"
610751,"tag","Tag",188,"yes"
610751,"tag","Tag",188,"yes"
610751,"tag","Tag",188,"no"
610751,"tag","Tag",188,"no"
610751,"tag","Tag",188,"no"
610751,"tag","Tag",188,"no"
610751,"tag","Tag",188,"no"
610751,"tag","Tag",188,"no"
610751,"tag","Tag",188,"no"
610751,"tag","Tag",188,"no"
610751,"tag","Tag",188,"no"
610751,"tag","Tag",188,"no"
610751,"tag","Tag",188,"no"
610751,"tag","Tag",188,"no"
610751,"tag","Tag",188,"no"
610751,"tag","Tag",188,"no"
610751,"tag","Tag",188,"no"
610751,"tag","Tag",188,"no"
358726,"tag","Tag",188,"no"
358726,"tag","Tag",188,"no"
358726,"tag","Tag",188,"no"
358726,"tag","Tag",188,"no"
358726,"tag","Tag",188,"no"
358726,"other","Others",188,"no"
358726,"tag","Tag",188,"no"
358726,"throw up","SITS",188,"no"
358726,"tag","Tag",188,"no"
358726,"tag","Tag",188,"no"
358726,"tag","Tag",188,"no"
358726,"tag","Tag",188,"no"
358726,"tag","Tag",188,"no"
358726,"other","Others",188,"no"
358726,"tag","Tag",188,"no"
358726,"other","Others",188,"no"
611159,"tag","Tag",41,"no"
611159,"tag","Tag",41,"no"
611159,"tag","Tag",41,"no"
611159,"other","Others",41,"no"
611159,"tag","Tag",41,"no"
611159,"tag","Tag",41,"no"
611159,"tag","Tag",41,"no"
611061,"stencil","SITS",41,"no"
611061,"other","Others",41,"no"
611061,"tag","Tag",41,"no"
611061,"tag","Tag",41,"no"
611061,"tag","Tag",41,"no"
611061,"tag","Tag",41,"no"
611061,"tag","Tag",41,"no"
611061,"other","Others",41,"no"
611061,"other","Others",41,"no"
611018,"tag","Tag",41,"no"
141561,"tag","Tag",41,"no"
141561,"tag","Tag",41,"no"
611150,"tag","Tag",41,"no"
611150,"other","Others",41,"no"
141375,"other","Others",41,"no"
141375,"tag","Tag",41,"no"
141512,"throw up","SITS",11,"no"
141512,"tag","Tag",11,"no"
141512,"tag","Tag",11,"no"
141512,"tag","Tag",11,"no"
141512,"tag","Tag",11,"no"
141512,"tag","Tag",11,"yes"
141512,"tag","Tag",11,"no"
141512,"tag","Tag",11,"no"
141512,"tag","Tag",11,"no"
141512,"tag","Tag",11,"no"
141512,"tag","Tag",11,"no"
141512,"tag","Tag",11,"no"
141177,"tag","Tag",11,"no"
141177,"tag","Tag",11,"no"
141177,"tag","Tag",11,"no"
141469,"tag","Tag",11,"no"
141178,"tag","Tag",11,"no"
141512,"throw up","SITS",11,"no"
627685,"tag","Tag",190,"no"
627685,"illustration","SITS",190,"no"
627685,"illustration","SITS",190,"no"
627685,"tag","Tag",190,"no"
627685,"throw up","SITS",190,"no"
627685,"tag","Tag",190,"no"
627685,"tag","Tag",190,"no"
627685,"tag","Tag",190,"no"
627685,"tag","Tag",190,"no"
627685,"illustration","SITS",190,"no"
627685,"throw up","SITS",190,"no"
627685,"tag","Tag",190,"no"
627685,"illustration","SITS",190,"no"
627685,"throw up","SITS",190,"yes"
627685,"tag","Tag",190,"no"
627685,"tag","Tag",190,"no"
627685,"tag","Tag",190,"no"
627685,"tag","Tag",190,"no"
627685,"tag","Tag",190,"no"
627685,"tag","Tag",190,"no"
627685,"tag","Tag",190,"no"
627685,"tag","Tag",190,"no"
627685,"tag","Tag",190,"no"
627685,"tag","Tag",190,"no"
627685,"tag","Tag",190,"no"
627685,"tag","Tag",190,"no"
627685,"tag","Tag",190,"no"
627685,"tag","Tag",190,"no"
627685,"tag","Tag",190,"no"
627685,"tag","Tag",190,"no"
627685,"tag","Tag",190,"no"
627685,"tag","Tag",190,"no"
627685,"tag","Tag",190,"no"
627685,"tag","Tag",190,"no"
627685,"tag","Tag",190,"no"
627685,"other","Others",190,"no"
627685,"tag","Tag",190,"no"
627685,"tag","Tag",190,"no"
627685,"tag","Tag",190,"no"
3962,"tag","Tag",60,"no"
3962,"tag","Tag",60,"no"
3962,"tag","Tag",60,"no"
3962,"other","Others",60,"no"
3962,"tag","Tag",60,"no"
3962,"tag","Tag",60,"no"
3962,"other","Others",60,"no"
530366,"tag","Tag",60,"no"
530366,"illustration","SITS",60,"no"
530366,"stencil","SITS",60,"no"
530366,"stencil","SITS",60,"no"
530366,"tag","Tag",60,"yes"
530366,"tag","Tag",60,"no"
530366,"tag","Tag",60,"no"
530366,"illustration","SITS",60,"no"
530366,"tag","Tag",60,"no"
530366,"tag","Tag",60,"no"
530366,"tag","Tag",60,"no"
530366,"tag","Tag",60,"no"
530366,"tag","Tag",60,"no"
530366,"tag","Tag",60,"no"
530366,"tag","Tag",60,"no"
530366,"tag","Tag",60,"no"
530366,"tag","Tag",60,"no"
33863,"illustration","SITS",60,"no"
33863,"tag","Tag",60,"no"
33863,"tag","Tag",60,"no"
3960,"tag","Tag",60,"no"
3960,"tag","Tag",60,"no"
3960,"tag","Tag",60,"no"
3960,"tag","Tag",60,"no"
3960,"tag","Tag",60,"no"
3960,"tag","Tag",60,"no"
3960,"tag","Tag",60,"no"
3960,"tag","Tag",60,"no"
3960,"tag","Tag",60,"no"
3960,"throw up","SITS",60,"no"
3960,"illustration","SITS",60,"no"
3960,"tag","Tag",60,"no"
3960,"tag","Tag",60,"no"
3960,"tag","Tag",60,"no"
3960,"tag","Tag",60,"no"
3960,"throw up","SITS",60,"no"
3960,"other","Others",60,"no"
3960,"tag","Tag",60,"no"
4007,"tag","Tag",60,"no"
4007,"tag","Tag",60,"no"
4007,"slogan","SITS",60,"no"
4007,"tag","Tag",60,"no"
4007,"tag","Tag",60,"no"
4007,"slogan","SITS",60,"no"
4007,"illustration","SITS",60,"no"
4007,"slogan","SITS",60,"no"
4007,"illustration","SITS",60,"no"
4007,"illustration","SITS",60,"no"
4007,"illustration","SITS",60,"no"
4007,"tag","Tag",60,"no"
4007,"tag","Tag",60,"no"
4007,"illustration","SITS",60,"no"
4007,"tag","Tag",60,"no"
4007,"tag","Tag",60,"no"
4007,"tag","Tag",60,"no"
610749,"tag","Tag",60,"no"
610749,"tag","Tag",60,"no"
610749,"tag","Tag",60,"no"
610749,"tag","Tag",60,"no"
610749,"throw up","SITS",60,"no"
610749,"tag","Tag",60,"no"
610749,"throw up","SITS",60,"no"
610749,"tag","Tag",60,"no"
610749,"tag","Tag",60,"no"
610749,"tag","Tag",60,"no"
610749,"tag","Tag",60,"no"
610749,"tag","Tag",60,"no"
610749,"tag","Tag",60,"no"
610749,"tag","Tag",60,"no"
610749,"tag","Tag",60,"no"
610749,"tag","Tag",60,"no"
610749,"other","Others",60,"no"
610749,"tag","Tag",60,"no"
610749,"stencil","SITS",60,"no"
610749,"illustration","SITS",60,"no"
610749,"slogan","SITS",60,"no"
358659,"tag","Tag",60,"no"
358659,"tag","Tag",60,"no"
358659,"other","Others",60,"no"
358659,"tag","Tag",60,"no"
358659,"tag","Tag",60,"no"
358659,"tag","Tag",60,"no"
358659,"tag","Tag",60,"no"
358659,"tag","Tag",60,"no"
358659,"tag","Tag",60,"no"
358659,"other","Others",60,"no"
358659,"tag","Tag",60,"no"
358659,"tag","Tag",60,"no"
358659,"illustration","SITS",60,"no"
358659,"tag","Tag",60,"no"
358659,"other","Others",60,"no"
358659,"tag","Tag",60,"no"
115030,"tag","Tag",60,"no"
115030,"illustration","SITS",60,"no"
115030,"illustration","SITS",60,"no"
115030,"illustration","SITS",60,"no"
115030,"tag","Tag",60,"no"
115030,"tag","Tag",60,"no"
115030,"tag","Tag",60,"no"
455503,"tag","Tag",60,"no"
455503,"tag","Tag",60,"no"
455503,"throw up","SITS",60,"yes"
455503,"tag","Tag",60,"no"
5419,"tag","Tag",60,"no"
5419,"tag","Tag",60,"no"
5419,"throw up","SITS",60,"no"
5419,"slogan","SITS",60,"no"
5419,"tag","Tag",60,"no"
5419,"tag","Tag",60,"no"
5419,"throw up","SITS",60,"no"
5419,"throw up","SITS",60,"no"
5419,"tag","Tag",60,"no"
5419,"tag","Tag",60,"no"
5419,"throw up","SITS",60,"no"
5419,"throw up","SITS",60,"no"
5419,"tag","Tag",60,"no"
5419,"tag","Tag",60,"no"
5419,"throw up","SITS",60,"no"
5419,"throw up","SITS",60,"no"
5419,"masterpiece","Masterpiece",60,"yes"
5419,"tag","Tag",60,"no"
5419,"tag","Tag",60,"no"
5419,"illustration","SITS",60,"no"
5419,"throw up","SITS",60,"no"
5419,"tag","Tag",60,"no"
5419,"tag","Tag",60,"yes"
5419,"slogan","SITS",60,"yes"
5419,"tag","Tag",60,"no"
5419,"throw up","SITS",60,"no"
5419,"throw up","SITS",60,"no"
5419,"throw up","SITS",60,"no"
5419,"slogan","SITS",60,"no"
5419,"slogan","SITS",60,"no"
5419,"slogan","SITS",60,"no"
5419,"tag","Tag",60,"no"
5419,"tag","Tag",60,"no"
5419,"illustration","SITS",60,"yes"
5419,"throw up","SITS",60,"no"
5419,"throw up","SITS",60,"no"
5419,"throw up","SITS",60,"no"
5419,"illustration","SITS",60,"yes"
5419,"illustration","SITS",60,"yes"
5419,"tag","Tag",60,"no"
5419,"tag","Tag",60,"yes"
5419,"throw up","SITS",60,"no"
5419,"tag","Tag",60,"no"
5419,"tag","Tag",60,"no"
5419,"tag","Tag",60,"no"
5419,"throw up","SITS",60,"yes"
5419,"throw up","SITS",60,"no"
5419,"illustration","SITS",60,"yes"
5419,"tag","Tag",60,"no"
5419,"tag","Tag",60,"no"
5419,"tag","Tag",60,"no"
5419,"tag","Tag",60,"no"
5419,"tag","Tag",60,"no"
5419,"tag","Tag",60,"no"
5419,"tag","Tag",60,"no"
5419,"tag","Tag",60,"no"
5419,"tag","Tag",60,"no"
5419,"tag","Tag",60,"no"
5419,"tag","Tag",60,"no"
5419,"tag","Tag",60,"no"
5419,"tag","Tag",60,"no"
5419,"tag","Tag",60,"no"
5419,"tag","Tag",60,"no"
5419,"tag","Tag",60,"no"
5419,"tag","Tag",60,"no"
267116,"other","Others",60,"no"
267116,"tag","Tag",60,"no"
267116,"other","Others",60,"no"
530366,"slogan","SITS",60,"no"
530366,"slogan","SITS",60,"no"
530366,"illustration","SITS",60,"no"
33863,"illustration","SITS",60,"no"
5419,"illustration","SITS",60,"no"
606666,"tag","Tag",42,"no"
606661,"tag","Tag",42,"no"
606661,"slogan","SITS",42,"no"
606661,"slogan","SITS",42,"no"
606661,"tag","Tag",42,"no"
141413,"tag","Tag",42,"no"
141413,"tag","Tag",42,"no"
141413,"tag","Tag",42,"no"
141413,"tag","Tag",42,"no"
141243,"tag","Tag",42,"no"
141243,"tag","Tag",42,"no"
141243,"tag","Tag",42,"no"
141243,"tag","Tag",42,"no"
141243,"other","Others",42,"no"
141243,"tag","Tag",42,"no"
141243,"tag","Tag",42,"no"
141243,"tag","Tag",42,"no"
141243,"tag","Tag",42,"no"
141243,"tag","Tag",42,"yes"
141243,"tag","Tag",42,"no"
141243,"other","Others",42,"no"
141243,"slogan","SITS",42,"no"
611215,"tag","Tag",42,"no"
611215,"tag","Tag",42,"no"
611215,"other","Others",42,"no"
611215,"tag","Tag",42,"no"
611215,"stencil","SITS",42,"no"
611215,"other","Others",42,"no"
611215,"other","Others",42,"no"
611215,"other","Others",42,"no"
140507,"other","Others",42,"no"
140507,"other","Others",42,"no"
140507,"tag","Tag",42,"no"
140507,"tag","Tag",42,"no"
140507,"tag","Tag",42,"no"
140507,"tag","Tag",42,"no"
140507,"tag","Tag",42,"no"
140509,"tag","Tag",42,"no"
140509,"tag","Tag",42,"no"
140510,"tag","Tag",42,"no"
140510,"tag","Tag",42,"no"
140510,"other","Others",42,"no"
140510,"tag","Tag",42,"no"
140510,"tag","Tag",42,"no"
144035,"slogan","SITS",42,"no"
144035,"tag","Tag",42,"no"
144035,"tag","Tag",42,"no"
141413,"other","Others",42,"no"
141413,"other","Others",42,"no"
141243,"tag","Tag",42,"no"
141243,"other","Others",42,"no"
141243,"other","Others",42,"no"
611215,"other","Others",42,"no"
140507,"other","Others",42,"no"
140507,"other","Others",42,"no"
140510,"tag","Tag",42,"no"
144035,"tag","Tag",42,"no"
144035,"tag","Tag",42,"no"
606661,"tag","Tag",42,"no"
606661,"other","Others",42,"no"
141413,"other","Others",42,"no"
141491,"tag","Tag",42,"no"
141243,"tag","Tag",42,"no"
141413,"illustration","SITS",42,"no"
141243,"tag","Tag",42,"no"
144035,"tag","Tag",42,"no"
358731,"tag","Tag",50,"no"
358731,"tag","Tag",50,"no"
358731,"tag","Tag",50,"no"
358731,"tag","Tag",50,"no"
358731,"tag","Tag",50,"no"
358731,"masterpiece","Masterpiece",50,"no"
145320,"tag","Tag",50,"no"
145320,"other","Others",50,"no"
145320,"masterpiece","Masterpiece",50,"no"
145320,"other","Others",50,"no"
145320,"tag","Tag",50,"no"
145320,"tag","Tag",50,"no"
358730,"other","Others",50,"no"
358730,"masterpiece","Masterpiece",50,"no"
145233,"tag","Tag",50,"no"
145233,"tag","Tag",50,"no"
145233,"tag","Tag",50,"no"
145233,"tag","Tag",50,"no"
145233,"tag","Tag",50,"no"
145233,"tag","Tag",50,"no"
145233,"tag","Tag",50,"no"
145233,"tag","Tag",50,"no"
145233,"tag","Tag",50,"no"
145233,"tag","Tag",50,"no"
145233,"illustration","SITS",50,"no"
145233,"tag","Tag",50,"no"
145233,"tag","Tag",50,"no"
145233,"tag","Tag",50,"no"
145233,"tag","Tag",50,"no"
145233,"tag","Tag",50,"no"
145233,"tag","Tag",50,"no"
145256,"tag","Tag",50,"no"
145375,"tag","Tag",50,"no"
145375,"tag","Tag",50,"no"
145233,"tag","Tag",50,"no"
145552,"tag","Tag",50,"no"
145375,"other","Others",50,"no"
145375,"illustration","SITS",50,"no"
358731,"tag","Tag",50,"no"
358731,"other","Others",50,"no"
145436,"tag","Tag",50,"no"
145375,"other","Others",50,"no"
145796,"tag","Tag",38,"no"
145796,"tag","Tag",38,"no"
145796,"other","Others",38,"no"
145796,"tag","Tag",38,"no"
145796,"slogan","SITS",38,"no"
145796,"illustration","SITS",38,"no"
145796,"illustration","SITS",38,"no"
145796,"tag","Tag",38,"no"
145796,"tag","Tag",38,"no"
145796,"tag","Tag",38,"no"
145796,"tag","Tag",38,"no"
145796,"tag","Tag",38,"no"
145796,"other","Others",38,"no"
145796,"tag","Tag",38,"no"
145796,"tag","Tag",38,"yes"
141779,"other","Others",91,"no"
141779,"other","Others",91,"no"
141779,"other","Others",91,"no"
141779,"other","Others",91,"no"
141779,"other","Others",91,"no"
141779,"other","Others",91,"no"
141779,"other","Others",91,"no"
141779,"other","Others",91,"no"
141779,"other","Others",91,"no"
141779,"other","Others",91,"no"
141779,"slogan","SITS",91,"no"
141779,"other","Others",91,"no"
141779,"other","Others",91,"no"
141780,"other","Others",91,"no"
141780,"other","Others",91,"no"
141780,"other","Others",91,"no"
141780,"other","Others",91,"no"
141780,"tag","Tag",91,"no"
141778,"tag","Tag",91,"no"
141778,"other","Others",91,"no"
141778,"other","Others",91,"no"
141760,"other","Others",91,"no"
141760,"other","Others",91,"no"
141760,"other","Others",91,"no"
141760,"other","Others",91,"no"
141675,"other","Others",91,"no"
141675,"tag","Tag",91,"no"
141675,"tag","Tag",91,"no"
141675,"slogan","SITS",91,"no"
141675,"tag","Tag",91,"no"
141675,"tag","Tag",91,"no"
141675,"other","Others",91,"no"
141675,"other","Others",91,"no"
141675,"tag","Tag",91,"no"
141675,"tag","Tag",91,"no"
141675,"tag","Tag",91,"no"
141675,"other","Others",91,"no"
141675,"other","Others",91,"no"
141675,"other","Others",91,"no"
141675,"other","Others",91,"no"
141675,"other","Others",91,"no"
141675,"other","Others",91,"no"
141675,"other","Others",91,"no"
141674,"other","Others",91,"no"
141674,"other","Others",91,"no"
141674,"other","Others",91,"no"
141674,"tag","Tag",91,"no"
141674,"tag","Tag",91,"no"
141656,"other","Others",91,"no"
141656,"other","Others",91,"no"
141656,"tag","Tag",91,"no"
141656,"tag","Tag",91,"no"
141656,"other","Others",91,"no"
141656,"other","Others",91,"no"
141656,"tag","Tag",91,"no"
141656,"slogan","SITS",91,"no"
141656,"tag","Tag",91,"no"
141656,"other","Others",91,"no"
141656,"other","Others",91,"no"
141656,"other","Others",91,"no"
141656,"tag","Tag",91,"no"
141656,"tag","Tag",91,"no"
141656,"tag","Tag",91,"no"
141656,"other","Others",91,"no"
141238,"other","Others",91,"no"
141238,"tag","Tag",91,"no"
141238,"tag","Tag",91,"no"
141238,"tag","Tag",91,"no"
141485,"tag","Tag",91,"no"
141485,"tag","Tag",91,"no"
141485,"tag","Tag",91,"no"
141485,"tag","Tag",91,"no"
141485,"tag","Tag",91,"no"
141485,"tag","Tag",91,"no"
141485,"other","Others",91,"no"
141485,"tag","Tag",91,"no"
359106,"other","Others",91,"no"
359106,"other","Others",91,"no"
359106,"other","Others",91,"no"
359106,"slogan","SITS",91,"no"
141337,"tag","Tag",91,"no"
141337,"illustration","SITS",91,"no"
611049,"illustration","SITS",91,"no"
141732,"tag","Tag",71,"no"
141732,"other","Others",71,"no"
141732,"other","Others",71,"no"
141732,"tag","Tag",71,"no"
141732,"tag","Tag",71,"no"
141732,"tag","Tag",71,"no"
141732,"illustration","SITS",71,"no"
141732,"other","Others",71,"no"
141732,"illustration","SITS",71,"no"
141732,"tag","Tag",71,"no"
141732,"other","Others",71,"no"
141732,"other","Others",71,"no"
141732,"other","Others",71,"no"
141732,"other","Others",71,"no"
141732,"other","Others",71,"no"
141732,"tag","Tag",71,"no"
141732,"slogan","SITS",71,"no"
455528,"other","Others",71,"no"
141725,"tag","Tag",71,"no"
141725,"other","Others",71,"no"
141725,"tag","Tag",71,"no"
141725,"tag","Tag",71,"no"
141725,"tag","Tag",71,"no"
141725,"other","Others",71,"no"
141727,"illustration","SITS",71,"no"
141733,"tag","Tag",71,"no"
141733,"other","Others",71,"no"
141733,"other","Others",71,"no"
141733,"tag","Tag",71,"no"
141733,"slogan","SITS",71,"no"
141733,"tag","Tag",71,"no"
141733,"other","Others",71,"no"
141821,"illustration","SITS",51,"yes"
141800,"tag","Tag",51,"no"
141800,"other","Others",51,"no"
141800,"other","Others",51,"no"
141800,"other","Others",51,"no"
141800,"other","Others",51,"no"
141800,"other","Others",51,"no"
141800,"other","Others",51,"no"
141800,"other","Others",51,"no"
141800,"other","Others",51,"no"
141800,"other","Others",51,"no"
141800,"other","Others",51,"no"
141800,"other","Others",51,"no"
141800,"other","Others",51,"no"
141800,"other","Others",51,"no"
141800,"other","Others",51,"no"
141800,"other","Others",51,"no"
141800,"illustration","SITS",51,"no"
141800,"other","Others",51,"no"
141800,"other","Others",51,"no"
141800,"other","Others",51,"no"
141800,"other","Others",51,"no"
141800,"other","Others",51,"no"
141800,"other","Others",51,"no"
141800,"other","Others",51,"no"
141800,"other","Others",51,"no"
141800,"other","Others",51,"no"
141800,"other","Others",51,"no"
141800,"other","Others",51,"no"
141800,"other","Others",51,"no"
141800,"other","Others",51,"no"
141800,"other","Others",51,"no"
141800,"other","Others",51,"no"
141800,"other","Others",51,"no"
141800,"other","Others",51,"no"
141800,"tag","Tag",51,"no"
141800,"other","Others",51,"no"
141800,"other","Others",51,"no"
141800,"tag","Tag",51,"no"
141775,"other","Others",51,"no"
141775,"other","Others",51,"no"
141775,"slogan","SITS",51,"no"
141775,"illustration","SITS",51,"no"
141775,"tag","Tag",51,"no"
141775,"tag","Tag",51,"no"
141775,"illustration","SITS",51,"no"
141775,"other","Others",51,"no"
141775,"other","Others",51,"no"
141775,"other","Others",51,"no"
141775,"other","Others",51,"no"
141775,"slogan","SITS",51,"no"
141775,"tag","Tag",51,"no"
141777,"other","Others",51,"no"
141777,"other","Others",51,"no"
141777,"tag","Tag",51,"no"
141777,"tag","Tag",51,"no"
141777,"other","Others",51,"no"
141777,"other","Others",51,"no"
141777,"other","Others",51,"no"
141777,"other","Others",51,"no"
141777,"other","Others",51,"no"
141777,"other","Others",51,"no"
141763,"tag","Tag",51,"no"
141763,"other","Others",51,"no"
141763,"other","Others",51,"no"
141763,"other","Others",51,"no"
141763,"masterpiece","Masterpiece",51,"no"
141763,"masterpiece","Masterpiece",51,"no"
141763,"masterpiece","Masterpiece",51,"no"
141763,"masterpiece","Masterpiece",51,"no"
141763,"other","Others",51,"no"
141763,"tag","Tag",51,"no"
141650,"illustration","SITS",51,"no"
141650,"tag","Tag",51,"no"
141650,"other","Others",51,"no"
141650,"other","Others",51,"no"
141650,"tag","Tag",51,"no"
141650,"tag","Tag",51,"no"
141650,"tag","Tag",51,"no"
141811,"tag","Tag",51,"no"
141811,"other","Others",51,"no"
141811,"other","Others",51,"no"
141811,"other","Others",51,"no"
141638,"slogan","SITS",61,"no"
141638,"tag","Tag",61,"no"
141638,"tag","Tag",61,"no"
141638,"tag","Tag",61,"no"
140991,"tag","Tag",61,"no"
611025,"illustration","SITS",61,"no"
611025,"slogan","SITS",61,"no"
141508,"tag","Tag",61,"no"
141621,"illustration","SITS",61,"no"
141621,"illustration","SITS",61,"no"
141621,"tag","Tag",61,"no"
141621,"tag","Tag",61,"no"
141621,"tag","Tag",61,"no"
141621,"tag","Tag",61,"no"
141638,"throw up","SITS",61,"no"
145266,"other","Others",52,"no"
145502,"tag","Tag",52,"no"
145502,"tag","Tag",52,"no"
145502,"tag","Tag",52,"no"
145502,"tag","Tag",52,"no"
610645,"other","Others",52,"no"
610645,"tag","Tag",52,"no"
610645,"tag","Tag",52,"no"
610645,"other","Others",52,"no"
610645,"other","Others",52,"no"
610607,"tag","Tag",52,"no"
610607,"tag","Tag",52,"no"
610607,"tag","Tag",52,"no"
610607,"other","Others",52,"no"
610607,"tag","Tag",52,"no"
610607,"tag","Tag",52,"no"
610607,"tag","Tag",52,"no"
610607,"tag","Tag",52,"no"
610607,"tag","Tag",52,"no"
610607,"other","Others",52,"no"
610607,"other","Others",52,"no"
145540,"other","Others",52,"no"
145540,"tag","Tag",52,"no"
610643,"tag","Tag",52,"no"
610643,"tag","Tag",52,"no"
610643,"other","Others",52,"no"
610643,"tag","Tag",52,"no"
610643,"tag","Tag",52,"no"
610643,"tag","Tag",52,"no"
610643,"tag","Tag",52,"no"
610643,"tag","Tag",52,"no"
610643,"tag","Tag",52,"no"
610643,"tag","Tag",52,"no"
610643,"tag","Tag",52,"no"
610643,"tag","Tag",52,"no"
610643,"other","Others",52,"no"
610643,"other","Others",52,"no"
358845,"tag","Tag",52,"no"
358845,"tag","Tag",52,"no"
358845,"tag","Tag",52,"no"
358845,"tag","Tag",52,"no"
358846,"tag","Tag",52,"no"
358846,"tag","Tag",52,"no"
358845,"tag","Tag",52,"no"
358845,"tag","Tag",52,"no"
358846,"tag","Tag",52,"no"
358846,"other","Others",52,"no"
358846,"tag","Tag",52,"no"
141174,"tag","Tag",44,"no"
141174,"tag","Tag",44,"no"
141174,"tag","Tag",44,"no"
141174,"other","Others",44,"no"
141174,"tag","Tag",44,"no"
141174,"other","Others",44,"no"
141174,"other","Others",44,"no"
141174,"tag","Tag",44,"no"
141175,"tag","Tag",44,"no"
141175,"other","Others",44,"no"
141175,"tag","Tag",44,"no"
141175,"other","Others",44,"no"
141175,"other","Others",44,"no"
141175,"tag","Tag",44,"no"
141175,"tag","Tag",44,"no"
141175,"tag","Tag",44,"no"
141175,"other","Others",44,"no"
141175,"other","Others",44,"no"
141175,"other","Others",44,"no"
141175,"other","Others",44,"no"
141175,"illustration","SITS",44,"no"
141175,"illustration","SITS",44,"no"
141303,"other","Others",44,"no"
141303,"illustration","SITS",44,"no"
141303,"tag","Tag",44,"no"
141303,"tag","Tag",44,"no"
141303,"other","Others",44,"no"
141303,"tag","Tag",44,"no"
141303,"other","Others",44,"no"
141303,"tag","Tag",44,"no"
141303,"tag","Tag",44,"no"
141303,"other","Others",44,"no"
141303,"tag","Tag",44,"no"
141303,"other","Others",44,"no"
141303,"illustration","SITS",44,"no"
141303,"other","Others",44,"no"
141303,"tag","Tag",44,"no"
141303,"illustration","SITS",44,"no"
141303,"tag","Tag",44,"no"
141303,"tag","Tag",44,"no"
141303,"illustration","SITS",44,"no"
141303,"other","Others",44,"no"
141303,"other","Others",44,"no"
141303,"other","Others",44,"no"
141303,"tag","Tag",44,"no"
141303,"tag","Tag",44,"no"
141303,"illustration","SITS",44,"yes"
141303,"other","Others",44,"no"
141303,"other","Others",44,"no"
141303,"tag","Tag",44,"no"
141303,"tag","Tag",44,"no"
141329,"illustration","SITS",44,"no"
141329,"tag","Tag",44,"no"
141329,"tag","Tag",44,"no"
141329,"tag","Tag",44,"no"
141329,"tag","Tag",44,"no"
141329,"other","Others",44,"yes"
141329,"tag","Tag",44,"no"
141329,"other","Others",44,"no"
141329,"tag","Tag",44,"no"
141329,"tag","Tag",44,"no"
141329,"tag","Tag",44,"no"
141329,"other","Others",44,"no"
141329,"other","Others",44,"no"
141329,"other","Others",44,"no"
141329,"other","Others",44,"no"
141329,"other","Others",44,"no"
141329,"tag","Tag",44,"no"
141329,"tag","Tag",44,"no"
141383,"tag","Tag",44,"no"
141383,"other","Others",44,"no"
141383,"other","Others",44,"no"
141383,"other","Others",44,"no"
141383,"tag","Tag",44,"no"
141383,"other","Others",44,"no"
141383,"other","Others",44,"no"
141383,"other","Others",44,"no"
141383,"other","Others",44,"no"
141383,"other","Others",44,"no"
141403,"tag","Tag",44,"no"
141403,"other","Others",44,"no"
141403,"tag","Tag",44,"no"
141403,"tag","Tag",44,"no"
141403,"tag","Tag",44,"no"
141403,"other","Others",44,"no"
141403,"tag","Tag",44,"no"
141403,"tag","Tag",44,"no"
141403,"tag","Tag",44,"no"
141403,"other","Others",44,"no"
141403,"other","Others",44,"no"
141403,"other","Others",44,"no"
141403,"other","Others",44,"no"
141404,"other","Others",44,"no"
141404,"tag","Tag",44,"no"
141404,"other","Others",44,"no"
141404,"other","Others",44,"no"
141404,"illustration","SITS",44,"no"
141404,"other","Others",44,"no"
141404,"illustration","SITS",44,"no"
141404,"other","Others",44,"no"
141404,"tag","Tag",44,"no"
141404,"illustration","SITS",44,"no"
141404,"tag","Tag",44,"no"
358761,"tag","Tag",44,"no"
358761,"other","Others",44,"no"
358761,"illustration","SITS",44,"no"
358761,"tag","Tag",44,"no"
358761,"tag","Tag",44,"no"
358761,"other","Others",44,"no"
358761,"tag","Tag",44,"yes"
358761,"other","Others",44,"no"
358761,"tag","Tag",44,"no"
358761,"tag","Tag",44,"no"
358761,"other","Others",44,"no"
358761,"other","Others",44,"no"
358761,"other","Others",44,"no"
358761,"other","Others",44,"no"
358761,"tag","Tag",44,"no"
358761,"throw up","SITS",44,"no"
358761,"tag","Tag",44,"no"
358761,"tag","Tag",44,"no"
358761,"other","Others",44,"no"
358761,"other","Others",44,"no"
358761,"other","Others",44,"yes"
358761,"tag","Tag",44,"no"
358761,"other","Others",44,"no"
358761,"tag","Tag",44,"no"
358761,"tag","Tag",44,"no"
358761,"tag","Tag",44,"no"
611118,"tag","Tag",44,"no"
611118,"other","Others",44,"no"
611118,"other","Others",44,"no"
611118,"tag","Tag",44,"no"
611118,"tag","Tag",44,"no"
611118,"tag","Tag",44,"no"
611118,"tag","Tag",44,"no"
611118,"tag","Tag",44,"no"
611118,"tag","Tag",44,"no"
611118,"tag","Tag",44,"no"
611118,"other","Others",44,"no"
611118,"tag","Tag",44,"no"
611118,"tag","Tag",44,"no"
611118,"other","Others",44,"no"
611118,"other","Others",44,"no"
611118,"other","Others",44,"no"
611118,"other","Others",44,"no"
611118,"other","Others",44,"no"
611118,"other","Others",44,"no"
611118,"tag","Tag",44,"yes"
611118,"illustration","SITS",44,"no"
611118,"other","Others",44,"no"
611118,"tag","Tag",44,"no"
611118,"other","Others",44,"no"
611118,"other","Others",44,"no"
611223,"tag","Tag",44,"no"
611223,"tag","Tag",44,"no"
611223,"tag","Tag",44,"no"
611223,"tag","Tag",44,"no"
611223,"tag","Tag",44,"no"
611223,"tag","Tag",44,"no"
611223,"tag","Tag",44,"no"
611223,"illustration","SITS",44,"no"
611223,"other","Others",44,"no"
611223,"illustration","SITS",44,"no"
611223,"other","Others",44,"no"
611223,"tag","Tag",44,"no"
611223,"other","Others",44,"no"
611223,"tag","Tag",44,"no"
611223,"other","Others",44,"no"
611223,"other","Others",44,"yes"
611223,"other","Others",44,"no"
611223,"other","Others",44,"no"
611223,"other","Others",44,"no"
611223,"other","Others",44,"no"
611223,"tag","Tag",44,"no"
611223,"other","Others",44,"no"
611223,"other","Others",44,"no"
611223,"tag","Tag",44,"no"
611223,"other","Others",44,"no"
611223,"other","Others",44,"no"
611223,"other","Others",44,"no"
611223,"tag","Tag",44,"no"
611223,"tag","Tag",44,"no"
143765,"other","Others",45,"no"
143765,"other","Others",45,"no"
143765,"tag","Tag",45,"no"
143765,"other","Others",45,"no"
143765,"other","Others",45,"no"
144096,"tag","Tag",45,"no"
144096,"other","Others",45,"no"
144096,"tag","Tag",45,"no"
144096,"other","Others",45,"no"
144096,"other","Others",45,"no"
144096,"tag","Tag",45,"no"
144096,"other","Others",45,"no"
144096,"tag","Tag",45,"no"
144096,"tag","Tag",45,"no"
144096,"other","Others",45,"no"
144096,"tag","Tag",45,"no"
358819,"tag","Tag",45,"no"
358819,"other","Others",45,"no"
358819,"other","Others",45,"no"
358819,"tag","Tag",45,"no"
358819,"illustration","SITS",45,"no"
358819,"tag","Tag",45,"yes"
358819,"tag","Tag",45,"yes"
358819,"tag","Tag",45,"no"
358819,"other","Others",45,"no"
358819,"tag","Tag",45,"no"
358819,"tag","Tag",45,"no"
358819,"tag","Tag",45,"no"
358819,"slogan","SITS",45,"no"
611097,"other","Others",45,"no"
611097,"other","Others",45,"no"
611097,"tag","Tag",45,"no"
611097,"tag","Tag",45,"no"
611097,"tag","Tag",45,"no"
611097,"tag","Tag",45,"no"
611097,"tag","Tag",45,"yes"
144129,"tag","Tag",45,"no"
611243,"tag","Tag",45,"no"
359303,"tag","Tag",45,"no"
359303,"illustration","SITS",45,"no"
359303,"tag","Tag",45,"no"
359303,"other","Others",45,"no"
359303,"throw up","SITS",45,"no"
359303,"tag","Tag",45,"no"
144136,"tag","Tag",45,"no"
359301,"tag","Tag",45,"no"
359302,"other","Others",45,"no"
143798,"tag","Tag",45,"no"
143798,"tag","Tag",45,"no"
143798,"tag","Tag",45,"no"
143798,"tag","Tag",45,"no"
143798,"tag","Tag",45,"no"
141547,"other","Others",139,"no"
611124,"tag","Tag",139,"no"
141520,"tag","Tag",139,"no"
358707,"tag","Tag",139,"no"
358707,"tag","Tag",139,"no"
141581,"tag","Tag",139,"no"
141581,"tag","Tag",139,"no"
141799,"illustration","SITS",134,"no"
141759,"illustration","SITS",134,"no"
530189,"tag","Tag",134,"no"
530189,"illustration","SITS",134,"no"
530189,"illustration","SITS",134,"no"
530189,"illustration","SITS",134,"no"
530189,"illustration","SITS",134,"no"
530190,"illustration","SITS",134,"no"
530190,"illustration","SITS",134,"no"
611016,"illustration","SITS",134,"no"
611016,"tag","Tag",134,"no"
611016,"illustration","SITS",134,"no"
611016,"illustration","SITS",134,"no"
611016,"illustration","SITS",134,"no"
530390,"illustration","SITS",134,"no"
530390,"illustration","SITS",134,"no"
530390,"illustration","SITS",134,"no"
530390,"illustration","SITS",134,"no"
530390,"illustration","SITS",134,"no"
530390,"tag","Tag",134,"no"
530187,"tag","Tag",134,"no"
530187,"tag","Tag",134,"no"
530187,"tag","Tag",134,"no"
530187,"illustration","SITS",134,"no"
530187,"tag","Tag",134,"no"
530187,"tag","Tag",134,"no"
530187,"tag","Tag",134,"no"
530187,"illustration","SITS",134,"no"
530187,"illustration","SITS",134,"no"
530187,"illustration","SITS",134,"no"
530187,"illustration","SITS",134,"no"
530187,"tag","Tag",134,"no"
530187,"tag","Tag",134,"no"
530187,"tag","Tag",134,"no"
530187,"tag","Tag",134,"no"
530187,"tag","Tag",134,"no"
530187,"illustration","SITS",134,"no"
530187,"illustration","SITS",134,"no"
530187,"tag","Tag",134,"no"
530187,"tag","Tag",134,"no"
530187,"illustration","SITS",134,"no"
530187,"tag","Tag",134,"no"
530187,"illustration","SITS",134,"no"
530187,"tag","Tag",134,"no"
530187,"tag","Tag",134,"no"
530187,"slogan","SITS",134,"no"
530188,"tag","Tag",134,"no"
530188,"tag","Tag",134,"no"
530188,"tag","Tag",134,"no"
530188,"tag","Tag",134,"no"
530188,"tag","Tag",134,"no"
530188,"tag","Tag",134,"no"
530188,"other","Others",134,"no"
530188,"other","Others",134,"no"
611151,"tag","Tag",134,"no"
611151,"tag","Tag",134,"no"
611151,"throw up","SITS",134,"no"
611151,"tag","Tag",134,"no"
611151,"throw up","SITS",134,"no"
611151,"tag","Tag",134,"no"
611151,"tag","Tag",134,"no"
611151,"tag","Tag",134,"no"
611151,"tag","Tag",134,"no"
611151,"tag","Tag",134,"no"
611151,"tag","Tag",134,"no"
610969,"tag","Tag",134,"no"
610969,"tag","Tag",134,"yes"
610969,"throw up","SITS",134,"yes"
610969,"tag","Tag",134,"no"
610969,"tag","Tag",134,"no"
610969,"throw up","SITS",134,"no"
141316,"other","Others",134,"no"
141316,"other","Others",134,"no"
141208,"tag","Tag",134,"no"
141361,"tag","Tag",134,"no"
611074,"other","Others",134,"no"
145579,"tag","Tag",46,"no"
145579,"tag","Tag",46,"no"
145579,"tag","Tag",46,"no"
145579,"tag","Tag",46,"no"
145579,"tag","Tag",46,"no"
145579,"tag","Tag",46,"no"
145579,"tag","Tag",46,"no"
145762,"other","Others",46,"no"
145762,"other","Others",46,"no"
145762,"other","Others",46,"no"
145762,"other","Others",46,"no"
145600,"other","Others",46,"no"
145600,"other","Others",46,"no"
145600,"other","Others",46,"no"
145600,"other","Others",46,"no"
145792,"other","Others",46,"no"
145609,"other","Others",46,"no"
145609,"tag","Tag",46,"no"
145609,"other","Others",46,"no"
145609,"tag","Tag",46,"no"
145609,"tag","Tag",46,"no"
358792,"other","Others",46,"no"
358792,"tag","Tag",46,"no"
358792,"tag","Tag",46,"no"
358792,"tag","Tag",46,"no"
358792,"throw up","SITS",46,"no"
358792,"masterpiece","Masterpiece",46,"no"
358792,"tag","Tag",46,"no"
358792,"tag","Tag",46,"no"
358792,"tag","Tag",46,"no"
358792,"tag","Tag",46,"no"
145500,"tag","Tag",46,"no"
145500,"tag","Tag",46,"no"
145500,"other","Others",46,"no"
145500,"tag","Tag",46,"no"
145500,"throw up","SITS",46,"no"
145500,"throw up","SITS",46,"no"
145500,"tag","Tag",46,"no"
145500,"tag","Tag",46,"no"
145500,"other","Others",46,"no"
145500,"tag","Tag",46,"no"
145500,"tag","Tag",46,"no"
145500,"tag","Tag",46,"no"
145500,"tag","Tag",46,"no"
145500,"tag","Tag",46,"no"
145500,"tag","Tag",46,"no"
145500,"tag","Tag",46,"no"
145500,"other","Others",46,"no"
145500,"tag","Tag",46,"no"
145500,"tag","Tag",46,"no"
145500,"throw up","SITS",46,"no"
145500,"tag","Tag",46,"no"
145500,"tag","Tag",46,"no"
145500,"throw up","SITS",46,"no"
145500,"tag","Tag",46,"no"
145500,"tag","Tag",46,"no"
145500,"tag","Tag",46,"no"
145500,"tag","Tag",46,"no"
145500,"tag","Tag",46,"no"
145500,"other","Others",46,"no"
145500,"tag","Tag",46,"no"
145500,"tag","Tag",46,"no"
145500,"other","Others",46,"no"
145500,"tag","Tag",46,"no"
145500,"other","Others",46,"no"
145500,"other","Others",46,"no"
145500,"other","Others",46,"no"
145500,"other","Others",46,"no"
145500,"throw up","SITS",46,"no"
145500,"other","Others",46,"no"
145500,"tag","Tag",46,"no"
145500,"tag","Tag",46,"no"
145500,"stencil","SITS",46,"no"
145500,"tag","Tag",46,"no"
145500,"tag","Tag",46,"no"
145500,"throw up","SITS",46,"no"
145500,"tag","Tag",46,"no"
145500,"tag","Tag",46,"no"
145500,"tag","Tag",46,"no"
145500,"tag","Tag",46,"no"
145500,"tag","Tag",46,"no"
145500,"throw up","SITS",46,"no"
145500,"tag","Tag",46,"no"
145500,"throw up","SITS",46,"no"
145500,"masterpiece","Masterpiece",46,"no"
145500,"tag","Tag",46,"yes"
145500,"other","Others",46,"yes"
145500,"tag","Tag",46,"yes"
145500,"tag","Tag",46,"yes"
145500,"tag","Tag",46,"yes"
145500,"illustration","SITS",46,"no"
145500,"illustration","SITS",46,"no"
145500,"illustration","SITS",46,"no"
145500,"illustration","SITS",46,"yes"
145500,"illustration","SITS",46,"no"
145500,"tag","Tag",46,"no"
145500,"slogan","SITS",46,"no"
145500,"throw up","SITS",46,"yes"
145500,"tag","Tag",46,"no"
145500,"tag","Tag",46,"no"
145500,"throw up","SITS",46,"no"
145500,"tag","Tag",46,"yes"
145500,"masterpiece","Masterpiece",46,"no"
145500,"tag","Tag",46,"no"
145500,"tag","Tag",46,"yes"
145500,"tag","Tag",46,"no"
145500,"tag","Tag",46,"no"
145500,"tag","Tag",46,"no"
145500,"other","Others",46,"no"
145500,"tag","Tag",46,"no"
145500,"tag","Tag",46,"no"
145500,"throw up","SITS",46,"no"
145500,"throw up","SITS",46,"no"
145500,"stencil","SITS",46,"no"
145500,"throw up","SITS",46,"no"
145500,"tag","Tag",46,"no"
145500,"tag","Tag",46,"no"
145500,"tag","Tag",46,"no"
145500,"slogan","SITS",46,"no"
145500,"other","Others",46,"no"
145500,"other","Others",46,"no"
145500,"tag","Tag",46,"no"
145500,"tag","Tag",46,"no"
145500,"tag","Tag",46,"no"
145500,"tag","Tag",46,"no"
145500,"tag","Tag",46,"no"
145500,"tag","Tag",46,"no"
145500,"tag","Tag",46,"no"
145500,"tag","Tag",46,"no"
145500,"tag","Tag",46,"no"
145500,"tag","Tag",46,"yes"
145500,"tag","Tag",46,"yes"
145500,"tag","Tag",46,"no"
145500,"tag","Tag",46,"no"
145500,"tag","Tag",46,"no"
145500,"throw up","SITS",46,"no"
145500,"tag","Tag",46,"no"
145500,"masterpiece","Masterpiece",46,"no"
145500,"tag","Tag",46,"no"
145500,"throw up","SITS",46,"no"
145500,"tag","Tag",46,"no"
145500,"tag","Tag",46,"no"
145500,"other","Others",46,"no"
145500,"tag","Tag",46,"no"
145500,"tag","Tag",46,"no"
145500,"tag","Tag",46,"no"
145500,"tag","Tag",46,"no"
145500,"tag","Tag",46,"no"
145500,"tag","Tag",46,"no"
145500,"tag","Tag",46,"no"
145500,"tag","Tag",46,"no"
145500,"tag","Tag",46,"no"
145500,"other","Others",46,"no"
145500,"tag","Tag",46,"no"
145500,"tag","Tag",46,"no"
145500,"throw up","SITS",46,"no"
145500,"tag","Tag",46,"no"
145500,"tag","Tag",46,"no"
145500,"tag","Tag",46,"no"
145500,"tag","Tag",46,"no"
145500,"tag","Tag",46,"no"
145500,"tag","Tag",46,"no"
145500,"tag","Tag",46,"no"
145500,"tag","Tag",46,"no"
145500,"tag","Tag",46,"no"
145500,"other","Others",46,"no"
145500,"illustration","SITS",46,"no"
145500,"other","Others",46,"no"
145500,"other","Others",46,"no"
145500,"tag","Tag",46,"no"
145500,"tag","Tag",46,"no"
145500,"other","Others",46,"no"
145500,"other","Others",46,"no"
145500,"throw up","SITS",46,"no"
145500,"illustration","SITS",46,"no"
145500,"tag","Tag",46,"no"
145500,"tag","Tag",46,"no"
145500,"other","Others",46,"no"
145500,"other","Others",46,"no"
145500,"tag","Tag",46,"no"
145500,"other","Others",46,"no"
145500,"other","Others",46,"no"
145500,"slogan","SITS",46,"yes"
145500,"slogan","SITS",46,"yes"
145500,"stencil","SITS",46,"yes"
145500,"tag","Tag",46,"yes"
145500,"tag","Tag",46,"no"
610694,"slogan","SITS",46,"no"
358798,"other","Others",46,"no"
358798,"other","Others",46,"no"
141300,"tag","Tag",112,"no"
141327,"tag","Tag",112,"no"
141327,"tag","Tag",112,"no"
141327,"illustration","SITS",112,"no"
141327,"illustration","SITS",112,"no"
141378,"other","Others",112,"no"
141378,"tag","Tag",112,"no"
141378,"tag","Tag",112,"no"
141401,"tag","Tag",112,"no"
141401,"tag","Tag",112,"no"
141176,"tag","Tag",112,"no"
141176,"tag","Tag",112,"no"
141176,"tag","Tag",112,"no"
141176,"tag","Tag",112,"no"
141176,"tag","Tag",112,"no"
141176,"throw up","SITS",112,"no"
141176,"tag","Tag",112,"no"
141176,"tag","Tag",112,"no"
141176,"tag","Tag",112,"no"
141402,"tag","Tag",112,"no"
141402,"tag","Tag",112,"no"
141230,"tag","Tag",112,"no"
141230,"tag","Tag",112,"no"
141230,"tag","Tag",112,"no"
141230,"tag","Tag",112,"no"
141230,"illustration","SITS",112,"no"
141230,"tag","Tag",112,"no"
141230,"tag","Tag",112,"no"
141230,"tag","Tag",112,"no"
141230,"tag","Tag",112,"no"
141230,"tag","Tag",112,"no"
141300,"tag","Tag",112,"no"
141513,"tag","Tag",112,"no"
141212,"stencil","SITS",104,"no"
141212,"tag","Tag",104,"no"
141212,"tag","Tag",104,"no"
141212,"tag","Tag",104,"no"
141212,"slogan","SITS",104,"no"
141212,"stencil","SITS",104,"no"
141212,"tag","Tag",104,"no"
141212,"tag","Tag",104,"no"
141213,"illustration","SITS",104,"no"
141397,"slogan","SITS",104,"no"
141429,"slogan","SITS",104,"no"
141429,"slogan","SITS",104,"no"
559376,"slogan","SITS",104,"no"
559376,"other","Others",104,"no"
559376,"other","Others",104,"no"
559376,"tag","Tag",104,"no"
559376,"other","Others",104,"no"
559376,"slogan","SITS",104,"no"
627555,"other","Others",104,"no"
627555,"tag","Tag",104,"no"
559389,"slogan","SITS",104,"no"
559389,"stencil","SITS",104,"no"
141212,"other","Others",104,"no"
141213,"slogan","SITS",104,"no"
141213,"other","Others",104,"no"
141213,"slogan","SITS",104,"no"
141429,"slogan","SITS",104,"no"
141429,"other","Others",104,"no"
141429,"other","Others",104,"no"
141429,"other","Others",104,"no"
141429,"other","Others",104,"no"
559389,"illustration","SITS",104,"no"
141504,"slogan","SITS",104,"no"
141213,"other","Others",104,"no"
141213,"other","Others",104,"no"
141212,"other","Others",104,"no"
145281,"tag","Tag",183,"no"
145281,"tag","Tag",183,"yes"
145281,"tag","Tag",183,"no"
145281,"tag","Tag",183,"no"
145281,"tag","Tag",183,"no"
145281,"tag","Tag",183,"no"
145508,"slogan","SITS",183,"no"
145508,"tag","Tag",183,"no"
145508,"slogan","SITS",183,"no"
145508,"tag","Tag",183,"no"
610608,"tag","Tag",183,"no"
610608,"tag","Tag",183,"no"
610608,"other","Others",183,"no"
610608,"tag","Tag",183,"no"
610608,"tag","Tag",183,"no"
610608,"tag","Tag",183,"no"
610608,"tag","Tag",183,"no"
610608,"illustration","SITS",183,"no"
610608,"tag","Tag",183,"no"
610608,"tag","Tag",183,"no"
610608,"tag","Tag",183,"no"
610608,"tag","Tag",183,"no"
610608,"tag","Tag",183,"no"
610702,"other","Others",183,"no"
610702,"other","Others",183,"no"
610702,"other","Others",183,"no"
610702,"other","Others",183,"no"
610702,"other","Others",183,"no"
610702,"other","Others",183,"no"
610702,"other","Others",183,"no"
610702,"other","Others",183,"no"
610702,"other","Others",183,"no"
610702,"other","Others",183,"no"
610702,"other","Others",183,"no"
610702,"other","Others",183,"no"
610702,"other","Others",183,"no"
610702,"other","Others",183,"no"
610702,"other","Others",183,"no"
610702,"other","Others",183,"no"
610702,"other","Others",183,"no"
610702,"other","Others",183,"no"
610702,"other","Others",183,"no"
610702,"other","Others",183,"no"
610702,"other","Others",183,"no"
610702,"other","Others",183,"no"
610702,"other","Others",183,"no"
610702,"other","Others",183,"no"
610702,"other","Others",183,"no"
610702,"other","Others",183,"no"
610702,"other","Others",183,"no"
610702,"other","Others",183,"no"
610702,"other","Others",183,"no"
610702,"other","Others",183,"no"
610702,"other","Others",183,"no"
610702,"other","Others",183,"no"
610702,"other","Others",183,"no"
610702,"other","Others",183,"no"
610702,"other","Others",183,"no"
610702,"other","Others",183,"no"
610702,"other","Others",183,"no"
610702,"other","Others",183,"no"
610702,"other","Others",183,"no"
610702,"other","Others",183,"no"
610702,"other","Others",183,"no"
610702,"other","Others",183,"no"
610702,"other","Others",183,"no"
610702,"other","Others",183,"no"
610702,"other","Others",183,"no"
610702,"other","Others",183,"no"
610702,"other","Others",183,"no"
610702,"other","Others",183,"no"
610702,"other","Others",183,"no"
610702,"other","Others",183,"no"
145296,"other","Others",183,"no"
145296,"other","Others",183,"no"
145296,"other","Others",183,"no"
145296,"other","Others",183,"no"
145296,"other","Others",183,"no"
145296,"other","Others",183,"no"
145296,"other","Others",183,"no"
145296,"other","Others",183,"no"
145296,"other","Others",183,"no"
145296,"other","Others",183,"no"
145296,"other","Others",183,"no"
145296,"other","Others",183,"no"
145296,"other","Others",183,"no"
145296,"other","Others",183,"no"
145296,"other","Others",183,"no"
145296,"other","Others",183,"no"
145296,"other","Others",183,"no"
145296,"other","Others",183,"no"
145296,"other","Others",183,"no"
145296,"other","Others",183,"no"
145296,"other","Others",183,"no"
145529,"other","Others",183,"no"
145529,"other","Others",183,"no"
145529,"other","Others",183,"no"
145529,"tag","Tag",183,"no"
145529,"other","Others",183,"no"
145529,"other","Others",183,"no"
145529,"other","Others",183,"no"
145529,"other","Others",183,"no"
145529,"other","Others",183,"no"
145529,"other","Others",183,"no"
145529,"other","Others",183,"no"
145529,"other","Others",183,"no"
145529,"other","Others",183,"no"
145529,"other","Others",183,"no"
145529,"other","Others",183,"no"
145529,"other","Others",183,"no"
145529,"other","Others",183,"no"
145529,"other","Others",183,"no"
145529,"other","Others",183,"no"
145529,"other","Others",183,"no"
145529,"other","Others",183,"no"
145529,"other","Others",183,"no"
145529,"other","Others",183,"no"
145529,"other","Others",183,"no"
145529,"other","Others",183,"no"
145529,"other","Others",183,"no"
145529,"other","Others",183,"no"
145529,"other","Others",183,"no"
145529,"other","Others",183,"no"
145529,"other","Others",183,"no"
145529,"other","Others",183,"no"
145529,"other","Others",183,"no"
145529,"other","Others",183,"no"
145529,"other","Others",183,"no"
145529,"other","Others",183,"no"
145529,"other","Others",183,"no"
145529,"other","Others",183,"no"
145529,"other","Others",183,"no"
145529,"other","Others",183,"no"
145529,"other","Others",183,"no"
145529,"other","Others",183,"no"
145529,"other","Others",183,"no"
145529,"other","Others",183,"no"
145529,"other","Others",183,"no"
145529,"other","Others",183,"no"
145529,"other","Others",183,"no"
145529,"other","Others",183,"no"
145529,"other","Others",183,"no"
145529,"other","Others",183,"no"
145529,"other","Others",183,"no"
145529,"other","Others",183,"no"
145529,"other","Others",183,"no"
145529,"other","Others",183,"no"
145529,"other","Others",183,"no"
145529,"other","Others",183,"no"
145529,"other","Others",183,"no"
145529,"other","Others",183,"no"
145529,"other","Others",183,"no"
145529,"other","Others",183,"no"
145529,"other","Others",183,"no"
145529,"other","Others",183,"no"
145529,"other","Others",183,"no"
145529,"other","Others",183,"no"
145529,"other","Others",183,"no"
145529,"other","Others",183,"no"
145529,"other","Others",183,"no"
145529,"other","Others",183,"no"
145529,"other","Others",183,"no"
145529,"other","Others",183,"no"
145529,"other","Others",183,"no"
145529,"other","Others",183,"no"
145529,"other","Others",183,"no"
145529,"other","Others",183,"no"
145529,"other","Others",183,"no"
145529,"other","Others",183,"no"
145529,"other","Others",183,"no"
145529,"other","Others",183,"no"
145529,"other","Others",183,"no"
145529,"other","Others",183,"no"
145529,"other","Others",183,"no"
145529,"other","Others",183,"no"
145529,"other","Others",183,"no"
145529,"other","Others",183,"no"
145529,"other","Others",183,"no"
145529,"other","Others",183,"no"
145529,"other","Others",183,"no"
145529,"other","Others",183,"no"
145529,"other","Others",183,"no"
145529,"other","Others",183,"no"
145529,"other","Others",183,"no"
145529,"other","Others",183,"no"
145529,"other","Others",183,"no"
145529,"other","Others",183,"no"
145706,"tag","Tag",183,"no"
145706,"tag","Tag",183,"no"
145706,"tag","Tag",183,"no"
145706,"tag","Tag",183,"no"
145706,"tag","Tag",183,"no"
145813,"tag","Tag",183,"no"
145813,"other","Others",183,"no"
145813,"tag","Tag",183,"no"
145530,"other","Others",183,"no"
145530,"other","Others",183,"no"
145530,"other","Others",183,"no"
145530,"other","Others",183,"no"
145546,"other","Others",183,"no"
145383,"tag","Tag",172,"no"
145383,"other","Others",172,"no"
145383,"tag","Tag",172,"no"
145247,"tag","Tag",172,"no"
145247,"tag","Tag",172,"no"
145247,"tag","Tag",172,"no"
145247,"tag","Tag",172,"no"
145247,"tag","Tag",172,"no"
145247,"tag","Tag",172,"no"
145247,"tag","Tag",172,"no"
145247,"tag","Tag",172,"no"
145247,"tag","Tag",172,"no"
145412,"tag","Tag",172,"no"
145412,"tag","Tag",172,"no"
145412,"slogan","SITS",172,"no"
145484,"tag","Tag",172,"no"
145484,"tag","Tag",172,"no"
145484,"tag","Tag",172,"no"
145484,"tag","Tag",172,"no"
145270,"slogan","SITS",172,"no"
145270,"tag","Tag",172,"no"
145369,"other","Others",172,"no"
145369,"tag","Tag",172,"no"
145369,"tag","Tag",172,"no"
145369,"tag","Tag",172,"no"
145383,"tag","Tag",172,"no"
145370,"tag","Tag",47,"no"
145370,"tag","Tag",47,"no"
145370,"other","Others",47,"no"
145370,"tag","Tag",47,"no"
145370,"tag","Tag",47,"no"
145393,"other","Others",47,"no"
145414,"tag","Tag",47,"no"
145414,"tag","Tag",47,"no"
145414,"tag","Tag",47,"no"
145414,"tag","Tag",47,"no"
145414,"other","Others",47,"no"
145414,"tag","Tag",47,"no"
145414,"other","Others",47,"no"
145414,"tag","Tag",47,"no"
145414,"tag","Tag",47,"no"
145414,"other","Others",47,"no"
145414,"tag","Tag",47,"no"
145414,"tag","Tag",47,"no"
145414,"tag","Tag",47,"no"
145414,"tag","Tag",47,"no"
145414,"tag","Tag",47,"no"
145818,"other","Others",47,"no"
145818,"other","Others",47,"no"
145818,"other","Others",47,"no"
145817,"tag","Tag",47,"no"
145817,"tag","Tag",47,"no"
145817,"other","Others",47,"no"
145615,"tag","Tag",47,"no"
145615,"other","Others",47,"no"
145615,"tag","Tag",47,"no"
145615,"tag","Tag",47,"no"
145615,"tag","Tag",47,"no"
145615,"tag","Tag",47,"no"
145615,"tag","Tag",47,"no"
145816,"other","Others",47,"no"
145816,"tag","Tag",47,"no"
145816,"tag","Tag",47,"no"
145816,"tag","Tag",47,"no"
145816,"other","Others",47,"no"
145816,"tag","Tag",47,"no"
145816,"tag","Tag",47,"no"
627787,"tag","Tag",47,"no"
627787,"tag","Tag",47,"no"
627787,"tag","Tag",47,"no"
627787,"tag","Tag",47,"no"
627787,"tag","Tag",47,"no"
627787,"tag","Tag",47,"no"
627776,"illustration","SITS",47,"no"
627776,"tag","Tag",47,"no"
610676,"tag","Tag",53,"no"
145521,"tag","Tag",53,"no"
145521,"tag","Tag",53,"no"
145290,"other","Others",53,"no"
145290,"tag","Tag",53,"no"
610676,"tag","Tag",53,"no"
145408,"tag","Tag",53,"no"
145512,"tag","Tag",53,"no"
145512,"tag","Tag",53,"no"
145238,"tag","Tag",53,"no"
145438,"tag","Tag",53,"no"
141651,"other","Others",48,"no"
141651,"tag","Tag",48,"no"
141651,"tag","Tag",48,"no"
141651,"tag","Tag",48,"no"
141651,"tag","Tag",48,"no"
141651,"other","Others",48,"no"
141643,"illustration","SITS",48,"no"
141643,"stencil","SITS",48,"no"
141643,"illustration","SITS",48,"no"
141643,"tag","Tag",48,"no"
141643,"stencil","SITS",48,"no"
141643,"illustration","SITS",48,"no"
141654,"other","Others",48,"no"
141654,"other","Others",48,"no"
141419,"stencil","SITS",48,"no"
141511,"other","Others",48,"no"
141511,"tag","Tag",48,"no"
141511,"other","Others",48,"no"
611114,"other","Others",48,"no"
611114,"tag","Tag",48,"no"
611114,"tag","Tag",48,"no"
611114,"stencil","SITS",48,"no"
611114,"illustration","SITS",48,"no"
611114,"other","Others",48,"no"
611114,"tag","Tag",48,"no"
611114,"tag","Tag",48,"no"
141598,"tag","Tag",48,"no"
141598,"illustration","SITS",48,"no"
141598,"illustration","SITS",48,"no"
141598,"tag","Tag",48,"no"
141598,"illustration","SITS",48,"no"
141598,"illustration","SITS",48,"no"
141598,"tag","Tag",48,"no"
141463,"other","Others",48,"no"
141463,"illustration","SITS",48,"no"
141463,"tag","Tag",48,"no"
141463,"other","Others",48,"no"
141651,"tag","Tag",48,"no"
141651,"tag","Tag",48,"no"
141654,"tag","Tag",48,"no"
141654,"other","Others",48,"no"
141507,"other","Others",48,"no"
141507,"tag","Tag",48,"no"
141511,"tag","Tag",48,"no"
141463,"other","Others",48,"no"
611114,"tag","Tag",48,"no"
141598,"other","Others",48,"no"
141598,"illustration","SITS",48,"no"
141651,"other","Others",48,"no"
141643,"tag","Tag",48,"no"
141654,"other","Others",48,"no"
141463,"other","Others",48,"no"
141507,"tag","Tag",48,"no"
141419,"other","Others",48,"no"
141511,"other","Others",48,"no"
141463,"other","Others",48,"no"
141463,"other","Others",48,"no"
611114,"illustration","SITS",48,"no"
358487,"throw up","SITS",19,"no"
358487,"tag","Tag",19,"no"
358487,"tag","Tag",19,"no"
358487,"tag","Tag",19,"no"
141657,"throw up","SITS",19,"no"
141657,"tag","Tag",19,"no"
141657,"tag","Tag",19,"no"
141657,"tag","Tag",19,"no"
141657,"tag","Tag",19,"no"
141657,"tag","Tag",19,"no"
55487,"tag","Tag",19,"no"
611051,"tag","Tag",19,"no"
611051,"tag","Tag",19,"no"
611051,"tag","Tag",19,"no"
611051,"tag","Tag",19,"no"
611051,"tag","Tag",19,"no"
611051,"tag","Tag",19,"no"
611051,"slogan","SITS",19,"no"
611051,"tag","Tag",19,"no"
611051,"tag","Tag",19,"no"
611051,"tag","Tag",19,"no"
611051,"tag","Tag",19,"no"
611051,"slogan","SITS",19,"no"
358488,"illustration","SITS",19,"no"
141639,"illustration","SITS",19,"no"
141639,"illustration","SITS",19,"no"
141666,"tag","Tag",19,"no"
141631,"tag","Tag",19,"no"
141631,"tag","Tag",19,"no"
141631,"tag","Tag",19,"no"
141631,"tag","Tag",19,"no"
141629,"tag","Tag",19,"no"
141629,"illustration","SITS",19,"no"
141655,"illustration","SITS",19,"no"
141655,"illustration","SITS",19,"no"
141655,"tag","Tag",19,"no"
141666,"illustration","SITS",19,"no"
141657,"other","Others",19,"no"
141666,"illustration","SITS",19,"no"
141639,"illustration","SITS",19,"no"
141655,"tag","Tag",19,"no"
141655,"tag","Tag",19,"no"
141655,"other","Others",19,"no"
141655,"illustration","SITS",19,"no"
611051,"throw up","SITS",19,"no"
141655,"illustration","SITS",19,"no"
611051,"slogan","SITS",19,"no"
627628,"tag","Tag",54,"no"
627628,"tag","Tag",54,"no"
627628,"tag","Tag",54,"no"
627628,"tag","Tag",54,"no"
627628,"slogan","SITS",54,"no"
627628,"stencil","SITS",54,"no"
627628,"tag","Tag",54,"no"
627628,"other","Others",54,"no"
627628,"tag","Tag",54,"no"
455579,"tag","Tag",54,"no"
455579,"tag","Tag",54,"no"
455579,"tag","Tag",54,"no"
359275,"tag","Tag",54,"no"
359275,"illustration","SITS",54,"no"
359275,"tag","Tag",54,"no"
359275,"tag","Tag",54,"no"
359275,"tag","Tag",54,"no"
359275,"tag","Tag",54,"no"
359275,"tag","Tag",54,"no"
359275,"tag","Tag",54,"no"
359275,"tag","Tag",54,"no"
359275,"tag","Tag",54,"no"
359275,"illustration","SITS",54,"no"
359275,"tag","Tag",54,"no"
359275,"other","Others",54,"no"
359275,"other","Others",54,"no"
359275,"other","Others",54,"no"
144106,"slogan","SITS",54,"no"
144106,"tag","Tag",54,"no"
144106,"tag","Tag",54,"no"
610983,"tag","Tag",54,"no"
610983,"other","Others",54,"no"
610983,"throw up","SITS",54,"no"
610983,"tag","Tag",54,"no"
610983,"tag","Tag",54,"no"
610983,"slogan","SITS",54,"yes"
610983,"tag","Tag",54,"yes"
610983,"tag","Tag",54,"no"
610983,"tag","Tag",54,"no"
610983,"tag","Tag",54,"yes"
610983,"tag","Tag",54,"no"
610983,"stencil","SITS",54,"yes"
610983,"tag","Tag",54,"yes"
610983,"tag","Tag",54,"no"
610983,"tag","Tag",54,"no"
610983,"tag","Tag",54,"no"
610983,"tag","Tag",54,"no"
610983,"illustration","SITS",54,"yes"
610983,"tag","Tag",54,"no"
610983,"tag","Tag",54,"no"
610983,"slogan","SITS",54,"no"
610983,"tag","Tag",54,"no"
610983,"tag","Tag",54,"no"
610983,"tag","Tag",54,"no"
610983,"throw up","SITS",54,"no"
610983,"slogan","SITS",54,"no"
610983,"stencil","SITS",54,"no"
610983,"tag","Tag",54,"no"
610983,"slogan","SITS",54,"yes"
610983,"illustration","SITS",54,"no"
610983,"masterpiece","Masterpiece",54,"no"
610983,"stencil","SITS",54,"no"
610983,"illustration","SITS",54,"no"
610983,"illustration","SITS",54,"no"
610983,"stencil","SITS",54,"no"
610983,"tag","Tag",54,"yes"
610983,"illustration","SITS",54,"no"
610983,"illustration","SITS",54,"yes"
610983,"tag","Tag",54,"yes"
610983,"tag","Tag",54,"yes"
610983,"illustration","SITS",54,"no"
610983,"masterpiece","Masterpiece",54,"no"
610983,"tag","Tag",54,"yes"
610983,"tag","Tag",54,"no"
610983,"tag","Tag",54,"no"
610983,"tag","Tag",54,"no"
610983,"slogan","SITS",54,"no"
610983,"tag","Tag",54,"no"
610983,"masterpiece","Masterpiece",54,"yes"
610983,"tag","Tag",54,"no"
610983,"tag","Tag",54,"yes"
610983,"masterpiece","Masterpiece",54,"yes"
610983,"tag","Tag",54,"yes"
610983,"masterpiece","Masterpiece",54,"no"
627628,"tag","Tag",54,"no"
627628,"tag","Tag",54,"no"
455579,"tag","Tag",54,"no"
144106,"tag","Tag",54,"no"
145216,"tag","Tag",55,"no"
145216,"tag","Tag",55,"no"
145371,"other","Others",55,"no"
145371,"tag","Tag",55,"no"
145390,"slogan","SITS",55,"no"
145390,"other","Others",55,"no"
145390,"tag","Tag",55,"no"
145390,"tag","Tag",55,"no"
145390,"tag","Tag",55,"no"
145390,"tag","Tag",55,"no"
145390,"tag","Tag",55,"no"
145229,"tag","Tag",55,"no"
145229,"tag","Tag",55,"no"
145229,"other","Others",55,"no"
145422,"other","Others",55,"no"
145422,"other","Others",55,"no"
145422,"other","Others",55,"no"
145229,"other","Others",55,"no"
145255,"tag","Tag",55,"no"
145255,"other","Others",55,"no"
145255,"other","Others",55,"no"
145255,"tag","Tag",55,"no"
145255,"tag","Tag",55,"no"
145255,"tag","Tag",55,"no"
145255,"other","Others",55,"no"
145255,"other","Others",55,"no"
145255,"other","Others",55,"no"
145371,"tag","Tag",55,"no"
145371,"tag","Tag",55,"no"
145371,"tag","Tag",55,"no"
145371,"tag","Tag",55,"no"
145371,"other","Others",55,"no"
145229,"tag","Tag",55,"no"
145229,"other","Others",55,"no"
145255,"tag","Tag",55,"no"
145255,"other","Others",55,"no"
145255,"tag","Tag",55,"no"
145339,"tag","Tag",55,"no"
145229,"other","Others",55,"no"
145456,"slogan","SITS",56,"no"
455468,"tag","Tag",56,"no"
455468,"tag","Tag",56,"no"
455468,"tag","Tag",56,"no"
145453,"other","Others",56,"no"
145442,"other","Others",56,"no"
145385,"tag","Tag",56,"no"
145385,"tag","Tag",56,"no"
358725,"slogan","SITS",56,"no"
358725,"tag","Tag",56,"no"
358725,"throw up","SITS",56,"no"
358725,"throw up","SITS",56,"no"
358725,"other","Others",56,"no"
358725,"tag","Tag",56,"no"
358725,"tag","Tag",56,"no"
358725,"illustration","SITS",56,"no"
358725,"tag","Tag",56,"no"
358725,"illustration","SITS",56,"no"
358725,"other","Others",56,"no"
358725,"other","Others",56,"no"
358725,"other","Others",56,"no"
358725,"tag","Tag",56,"no"
358725,"tag","Tag",56,"yes"
358725,"illustration","SITS",56,"yes"
358725,"other","Others",56,"yes"
358725,"illustration","SITS",56,"no"
358725,"masterpiece","Masterpiece",56,"no"
358725,"masterpiece","Masterpiece",56,"no"
358725,"illustration","SITS",56,"no"
358725,"tag","Tag",56,"no"
358725,"other","Others",56,"yes"
358725,"other","Others",56,"yes"
358725,"slogan","SITS",56,"yes"
358725,"illustration","SITS",56,"yes"
142117,"tag","Tag",7,"no"
142117,"tag","Tag",7,"no"
142117,"tag","Tag",7,"no"
142117,"slogan","SITS",7,"no"
142117,"tag","Tag",7,"no"
142117,"slogan","SITS",7,"no"
142117,"tag","Tag",7,"no"
142117,"tag","Tag",7,"no"
142120,"tag","Tag",7,"no"
141983,"tag","Tag",7,"no"
141983,"tag","Tag",7,"no"
141983,"tag","Tag",7,"no"
141983,"tag","Tag",7,"no"
141983,"tag","Tag",7,"no"
141983,"tag","Tag",7,"no"
141983,"tag","Tag",7,"no"
141983,"tag","Tag",7,"no"
141983,"tag","Tag",7,"no"
141983,"tag","Tag",7,"no"
141983,"tag","Tag",7,"no"
142171,"tag","Tag",7,"no"
142171,"tag","Tag",7,"no"
142171,"tag","Tag",7,"no"
142171,"tag","Tag",7,"no"
142171,"tag","Tag",7,"no"
142171,"tag","Tag",7,"no"
142171,"tag","Tag",7,"no"
142171,"tag","Tag",7,"no"
142171,"tag","Tag",7,"no"
142171,"tag","Tag",7,"no"
142171,"tag","Tag",7,"no"
142171,"tag","Tag",7,"no"
142171,"tag","Tag",7,"no"
142171,"tag","Tag",7,"no"
142171,"tag","Tag",7,"no"
142171,"tag","Tag",7,"no"
142171,"tag","Tag",7,"no"
142171,"tag","Tag",7,"no"
142171,"tag","Tag",7,"no"
141726,"tag","Tag",7,"no"
141726,"tag","Tag",7,"no"
141726,"tag","Tag",7,"no"
142172,"tag","Tag",7,"no"
142172,"tag","Tag",7,"no"
141983,"tag","Tag",7,"no"
142171,"tag","Tag",7,"no"
142171,"tag","Tag",7,"no"
142171,"stencil","SITS",7,"no"
142171,"tag","Tag",7,"no"
610704,"tag","Tag",57,"no"
610704,"tag","Tag",57,"no"
358788,"tag","Tag",57,"no"
145289,"tag","Tag",57,"no"
145289,"tag","Tag",57,"no"
145289,"illustration","SITS",57,"no"
145289,"illustration","SITS",57,"no"
145289,"slogan","SITS",57,"yes"
145289,"illustration","SITS",57,"no"
145286,"tag","Tag",57,"no"
530253,"tag","Tag",57,"no"
530253,"throw up","SITS",57,"no"
530253,"tag","Tag",57,"no"
530253,"tag","Tag",57,"no"
530253,"tag","Tag",57,"no"
530253,"tag","Tag",57,"no"
530253,"tag","Tag",57,"no"
530253,"tag","Tag",57,"no"
530253,"tag","Tag",57,"no"
530253,"tag","Tag",57,"no"
145298,"tag","Tag",57,"no"
145298,"tag","Tag",57,"no"
23168,"tag","Tag",57,"no"
23168,"tag","Tag",57,"no"
23168,"slogan","SITS",57,"no"
23168,"tag","Tag",57,"no"
23168,"tag","Tag",57,"no"
145612,"tag","Tag",57,"no"
145612,"tag","Tag",57,"no"
145612,"tag","Tag",57,"no"
145612,"tag","Tag",57,"yes"
145612,"tag","Tag",57,"no"
145612,"tag","Tag",57,"no"
145612,"tag","Tag",57,"no"
145612,"tag","Tag",57,"yes"
145612,"tag","Tag",57,"no"
145612,"tag","Tag",57,"no"
145612,"tag","Tag",57,"no"
145612,"tag","Tag",57,"no"
145612,"tag","Tag",57,"no"
145612,"tag","Tag",57,"no"
23166,"tag","Tag",57,"no"
23166,"tag","Tag",57,"no"
23166,"slogan","SITS",57,"no"
23166,"tag","Tag",57,"no"
23166,"slogan","SITS",57,"no"
23166,"illustration","SITS",57,"no"
23166,"illustration","SITS",57,"no"
23166,"illustration","SITS",57,"no"
23166,"illustration","SITS",57,"no"
23166,"tag","Tag",57,"no"
23166,"slogan","SITS",57,"yes"
23166,"illustration","SITS",57,"no"
23166,"slogan","SITS",57,"no"
23166,"tag","Tag",57,"no"
23166,"tag","Tag",57,"no"
23166,"tag","Tag",57,"no"
23166,"illustration","SITS",57,"yes"
23166,"tag","Tag",57,"no"
23166,"tag","Tag",57,"no"
23166,"illustration","SITS",57,"no"
23166,"throw up","SITS",57,"no"
23166,"tag","Tag",57,"no"
23166,"tag","Tag",57,"no"
23166,"tag","Tag",57,"no"
23166,"tag","Tag",57,"no"
23166,"illustration","SITS",57,"no"
23166,"throw up","SITS",57,"no"
23166,"tag","Tag",57,"no"
23166,"illustration","SITS",57,"no"
23166,"tag","Tag",57,"yes"
23166,"tag","Tag",57,"no"
23166,"tag","Tag",57,"no"
23166,"tag","Tag",57,"no"
23166,"illustration","SITS",57,"no"
23166,"illustration","SITS",57,"yes"
23166,"throw up","SITS",57,"no"
23166,"tag","Tag",57,"yes"
23166,"tag","Tag",57,"no"
23166,"tag","Tag",57,"no"
23166,"tag","Tag",57,"yes"
23166,"tag","Tag",57,"no"
23166,"tag","Tag",57,"no"
23166,"tag","Tag",57,"no"
23166,"throw up","SITS",57,"no"
23166,"illustration","SITS",57,"no"
23166,"tag","Tag",57,"no"
23166,"tag","Tag",57,"no"
23166,"throw up","SITS",57,"no"
23166,"illustration","SITS",57,"no"
23166,"tag","Tag",57,"no"
23166,"masterpiece","Masterpiece",57,"yes"
23166,"masterpiece","Masterpiece",57,"yes"
23166,"slogan","SITS",57,"no"
23166,"tag","Tag",57,"yes"
23166,"illustration","SITS",57,"yes"
23166,"tag","Tag",57,"yes"
23166,"tag","Tag",57,"no"
23166,"stencil","SITS",57,"no"
23166,"tag","Tag",57,"no"
23166,"tag","Tag",57,"yes"
23166,"tag","Tag",57,"no"
23166,"tag","Tag",57,"yes"
23166,"tag","Tag",57,"no"
23166,"tag","Tag",57,"no"
23166,"tag","Tag",57,"no"
23166,"tag","Tag",57,"no"
23166,"tag","Tag",57,"no"
23166,"tag","Tag",57,"no"
23166,"tag","Tag",57,"no"
23166,"masterpiece","Masterpiece",57,"yes"
23166,"masterpiece","Masterpiece",57,"no"
23166,"masterpiece","Masterpiece",57,"no"
23166,"throw up","SITS",57,"yes"
23166,"tag","Tag",57,"no"
23166,"tag","Tag",57,"yes"
23166,"throw up","SITS",57,"yes"
23166,"throw up","SITS",57,"yes"
23166,"tag","Tag",57,"no"
23166,"tag","Tag",57,"no"
23166,"slogan","SITS",57,"yes"
23166,"tag","Tag",57,"no"
23166,"tag","Tag",57,"no"
23166,"slogan","SITS",57,"no"
23166,"illustration","SITS",57,"yes"
23166,"tag","Tag",57,"no"
23166,"tag","Tag",57,"yes"
23166,"tag","Tag",57,"no"
23166,"tag","Tag",57,"no"
23166,"tag","Tag",57,"no"
23166,"stencil","SITS",57,"no"
23166,"tag","Tag",57,"no"
23166,"tag","Tag",57,"no"
23166,"tag","Tag",57,"no"
23166,"tag","Tag",57,"no"
23166,"tag","Tag",57,"yes"
23166,"tag","Tag",57,"no"
23166,"tag","Tag",57,"no"
23166,"illustration","SITS",57,"no"
23166,"tag","Tag",57,"no"
23166,"tag","Tag",57,"yes"
23166,"tag","Tag",57,"no"
23166,"throw up","SITS",57,"no"
23166,"tag","Tag",57,"no"
23166,"tag","Tag",57,"no"
23166,"tag","Tag",57,"no"
23166,"tag","Tag",57,"no"
23166,"tag","Tag",57,"no"
23166,"slogan","SITS",57,"no"
23166,"tag","Tag",57,"no"
23166,"tag","Tag",57,"no"
23166,"tag","Tag",57,"no"
23166,"tag","Tag",57,"no"
23166,"tag","Tag",57,"no"
23166,"tag","Tag",57,"no"
23166,"tag","Tag",57,"no"
23166,"tag","Tag",57,"no"
23166,"tag","Tag",57,"no"
23166,"tag","Tag",57,"no"
23166,"tag","Tag",57,"no"
23166,"tag","Tag",57,"yes"
23166,"tag","Tag",57,"no"
23166,"tag","Tag",57,"no"
23166,"tag","Tag",57,"yes"
23166,"tag","Tag",57,"no"
23166,"tag","Tag",57,"no"
23166,"illustration","SITS",57,"no"
23166,"tag","Tag",57,"yes"
23166,"tag","Tag",57,"no"
23166,"tag","Tag",57,"yes"
23166,"tag","Tag",57,"yes"
23166,"tag","Tag",57,"no"
23166,"tag","Tag",57,"no"
23166,"tag","Tag",57,"no"
23166,"tag","Tag",57,"yes"
23166,"tag","Tag",57,"yes"
23166,"illustration","SITS",57,"no"
23166,"tag","Tag",57,"yes"
23166,"tag","Tag",57,"no"
23166,"tag","Tag",57,"no"
23166,"illustration","SITS",57,"no"
23166,"tag","Tag",57,"yes"
23166,"tag","Tag",57,"no"
23166,"tag","Tag",57,"no"
23166,"throw up","SITS",57,"no"
23166,"tag","Tag",57,"no"
23166,"tag","Tag",57,"yes"
23166,"tag","Tag",57,"no"
23166,"throw up","SITS",57,"yes"
23166,"tag","Tag",57,"no"
23166,"tag","Tag",57,"no"
23166,"stencil","SITS",57,"no"
23166,"stencil","SITS",57,"no"
23166,"tag","Tag",57,"no"
23166,"tag","Tag",57,"no"
23166,"throw up","SITS",57,"no"
23166,"slogan","SITS",57,"no"
23166,"illustration","SITS",57,"no"
23166,"throw up","SITS",57,"no"
23166,"illustration","SITS",57,"no"
23166,"tag","Tag",57,"no"
23166,"illustration","SITS",57,"no"
23166,"slogan","SITS",57,"no"
23166,"stencil","SITS",57,"yes"
23166,"masterpiece","Masterpiece",57,"yes"
23166,"slogan","SITS",57,"yes"
23166,"tag","Tag",57,"no"
611140,"slogan","SITS",131,"no"
611140,"tag","Tag",131,"no"
141784,"tag","Tag",131,"yes"
141784,"illustration","SITS",131,"yes"
141784,"masterpiece","Masterpiece",131,"no"
141784,"masterpiece","Masterpiece",131,"no"
141784,"tag","Tag",131,"yes"
141784,"tag","Tag",131,"no"
141784,"masterpiece","Masterpiece",131,"no"
141784,"illustration","SITS",131,"yes"
141784,"tag","Tag",131,"yes"
141784,"illustration","SITS",131,"yes"
141784,"tag","Tag",131,"no"
141784,"tag","Tag",131,"yes"
141784,"masterpiece","Masterpiece",131,"yes"
141784,"tag","Tag",131,"no"
141784,"tag","Tag",131,"yes"
141784,"masterpiece","Masterpiece",131,"yes"
141784,"tag","Tag",131,"yes"
141784,"masterpiece","Masterpiece",131,"no"
141784,"tag","Tag",131,"no"
141784,"tag","Tag",131,"no"
141784,"illustration","SITS",131,"no"
141784,"illustration","SITS",131,"no"
141784,"tag","Tag",131,"no"
141784,"other","Others",131,"no"
141784,"other","Others",131,"no"
141784,"other","Others",131,"no"
141784,"other","Others",131,"no"
141784,"other","Others",131,"no"
141784,"other","Others",131,"no"
141750,"tag","Tag",131,"no"
141750,"stencil","SITS",131,"no"
141750,"tag","Tag",131,"no"
141765,"tag","Tag",131,"no"
141765,"tag","Tag",131,"no"
141765,"stencil","SITS",131,"no"
141773,"illustration","SITS",4,"no"
141773,"tag","Tag",4,"no"
141773,"tag","Tag",4,"no"
141773,"tag","Tag",4,"no"
141773,"other","Others",4,"no"
559395,"tag","Tag",4,"no"
559395,"tag","Tag",4,"no"
559395,"tag","Tag",4,"no"
559395,"tag","Tag",4,"no"
559395,"illustration","SITS",4,"no"
559395,"illustration","SITS",4,"no"
141774,"illustration","SITS",4,"no"
141774,"other","Others",4,"no"
141774,"other","Others",4,"no"
141774,"other","Others",4,"no"
141774,"slogan","SITS",4,"no"
141774,"tag","Tag",4,"no"
145730,"tag","Tag",72,"no"
359494,"tag","Tag",72,"no"
145781,"tag","Tag",72,"no"
145602,"tag","Tag",72,"no"
145613,"tag","Tag",72,"no"
145613,"tag","Tag",72,"no"
145613,"tag","Tag",72,"no"
145613,"tag","Tag",72,"no"
145602,"tag","Tag",72,"no"
145602,"tag","Tag",72,"no"
145602,"tag","Tag",72,"no"
145602,"tag","Tag",72,"no"
145578,"other","Others",76,"no"
145758,"tag","Tag",76,"no"
145589,"other","Others",76,"no"
145589,"tag","Tag",76,"no"
145589,"tag","Tag",76,"no"
145589,"tag","Tag",76,"no"
145765,"other","Others",76,"no"
145765,"tag","Tag",76,"no"
145772,"illustration","SITS",76,"no"
145772,"illustration","SITS",76,"no"
145772,"tag","Tag",76,"no"
145772,"tag","Tag",76,"no"
145772,"tag","Tag",76,"no"
145784,"illustration","SITS",76,"no"
627788,"other","Others",76,"no"
627788,"tag","Tag",76,"no"
627788,"other","Others",76,"no"
627788,"tag","Tag",76,"no"
627788,"tag","Tag",76,"no"
627788,"other","Others",76,"no"
145603,"throw up","SITS",76,"no"
145603,"tag","Tag",76,"no"
145603,"throw up","SITS",76,"no"
145603,"tag","Tag",76,"no"
145603,"throw up","SITS",76,"no"
145603,"tag","Tag",76,"no"
145603,"tag","Tag",76,"no"
145589,"tag","Tag",76,"no"
145589,"tag","Tag",76,"no"
145765,"other","Others",76,"no"
610634,"other","Others",76,"no"
145772,"other","Others",76,"no"
145772,"other","Others",76,"no"
145784,"other","Others",76,"no"
627788,"tag","Tag",76,"no"
627788,"other","Others",76,"no"
145603,"other","Others",76,"no"
145603,"tag","Tag",76,"no"
145772,"other","Others",76,"no"
145772,"other","Others",76,"no"
145772,"tag","Tag",76,"no"
145784,"other","Others",76,"no"
145795,"other","Others",76,"no"
145758,"tag","Tag",76,"no"
145589,"other","Others",76,"no"
455744,"tag","Tag",77,"no"
455744,"other","Others",77,"no"
455744,"slogan","SITS",77,"no"
455744,"tag","Tag",77,"no"
455744,"tag","Tag",77,"yes"
455744,"throw up","SITS",77,"no"
455744,"illustration","SITS",77,"no"
455744,"tag","Tag",77,"no"
455744,"slogan","SITS",77,"no"
455744,"tag","Tag",77,"yes"
455744,"throw up","SITS",77,"no"
455744,"tag","Tag",77,"yes"
455744,"illustration","SITS",77,"no"
455744,"tag","Tag",77,"yes"
455744,"illustration","SITS",77,"no"
455744,"illustration","SITS",77,"no"
455744,"illustration","SITS",77,"no"
455744,"illustration","SITS",77,"no"
455744,"illustration","SITS",77,"no"
455744,"illustration","SITS",77,"no"
455744,"illustration","SITS",77,"no"
455744,"illustration","SITS",77,"no"
455744,"slogan","SITS",77,"no"
455744,"illustration","SITS",77,"no"
455744,"tag","Tag",77,"no"
141755,"illustration","SITS",77,"no"
455744,"tag","Tag",77,"no"
455744,"slogan","SITS",77,"no"
455744,"slogan","SITS",77,"no"
455744,"other","Others",77,"no"
455744,"other","Others",77,"no"
455744,"illustration","SITS",77,"no"
610981,"other","Others",111,"no"
610981,"other","Others",111,"no"
610981,"other","Others",111,"no"
559377,"other","Others",111,"no"
559377,"other","Others",111,"no"
559377,"tag","Tag",111,"no"
21701,"throw up","SITS",111,"no"
21701,"tag","Tag",111,"no"
21701,"tag","Tag",111,"no"
21701,"throw up","SITS",111,"no"
21701,"tag","Tag",111,"no"
21701,"tag","Tag",111,"no"
21701,"tag","Tag",111,"no"
21701,"throw up","SITS",111,"yes"
21701,"throw up","SITS",111,"no"
21701,"tag","Tag",111,"no"
21701,"tag","Tag",111,"no"
21701,"throw up","SITS",111,"no"
21701,"throw up","SITS",111,"no"
21701,"tag","Tag",111,"no"
21701,"tag","Tag",111,"no"
559419,"tag","Tag",111,"no"
559419,"tag","Tag",111,"no"
559419,"tag","Tag",111,"no"
559419,"tag","Tag",111,"no"
559419,"tag","Tag",111,"no"
559419,"tag","Tag",111,"no"
559419,"other","Others",111,"no"
559419,"tag","Tag",111,"no"
141499,"illustration","SITS",111,"no"
610981,"tag","Tag",111,"no"
21701,"masterpiece","Masterpiece",111,"no"
610981,"tag","Tag",111,"no"
21701,"tag","Tag",111,"no"
21701,"tag","Tag",111,"no"
141601,"illustration","SITS",111,"no"
559377,"tag","Tag",111,"no"
141499,"other","Others",111,"no"
141499,"other","Others",111,"no"
141499,"other","Others",111,"no"
141499,"other","Others",111,"no"
21701,"tag","Tag",111,"no"
21701,"tag","Tag",111,"no"
559377,"tag","Tag",111,"no"
559419,"tag","Tag",111,"no"
21701,"slogan","SITS",111,"no"
21701,"tag","Tag",111,"no"
145292,"other","Others",78,"no"
145499,"tag","Tag",78,"no"
145510,"tag","Tag",78,"no"
145510,"other","Others",78,"no"
145510,"tag","Tag",78,"no"
145510,"other","Others",78,"no"
145510,"tag","Tag",78,"no"
145510,"tag","Tag",78,"no"
145510,"tag","Tag",78,"no"
145524,"other","Others",78,"no"
610675,"other","Others",78,"no"
610675,"other","Others",78,"no"
610675,"tag","Tag",78,"no"
610675,"tag","Tag",78,"no"
610675,"tag","Tag",78,"no"
610710,"other","Others",78,"no"
145608,"tag","Tag",82,"no"
145608,"tag","Tag",82,"no"
145608,"tag","Tag",82,"no"
145608,"illustration","SITS",82,"no"
610626,"tag","Tag",82,"no"
610626,"tag","Tag",82,"no"
610626,"tag","Tag",82,"no"
610626,"tag","Tag",82,"no"
610626,"tag","Tag",82,"no"
610626,"tag","Tag",82,"no"
610626,"illustration","SITS",82,"no"
610626,"tag","Tag",82,"no"
610626,"tag","Tag",82,"no"
610626,"tag","Tag",82,"no"
610626,"tag","Tag",82,"no"
610626,"tag","Tag",82,"no"
610626,"illustration","SITS",82,"no"
610626,"tag","Tag",82,"no"
610626,"illustration","SITS",82,"no"
610626,"tag","Tag",82,"no"
610626,"tag","Tag",82,"no"
610626,"tag","Tag",82,"no"
145601,"tag","Tag",82,"no"
145601,"tag","Tag",82,"no"
358497,"tag","Tag",84,"no"
358497,"tag","Tag",84,"no"
358497,"tag","Tag",84,"no"
611024,"tag","Tag",84,"no"
627751,"tag","Tag",84,"no"
627751,"tag","Tag",84,"no"
627751,"tag","Tag",84,"no"
627751,"tag","Tag",84,"no"
627751,"other","Others",84,"no"
627751,"other","Others",84,"no"
141825,"tag","Tag",84,"no"
141825,"tag","Tag",84,"no"
141825,"tag","Tag",84,"no"
358612,"illustration","SITS",86,"no"
358612,"illustration","SITS",86,"no"
358612,"other","Others",86,"no"
358612,"illustration","SITS",86,"no"
358612,"illustration","SITS",86,"no"
358612,"illustration","SITS",86,"no"
358612,"other","Others",86,"no"
358612,"other","Others",86,"no"
358612,"illustration","SITS",86,"no"
358612,"other","Others",86,"no"
358613,"illustration","SITS",86,"no"
358614,"illustration","SITS",86,"no"
358614,"illustration","SITS",86,"no"
358614,"illustration","SITS",86,"no"
141328,"other","Others",86,"no"
610928,"other","Others",86,"no"
610928,"illustration","SITS",86,"no"
141188,"other","Others",86,"no"
141306,"other","Others",86,"no"
141306,"illustration","SITS",86,"no"
141306,"tag","Tag",86,"no"
141306,"tag","Tag",86,"no"
610994,"illustration","SITS",86,"no"
610994,"illustration","SITS",86,"no"
358612,"illustration","SITS",86,"no"
358612,"tag","Tag",86,"no"
358612,"tag","Tag",86,"no"
358612,"tag","Tag",86,"no"
358612,"tag","Tag",86,"no"
358612,"illustration","SITS",86,"no"
358612,"other","Others",86,"no"
358612,"other","Others",86,"no"
358612,"other","Others",86,"no"
358615,"slogan","SITS",86,"no"
358615,"tag","Tag",86,"no"
141185,"other","Others",86,"no"
141328,"illustration","SITS",86,"no"
141328,"other","Others",86,"no"
141328,"tag","Tag",86,"no"
610994,"illustration","SITS",86,"no"
358612,"slogan","SITS",86,"no"
358612,"tag","Tag",86,"no"
358615,"other","Others",86,"no"
141306,"illustration","SITS",86,"no"
610994,"illustration","SITS",86,"no"
358615,"other","Others",86,"no"
610994,"tag","Tag",86,"no"
21739,"other","Others",93,"no"
21739,"other","Others",93,"no"
21739,"other","Others",93,"no"
21739,"other","Others",93,"no"
21739,"other","Others",93,"no"
21739,"other","Others",93,"no"
21739,"other","Others",93,"no"
21739,"other","Others",93,"no"
21739,"other","Others",93,"no"
21739,"other","Others",93,"no"
21739,"other","Others",93,"no"
21739,"other","Others",93,"no"
21739,"tag","Tag",93,"no"
21739,"slogan","SITS",93,"no"
21739,"slogan","SITS",93,"no"
21739,"slogan","SITS",93,"no"
21739,"tag","Tag",93,"no"
21739,"tag","Tag",93,"no"
21739,"tag","Tag",93,"no"
21739,"tag","Tag",93,"no"
21739,"tag","Tag",93,"no"
21739,"other","Others",93,"no"
21739,"other","Others",93,"no"
21739,"tag","Tag",93,"no"
21739,"tag","Tag",93,"no"
141785,"tag","Tag",93,"no"
141786,"illustration","SITS",93,"yes"
610939,"illustration","SITS",93,"no"
610939,"illustration","SITS",93,"no"
141627,"tag","Tag",93,"no"
141627,"slogan","SITS",93,"yes"
141627,"tag","Tag",93,"no"
141627,"tag","Tag",93,"no"
141627,"tag","Tag",93,"no"
141486,"other","Others",105,"no"
141486,"tag","Tag",105,"no"
141486,"tag","Tag",105,"no"
141486,"tag","Tag",105,"no"
141486,"tag","Tag",105,"no"
141486,"tag","Tag",105,"no"
141474,"tag","Tag",105,"no"
141474,"tag","Tag",105,"no"
559361,"tag","Tag",105,"no"
141455,"tag","Tag",105,"no"
141486,"tag","Tag",105,"no"
141486,"tag","Tag",105,"no"
141486,"tag","Tag",105,"no"
141486,"other","Others",105,"no"
141486,"tag","Tag",105,"no"
141486,"tag","Tag",105,"no"
141486,"tag","Tag",105,"no"
141486,"tag","Tag",105,"no"
141486,"tag","Tag",105,"no"
141486,"tag","Tag",105,"no"
141486,"tag","Tag",105,"no"
141486,"tag","Tag",105,"no"
141486,"tag","Tag",105,"no"
141486,"tag","Tag",105,"no"
559361,"tag","Tag",105,"no"
559361,"tag","Tag",105,"no"
559361,"other","Others",105,"no"
141486,"tag","Tag",105,"no"
141486,"tag","Tag",105,"no"
559361,"tag","Tag",105,"no"
627498,"tag","Tag",88,"no"
627498,"tag","Tag",88,"no"
627498,"tag","Tag",88,"no"
627498,"throw up","SITS",88,"no"
627498,"tag","Tag",88,"no"
627498,"tag","Tag",88,"no"
359272,"tag","Tag",88,"no"
358714,"other","Others",88,"no"
358712,"other","Others",88,"no"
358712,"other","Others",88,"no"
358712,"other","Others",88,"no"
358709,"other","Others",88,"no"
358710,"tag","Tag",88,"no"
358710,"tag","Tag",88,"no"
358710,"tag","Tag",88,"no"
358710,"other","Others",88,"no"
358710,"tag","Tag",88,"no"
358710,"tag","Tag",88,"no"
141347,"other","Others",88,"no"
610684,"other","Others",89,"no"
610684,"tag","Tag",89,"no"
610684,"tag","Tag",89,"no"
610684,"tag","Tag",89,"no"
610684,"tag","Tag",89,"no"
610684,"tag","Tag",89,"no"
610684,"tag","Tag",89,"no"
610684,"illustration","SITS",89,"no"
610684,"tag","Tag",89,"no"
610684,"tag","Tag",89,"no"
610684,"illustration","SITS",89,"no"
610684,"tag","Tag",89,"no"
610684,"other","Others",89,"no"
145489,"other","Others",89,"no"
145287,"other","Others",89,"no"
145287,"other","Others",89,"no"
145426,"illustration","SITS",89,"no"
145426,"illustration","SITS",89,"no"
145426,"tag","Tag",89,"no"
145426,"tag","Tag",89,"no"
145471,"tag","Tag",89,"no"
145465,"other","Others",89,"no"
611147,"other","Others",87,"no"
141682,"tag","Tag",87,"no"
141682,"tag","Tag",87,"no"
141682,"slogan","SITS",87,"no"
141689,"tag","Tag",87,"no"
141689,"slogan","SITS",87,"no"
141689,"tag","Tag",87,"no"
141718,"tag","Tag",87,"no"
141718,"tag","Tag",87,"no"
141718,"other","Others",87,"no"
141718,"tag","Tag",87,"no"
141718,"tag","Tag",87,"no"
141719,"tag","Tag",87,"no"
141719,"other","Others",87,"no"
141713,"tag","Tag",87,"no"
141697,"slogan","SITS",87,"no"
141697,"tag","Tag",87,"no"
141730,"other","Others",87,"no"
145219,"tag","Tag",81,"no"
145219,"tag","Tag",81,"no"
145361,"tag","Tag",81,"no"
145361,"tag","Tag",81,"no"
145327,"illustration","SITS",81,"no"
145368,"slogan","SITS",81,"yes"
145230,"other","Others",81,"no"
455715,"other","Others",108,"no"
141637,"other","Others",108,"no"
141637,"other","Others",108,"no"
141637,"other","Others",108,"no"
141637,"other","Others",108,"no"
141662,"other","Others",108,"no"
141662,"other","Others",108,"no"
141660,"tag","Tag",108,"no"
141660,"other","Others",108,"no"
141660,"other","Others",108,"no"
141663,"masterpiece","Masterpiece",108,"no"
141663,"tag","Tag",108,"no"
141663,"slogan","SITS",108,"no"
141663,"tag","Tag",108,"no"
141663,"tag","Tag",108,"no"
141663,"tag","Tag",108,"no"
141663,"tag","Tag",108,"no"
141635,"other","Others",108,"no"
141635,"stencil","SITS",108,"no"
141635,"other","Others",108,"no"
141645,"other","Others",108,"no"
141766,"tag","Tag",108,"no"
141766,"tag","Tag",108,"no"
141766,"stencil","SITS",108,"no"
141766,"tag","Tag",108,"no"
141766,"illustration","SITS",108,"no"
141766,"other","Others",108,"no"
141625,"slogan","SITS",108,"no"
141625,"tag","Tag",108,"no"
141625,"slogan","SITS",108,"yes"
141625,"slogan","SITS",108,"no"
141625,"tag","Tag",108,"no"
141625,"other","Others",108,"no"
141625,"other","Others",108,"no"
141625,"other","Others",108,"no"
141625,"other","Others",108,"no"
530167,"tag","Tag",163,"no"
530167,"tag","Tag",163,"no"
530183,"illustration","SITS",163,"no"
530183,"illustration","SITS",163,"no"
530183,"tag","Tag",163,"no"
530183,"tag","Tag",163,"no"
530183,"tag","Tag",163,"no"
530183,"tag","Tag",163,"no"
141237,"tag","Tag",163,"no"
141237,"tag","Tag",163,"no"
141237,"tag","Tag",163,"no"
141237,"tag","Tag",163,"no"
141237,"tag","Tag",163,"no"
141237,"slogan","SITS",163,"no"
141237,"slogan","SITS",163,"no"
141237,"tag","Tag",163,"no"
141237,"slogan","SITS",163,"no"
141237,"tag","Tag",163,"no"
141237,"slogan","SITS",163,"no"
141237,"illustration","SITS",163,"no"
141237,"tag","Tag",163,"no"
141237,"slogan","SITS",163,"no"
141237,"slogan","SITS",163,"no"
141237,"tag","Tag",163,"no"
141237,"tag","Tag",163,"no"
141237,"tag","Tag",163,"no"
141237,"tag","Tag",163,"no"
141237,"tag","Tag",163,"no"
141237,"tag","Tag",163,"no"
141237,"tag","Tag",163,"no"
141791,"illustration","SITS",163,"no"
141792,"illustration","SITS",163,"no"
141792,"tag","Tag",163,"no"
141804,"tag","Tag",163,"no"
606664,"tag","Tag",120,"no"
606664,"tag","Tag",120,"no"
606664,"tag","Tag",120,"no"
606664,"tag","Tag",120,"no"
606664,"other","Others",120,"no"
606664,"other","Others",120,"no"
606664,"other","Others",120,"no"
606664,"illustration","SITS",120,"no"
606664,"tag","Tag",120,"no"
606664,"tag","Tag",120,"no"
606664,"tag","Tag",120,"no"
606664,"other","Others",120,"no"
606664,"tag","Tag",120,"no"
606664,"other","Others",120,"no"
606664,"other","Others",120,"no"
606664,"other","Others",120,"no"
606664,"other","Others",120,"no"
606664,"other","Others",120,"no"
606664,"stencil","SITS",120,"no"
606664,"stencil","SITS",120,"no"
606664,"other","Others",120,"no"
606664,"stencil","SITS",120,"no"
606664,"other","Others",120,"no"
606664,"other","Others",120,"no"
606664,"other","Others",120,"no"
606664,"other","Others",120,"no"
606664,"other","Others",120,"no"
606664,"other","Others",120,"no"
606664,"other","Others",120,"no"
606664,"other","Others",120,"no"
606664,"other","Others",120,"no"
606664,"other","Others",120,"no"
606664,"other","Others",120,"no"
606664,"stencil","SITS",120,"no"
606664,"stencil","SITS",120,"no"
606664,"other","Others",120,"no"
606664,"other","Others",120,"no"
606664,"other","Others",120,"no"
606664,"other","Others",120,"no"
606664,"other","Others",120,"no"
606664,"stencil","SITS",120,"no"
606664,"tag","Tag",120,"no"
606664,"tag","Tag",120,"no"
606664,"tag","Tag",120,"no"
141277,"tag","Tag",120,"no"
358715,"illustration","SITS",120,"no"
358715,"other","Others",120,"no"
141183,"other","Others",120,"no"
141363,"illustration","SITS",120,"no"
141363,"other","Others",120,"no"
141363,"other","Others",120,"no"
141363,"illustration","SITS",120,"no"
141363,"other","Others",120,"no"
141348,"tag","Tag",120,"no"
141348,"tag","Tag",120,"no"
141348,"other","Others",120,"no"
141348,"other","Others",120,"no"
141348,"other","Others",120,"no"
141348,"illustration","SITS",120,"no"
141348,"tag","Tag",120,"no"
141348,"other","Others",120,"no"
141348,"tag","Tag",120,"no"
610609,"tag","Tag",135,"no"
610609,"tag","Tag",135,"no"
610609,"tag","Tag",135,"no"
610609,"tag","Tag",135,"no"
610609,"tag","Tag",135,"no"
610609,"tag","Tag",135,"no"
611273,"tag","Tag",135,"no"
611273,"tag","Tag",135,"no"
611273,"tag","Tag",135,"no"
611273,"tag","Tag",135,"no"
611273,"other","Others",135,"no"
145786,"tag","Tag",135,"no"
611130,"tag","Tag",135,"no"
611130,"tag","Tag",135,"no"
611130,"stencil","SITS",135,"no"
611130,"tag","Tag",135,"no"
145577,"other","Others",135,"no"
145577,"tag","Tag",135,"no"
145577,"tag","Tag",135,"no"
145577,"tag","Tag",135,"no"
145577,"illustration","SITS",135,"no"
145751,"tag","Tag",135,"no"
611077,"tag","Tag",135,"no"
611077,"tag","Tag",135,"no"
611077,"illustration","SITS",135,"no"
611077,"illustration","SITS",135,"no"
145567,"tag","Tag",135,"no"
145568,"tag","Tag",135,"no"
145568,"slogan","SITS",135,"no"
145739,"tag","Tag",135,"no"
145739,"tag","Tag",135,"no"
145739,"tag","Tag",135,"no"
145739,"tag","Tag",135,"no"
145739,"illustration","SITS",135,"no"
145739,"tag","Tag",135,"no"
145739,"tag","Tag",135,"no"
145739,"tag","Tag",135,"no"
145739,"tag","Tag",135,"no"
145739,"tag","Tag",135,"no"
145583,"tag","Tag",135,"no"
145583,"tag","Tag",135,"no"
145773,"tag","Tag",135,"no"
145773,"tag","Tag",135,"no"
145773,"tag","Tag",135,"no"
145773,"slogan","SITS",135,"no"
610609,"tag","Tag",135,"no"
611273,"tag","Tag",135,"no"
23198,"tag","Tag",113,"no"
23198,"other","Others",113,"no"
23198,"tag","Tag",113,"no"
145703,"tag","Tag",113,"no"
145703,"illustration","SITS",113,"no"
145703,"other","Others",113,"no"
145703,"slogan","SITS",113,"no"
145703,"tag","Tag",113,"no"
145703,"tag","Tag",113,"no"
145703,"tag","Tag",113,"no"
145703,"tag","Tag",113,"no"
145790,"tag","Tag",113,"no"
145790,"tag","Tag",113,"no"
145790,"tag","Tag",113,"no"
145790,"illustration","SITS",113,"no"
145790,"slogan","SITS",113,"no"
145790,"tag","Tag",113,"no"
145790,"tag","Tag",113,"no"
145790,"illustration","SITS",113,"no"
145860,"slogan","SITS",113,"no"
145860,"other","Others",113,"no"
145860,"other","Others",113,"no"
145860,"other","Others",113,"no"
145860,"other","Others",113,"no"
145860,"tag","Tag",113,"no"
145644,"tag","Tag",113,"no"
145644,"tag","Tag",113,"no"
145644,"tag","Tag",113,"no"
23202,"tag","Tag",113,"no"
23202,"tag","Tag",113,"no"
23202,"other","Others",113,"no"
145877,"tag","Tag",113,"no"
145877,"tag","Tag",113,"no"
145877,"tag","Tag",113,"no"
145877,"tag","Tag",113,"no"
145877,"tag","Tag",113,"no"
145877,"tag","Tag",113,"no"
145877,"tag","Tag",113,"no"
145858,"illustration","SITS",113,"no"
145858,"other","Others",113,"no"
145858,"other","Others",113,"no"
611062,"tag","Tag",58,"no"
611062,"tag","Tag",58,"no"
611062,"tag","Tag",58,"no"
142034,"tag","Tag",58,"no"
142034,"tag","Tag",58,"no"
141981,"tag","Tag",58,"no"
141981,"illustration","SITS",58,"no"
141981,"tag","Tag",58,"no"
141981,"masterpiece","Masterpiece",58,"no"
141981,"tag","Tag",58,"no"
141981,"tag","Tag",58,"no"
141981,"tag","Tag",58,"no"
141981,"throw up","SITS",58,"no"
141981,"illustration","SITS",58,"no"
141981,"tag","Tag",58,"no"
141981,"tag","Tag",58,"no"
141981,"tag","Tag",58,"no"
141981,"tag","Tag",58,"no"
142024,"tag","Tag",58,"no"
142024,"tag","Tag",58,"no"
142024,"tag","Tag",58,"yes"
142024,"tag","Tag",58,"no"
142024,"tag","Tag",58,"no"
142024,"tag","Tag",58,"no"
142024,"tag","Tag",58,"no"
142024,"tag","Tag",58,"no"
142024,"tag","Tag",58,"no"
141981,"tag","Tag",58,"no"
611280,"tag","Tag",58,"no"
530441,"tag","Tag",58,"no"
530441,"tag","Tag",58,"no"
141981,"tag","Tag",58,"no"
530441,"tag","Tag",58,"no"
141981,"tag","Tag",58,"yes"
142024,"tag","Tag",58,"no"
141526,"tag","Tag",178,"no"
141542,"tag","Tag",178,"no"
141542,"stencil","SITS",178,"no"
141542,"tag","Tag",178,"no"
141542,"tag","Tag",178,"no"
141542,"tag","Tag",178,"no"
141202,"tag","Tag",178,"no"
141202,"tag","Tag",178,"no"
141202,"tag","Tag",178,"no"
141202,"tag","Tag",178,"no"
141202,"tag","Tag",178,"no"
141202,"tag","Tag",178,"no"
141202,"tag","Tag",178,"no"
141202,"tag","Tag",178,"no"
141202,"tag","Tag",178,"no"
141202,"tag","Tag",178,"no"
140935,"other","Others",65,"no"
140935,"tag","Tag",65,"no"
140935,"tag","Tag",65,"no"
140935,"tag","Tag",65,"no"
140935,"tag","Tag",65,"no"
140935,"tag","Tag",65,"no"
140935,"other","Others",65,"no"
140935,"tag","Tag",65,"no"
141062,"other","Others",65,"no"
141062,"tag","Tag",65,"no"
141062,"tag","Tag",65,"no"
141062,"tag","Tag",65,"no"
141062,"tag","Tag",65,"no"
141062,"illustration","SITS",65,"no"
141062,"tag","Tag",65,"no"
141062,"illustration","SITS",65,"no"
611154,"tag","Tag",65,"no"
611154,"tag","Tag",65,"no"
611154,"tag","Tag",65,"no"
611154,"tag","Tag",65,"no"
611154,"other","Others",65,"no"
611154,"tag","Tag",65,"no"
611154,"tag","Tag",65,"no"
611154,"tag","Tag",65,"no"
611154,"tag","Tag",65,"no"
611154,"tag","Tag",65,"no"
611154,"tag","Tag",65,"no"
611154,"tag","Tag",65,"no"
611154,"other","Others",65,"no"
611154,"tag","Tag",65,"no"
140949,"tag","Tag",65,"no"
141620,"other","Others",65,"no"
141613,"illustration","SITS",65,"no"
141613,"illustration","SITS",65,"no"
141613,"illustration","SITS",65,"no"
141613,"tag","Tag",65,"no"
141613,"tag","Tag",65,"no"
141670,"tag","Tag",65,"no"
141736,"masterpiece","Masterpiece",65,"no"
141736,"masterpiece","Masterpiece",65,"no"
141736,"other","Others",65,"no"
22505,"tag","Tag",59,"no"
22505,"tag","Tag",59,"no"
22505,"tag","Tag",59,"no"
22505,"tag","Tag",59,"no"
22505,"tag","Tag",59,"yes"
22505,"masterpiece","Masterpiece",59,"no"
627753,"tag","Tag",59,"no"
627753,"tag","Tag",59,"no"
627753,"tag","Tag",59,"no"
627753,"tag","Tag",59,"no"
627753,"tag","Tag",59,"no"
627753,"tag","Tag",59,"no"
627753,"tag","Tag",59,"no"
627753,"tag","Tag",59,"no"
627753,"tag","Tag",59,"no"
627753,"tag","Tag",59,"no"
627753,"tag","Tag",59,"no"
627753,"slogan","SITS",59,"no"
627753,"tag","Tag",59,"no"
627753,"tag","Tag",59,"no"
627753,"tag","Tag",59,"no"
627753,"tag","Tag",59,"no"
627753,"tag","Tag",59,"no"
627753,"slogan","SITS",59,"no"
627753,"tag","Tag",59,"no"
627753,"tag","Tag",59,"no"
627753,"tag","Tag",59,"no"
627753,"tag","Tag",59,"no"
627753,"tag","Tag",59,"no"
627753,"tag","Tag",59,"yes"
627753,"tag","Tag",59,"no"
627753,"tag","Tag",59,"no"
627753,"tag","Tag",59,"no"
627753,"tag","Tag",59,"no"
627753,"tag","Tag",59,"no"
627753,"tag","Tag",59,"no"
627753,"tag","Tag",59,"no"
627753,"tag","Tag",59,"no"
627753,"tag","Tag",59,"no"
144873,"tag","Tag",126,"no"
144873,"tag","Tag",126,"no"
144873,"throw up","SITS",126,"no"
144873,"tag","Tag",126,"no"
144873,"tag","Tag",126,"no"
144873,"throw up","SITS",126,"yes"
144873,"tag","Tag",126,"yes"
144873,"tag","Tag",126,"no"
144873,"tag","Tag",126,"no"
144873,"tag","Tag",126,"no"
144873,"tag","Tag",126,"no"
144873,"throw up","SITS",126,"no"
359246,"stencil","SITS",126,"no"
144873,"tag","Tag",126,"no"
144873,"tag","Tag",126,"yes"
144873,"illustration","SITS",126,"no"
144873,"throw up","SITS",126,"yes"
144873,"throw up","SITS",126,"yes"
144873,"illustration","SITS",126,"yes"
144873,"illustration","SITS",126,"yes"
144873,"slogan","SITS",126,"yes"
145821,"tag","Tag",159,"no"
145821,"tag","Tag",159,"no"
145821,"other","Others",159,"no"
145821,"other","Others",159,"no"
145821,"other","Others",159,"no"
145821,"other","Others",159,"no"
145821,"illustration","SITS",159,"no"
145621,"other","Others",159,"no"
145843,"other","Others",159,"no"
145843,"other","Others",159,"no"
145638,"other","Others",159,"no"
145862,"other","Others",159,"no"
145643,"tag","Tag",159,"no"
145876,"other","Others",159,"no"
145876,"other","Others",159,"no"
145876,"other","Others",159,"no"
145653,"tag","Tag",159,"no"
145909,"other","Others",159,"no"
145909,"other","Others",159,"no"
145821,"stencil","SITS",159,"no"
145621,"tag","Tag",159,"no"
145621,"other","Others",159,"no"
145621,"other","Others",159,"no"
145621,"other","Others",159,"no"
145621,"other","Others",159,"no"
145621,"other","Others",159,"no"
145621,"other","Others",159,"no"
145843,"other","Others",159,"no"
145855,"tag","Tag",159,"no"
145862,"tag","Tag",159,"no"
145643,"illustration","SITS",159,"no"
145643,"other","Others",159,"no"
145643,"other","Others",159,"no"
145821,"tag","Tag",159,"no"
145621,"tag","Tag",159,"no"
145855,"tag","Tag",159,"no"
145653,"other","Others",159,"no"
145909,"other","Others",159,"no"
145619,"tag","Tag",116,"no"
145832,"other","Others",116,"no"
145832,"other","Others",116,"no"
145832,"other","Others",116,"no"
145832,"illustration","SITS",116,"no"
145831,"tag","Tag",116,"no"
145627,"other","Others",116,"no"
145850,"other","Others",116,"no"
145850,"other","Others",116,"no"
145850,"other","Others",116,"no"
145850,"illustration","SITS",116,"no"
145850,"illustration","SITS",116,"no"
145850,"other","Others",116,"no"
145850,"other","Others",116,"no"
145848,"tag","Tag",116,"no"
145848,"tag","Tag",116,"no"
145848,"tag","Tag",116,"no"
145634,"tag","Tag",116,"no"
145634,"tag","Tag",116,"no"
145634,"tag","Tag",116,"no"
145634,"other","Others",116,"no"
145634,"illustration","SITS",116,"no"
145634,"illustration","SITS",116,"no"
145634,"tag","Tag",116,"no"
145634,"other","Others",116,"no"
145634,"tag","Tag",116,"no"
145634,"tag","Tag",116,"no"
145634,"tag","Tag",116,"no"
145861,"illustration","SITS",116,"no"
145861,"tag","Tag",116,"no"
145861,"tag","Tag",116,"no"
145861,"other","Others",116,"no"
145861,"tag","Tag",116,"no"
145861,"tag","Tag",116,"no"
145861,"other","Others",116,"no"
145861,"illustration","SITS",116,"no"
145861,"other","Others",116,"no"
145861,"tag","Tag",116,"no"
145861,"other","Others",116,"no"
145861,"tag","Tag",116,"no"
145861,"tag","Tag",116,"no"
145861,"illustration","SITS",116,"no"
145861,"other","Others",116,"no"
358868,"tag","Tag",116,"no"
358867,"tag","Tag",122,"no"
358867,"other","Others",122,"no"
358866,"illustration","SITS",122,"yes"
145866,"slogan","SITS",122,"no"
145849,"illustration","SITS",122,"no"
145849,"illustration","SITS",122,"no"
145849,"illustration","SITS",122,"no"
145849,"other","Others",122,"no"
145849,"other","Others",122,"no"
358848,"other","Others",122,"no"
145838,"other","Others",122,"no"
145838,"other","Others",122,"no"
145847,"tag","Tag",122,"no"
145847,"tag","Tag",122,"no"
145847,"tag","Tag",122,"no"
359129,"tag","Tag",122,"no"
359129,"tag","Tag",122,"no"
610674,"tag","Tag",122,"no"
610674,"tag","Tag",122,"no"
610674,"tag","Tag",122,"yes"
610674,"tag","Tag",122,"no"
610674,"tag","Tag",122,"yes"
610674,"tag","Tag",122,"no"
610674,"tag","Tag",122,"no"
610674,"tag","Tag",122,"no"
610674,"tag","Tag",122,"yes"
610674,"tag","Tag",122,"no"
610674,"tag","Tag",122,"yes"
610674,"tag","Tag",122,"yes"
610674,"tag","Tag",122,"no"
610674,"tag","Tag",122,"no"
610674,"tag","Tag",122,"yes"
610674,"tag","Tag",122,"yes"
610674,"tag","Tag",122,"yes"
610674,"throw up","SITS",122,"no"
610674,"tag","Tag",122,"no"
610674,"tag","Tag",122,"no"
610674,"tag","Tag",122,"no"
610674,"tag","Tag",122,"no"
610674,"tag","Tag",122,"no"
610674,"other","Others",122,"no"
610674,"tag","Tag",122,"no"
610674,"other","Others",122,"no"
610674,"tag","Tag",122,"no"
610674,"tag","Tag",122,"no"
610674,"tag","Tag",122,"no"
610674,"tag","Tag",122,"no"
610674,"tag","Tag",122,"no"
610674,"tag","Tag",122,"yes"
610674,"tag","Tag",122,"no"
610674,"tag","Tag",122,"no"
610674,"tag","Tag",122,"no"
610674,"tag","Tag",122,"no"
610674,"throw up","SITS",122,"yes"
610674,"tag","Tag",122,"no"
610674,"other","Others",122,"no"
359129,"other","Others",122,"no"
145866,"other","Others",122,"no"
358867,"other","Others",122,"no"
610674,"other","Others",122,"no"
358789,"tag","Tag",101,"no"
358789,"tag","Tag",101,"no"
358789,"tag","Tag",101,"no"
358789,"tag","Tag",101,"no"
358789,"tag","Tag",101,"no"
358789,"other","Others",101,"no"
358789,"tag","Tag",101,"no"
145618,"tag","Tag",101,"no"
145618,"tag","Tag",101,"no"
145618,"tag","Tag",101,"no"
145618,"tag","Tag",101,"no"
145618,"tag","Tag",101,"no"
145618,"illustration","SITS",101,"no"
145618,"tag","Tag",101,"no"
145622,"tag","Tag",101,"no"
145547,"other","Others",101,"no"
145547,"other","Others",101,"no"
145547,"other","Others",101,"no"
145547,"other","Others",101,"no"
145547,"other","Others",101,"no"
145547,"other","Others",101,"no"
145547,"other","Others",101,"no"
145547,"other","Others",101,"no"
145547,"other","Others",101,"no"
145547,"other","Others",101,"no"
145547,"other","Others",101,"no"
145547,"other","Others",101,"no"
145547,"other","Others",101,"no"
145547,"other","Others",101,"no"
146509,"illustration","SITS",101,"no"
145815,"tag","Tag",101,"no"
145815,"tag","Tag",101,"no"
145815,"tag","Tag",101,"no"
145815,"tag","Tag",101,"no"
145815,"tag","Tag",101,"no"
145815,"tag","Tag",101,"no"
145815,"tag","Tag",101,"no"
145815,"tag","Tag",101,"no"
145815,"other","Others",101,"no"
145815,"illustration","SITS",101,"no"
55442,"tag","Tag",101,"no"
55442,"illustration","SITS",101,"no"
55442,"tag","Tag",101,"no"
55442,"illustration","SITS",101,"no"
55442,"throw up","SITS",101,"no"
55442,"slogan","SITS",101,"no"
55442,"throw up","SITS",101,"no"
55442,"throw up","SITS",101,"no"
55442,"tag","Tag",101,"no"
55442,"tag","Tag",101,"no"
55442,"illustration","SITS",101,"no"
55442,"tag","Tag",101,"no"
55442,"tag","Tag",101,"no"
55442,"slogan","SITS",101,"no"
55442,"tag","Tag",101,"no"
55442,"tag","Tag",101,"no"
55442,"tag","Tag",101,"no"
55442,"throw up","SITS",101,"no"
55442,"other","Others",101,"no"
55442,"illustration","SITS",101,"no"
55442,"illustration","SITS",101,"no"
55442,"tag","Tag",101,"no"
55442,"tag","Tag",101,"no"
55442,"tag","Tag",101,"no"
55442,"tag","Tag",101,"no"
55442,"tag","Tag",101,"no"
55442,"tag","Tag",101,"yes"
55442,"tag","Tag",101,"no"
55442,"slogan","SITS",101,"no"
55442,"tag","Tag",101,"no"
55442,"tag","Tag",101,"no"
55442,"tag","Tag",101,"no"
55442,"tag","Tag",101,"no"
55442,"tag","Tag",101,"no"
55442,"other","Others",101,"no"
55442,"tag","Tag",101,"no"
55442,"other","Others",101,"no"
55442,"tag","Tag",101,"no"
55442,"tag","Tag",101,"no"
55442,"tag","Tag",101,"no"
55442,"throw up","SITS",101,"no"
55442,"tag","Tag",101,"no"
55442,"tag","Tag",101,"no"
55442,"tag","Tag",101,"no"
55442,"tag","Tag",101,"no"
55442,"tag","Tag",101,"no"
55442,"tag","Tag",101,"no"
55442,"illustration","SITS",101,"no"
55442,"tag","Tag",101,"no"
55442,"tag","Tag",101,"no"
55442,"tag","Tag",101,"no"
55442,"tag","Tag",101,"no"
55442,"tag","Tag",101,"no"
55442,"slogan","SITS",101,"no"
55442,"tag","Tag",101,"no"
55442,"tag","Tag",101,"no"
55442,"other","Others",101,"no"
55442,"illustration","SITS",101,"no"
55442,"tag","Tag",101,"no"
55442,"tag","Tag",101,"no"
55442,"tag","Tag",101,"no"
55442,"tag","Tag",101,"no"
55442,"tag","Tag",101,"no"
55442,"tag","Tag",101,"no"
55442,"tag","Tag",101,"no"
55442,"tag","Tag",101,"no"
55442,"tag","Tag",101,"no"
55442,"throw up","SITS",101,"no"
55442,"tag","Tag",101,"no"
55442,"slogan","SITS",101,"no"
55442,"tag","Tag",101,"no"
610655,"tag","Tag",103,"no"
610655,"tag","Tag",103,"no"
610655,"tag","Tag",103,"no"
610655,"tag","Tag",103,"no"
610655,"tag","Tag",103,"no"
610655,"tag","Tag",103,"no"
610655,"tag","Tag",103,"no"
610655,"tag","Tag",103,"no"
610655,"tag","Tag",103,"no"
610655,"tag","Tag",103,"no"
610655,"tag","Tag",103,"no"
610655,"tag","Tag",103,"no"
610655,"other","Others",103,"no"
610655,"tag","Tag",103,"no"
610655,"tag","Tag",103,"no"
610655,"tag","Tag",103,"no"
610655,"slogan","SITS",103,"no"
610655,"tag","Tag",103,"no"
610655,"tag","Tag",103,"no"
610655,"tag","Tag",103,"no"
610655,"tag","Tag",103,"no"
610655,"tag","Tag",103,"no"
610655,"tag","Tag",103,"no"
610655,"tag","Tag",103,"no"
610655,"slogan","SITS",103,"no"
610655,"tag","Tag",103,"no"
145358,"tag","Tag",103,"no"
145358,"tag","Tag",103,"no"
145358,"tag","Tag",103,"no"
145358,"tag","Tag",103,"no"
145358,"tag","Tag",103,"no"
145358,"tag","Tag",103,"no"
145358,"tag","Tag",103,"no"
145358,"tag","Tag",103,"no"
145358,"tag","Tag",103,"no"
145358,"tag","Tag",103,"no"
145358,"tag","Tag",103,"no"
145358,"tag","Tag",103,"no"
145358,"tag","Tag",103,"no"
145358,"tag","Tag",103,"no"
145358,"tag","Tag",103,"no"
145358,"tag","Tag",103,"yes"
145358,"tag","Tag",103,"no"
145358,"slogan","SITS",103,"no"
145358,"tag","Tag",103,"no"
610606,"tag","Tag",103,"no"
610606,"slogan","SITS",103,"no"
610606,"tag","Tag",103,"no"
610606,"tag","Tag",103,"no"
610606,"tag","Tag",103,"no"
610606,"tag","Tag",103,"no"
610606,"tag","Tag",103,"no"
610606,"throw up","SITS",103,"no"
610606,"tag","Tag",103,"no"
610606,"stencil","SITS",103,"no"
610606,"illustration","SITS",103,"no"
610606,"other","Others",103,"no"
610606,"other","Others",103,"no"
610606,"other","Others",103,"no"
610606,"tag","Tag",103,"no"
610606,"tag","Tag",103,"no"
610606,"tag","Tag",103,"no"
610606,"tag","Tag",103,"no"
610606,"tag","Tag",103,"no"
610606,"tag","Tag",103,"yes"
610606,"throw up","SITS",103,"yes"
610606,"tag","Tag",103,"no"
610606,"tag","Tag",103,"no"
610606,"tag","Tag",103,"no"
610606,"tag","Tag",103,"no"
145367,"other","Others",103,"no"
145367,"tag","Tag",103,"no"
145367,"tag","Tag",103,"no"
610707,"tag","Tag",103,"no"
610707,"tag","Tag",103,"no"
610707,"tag","Tag",103,"no"
610707,"tag","Tag",103,"no"
610707,"tag","Tag",103,"no"
610707,"tag","Tag",103,"no"
610707,"tag","Tag",103,"no"
610707,"tag","Tag",103,"no"
145402,"tag","Tag",103,"no"
145402,"tag","Tag",103,"no"
145402,"tag","Tag",103,"no"
145402,"tag","Tag",103,"no"
145402,"tag","Tag",103,"no"
145402,"tag","Tag",103,"no"
145402,"tag","Tag",103,"no"
145402,"tag","Tag",103,"no"
145402,"tag","Tag",103,"no"
145235,"tag","Tag",103,"no"
145235,"tag","Tag",103,"no"
145235,"other","Others",103,"no"
145235,"tag","Tag",103,"no"
145240,"tag","Tag",103,"no"
145240,"tag","Tag",103,"no"
145240,"slogan","SITS",103,"no"
145240,"tag","Tag",103,"no"
145418,"tag","Tag",103,"no"
145418,"tag","Tag",103,"no"
610635,"tag","Tag",103,"yes"
610635,"tag","Tag",103,"no"
610635,"tag","Tag",103,"no"
610635,"tag","Tag",103,"no"
610635,"tag","Tag",103,"no"
610635,"tag","Tag",103,"no"
610630,"tag","Tag",103,"no"
610630,"tag","Tag",103,"no"
610630,"tag","Tag",103,"no"
610630,"tag","Tag",103,"no"
610630,"tag","Tag",103,"no"
610630,"illustration","SITS",103,"no"
610630,"tag","Tag",103,"no"
610630,"tag","Tag",103,"no"
610630,"tag","Tag",103,"no"
610630,"tag","Tag",103,"no"
610630,"tag","Tag",103,"no"
610630,"tag","Tag",103,"no"
610630,"tag","Tag",103,"no"
610630,"stencil","SITS",103,"no"
145461,"tag","Tag",103,"no"
145483,"tag","Tag",103,"no"
145483,"tag","Tag",103,"no"
145483,"other","Others",103,"no"
145483,"tag","Tag",103,"no"
610625,"tag","Tag",103,"no"
610606,"tag","Tag",103,"no"
610707,"tag","Tag",103,"no"
145402,"other","Others",103,"no"
145358,"tag","Tag",103,"no"
145268,"tag","Tag",103,"no"
610606,"tag","Tag",103,"no"
610655,"tag","Tag",103,"no"
610655,"tag","Tag",103,"no"
140778,"tag","Tag",129,"no"
140778,"tag","Tag",129,"no"
140778,"tag","Tag",129,"no"
140778,"tag","Tag",129,"no"
140778,"tag","Tag",129,"no"
140806,"tag","Tag",129,"no"
140806,"tag","Tag",129,"no"
140470,"illustration","SITS",129,"no"
140470,"tag","Tag",129,"no"
140470,"tag","Tag",129,"no"
140470,"tag","Tag",129,"no"
140724,"tag","Tag",129,"no"
140472,"tag","Tag",129,"no"
140472,"tag","Tag",129,"no"
140472,"tag","Tag",129,"no"
140472,"tag","Tag",129,"no"
140472,"tag","Tag",129,"no"
140472,"tag","Tag",129,"no"
140472,"tag","Tag",129,"no"
140472,"tag","Tag",129,"no"
140472,"tag","Tag",129,"no"
140472,"slogan","SITS",129,"no"
140472,"slogan","SITS",129,"no"
140472,"slogan","SITS",129,"no"
140472,"tag","Tag",129,"no"
140472,"tag","Tag",129,"no"
140472,"tag","Tag",129,"no"
140472,"tag","Tag",129,"no"
140472,"tag","Tag",129,"no"
140472,"tag","Tag",129,"no"
140472,"tag","Tag",129,"no"
140472,"tag","Tag",129,"no"
140472,"tag","Tag",129,"no"
140472,"tag","Tag",129,"no"
140472,"tag","Tag",129,"no"
140472,"tag","Tag",129,"no"
140472,"tag","Tag",129,"no"
140472,"tag","Tag",129,"no"
140472,"tag","Tag",129,"no"
140472,"tag","Tag",129,"no"
140472,"tag","Tag",129,"no"
140472,"tag","Tag",129,"no"
140472,"tag","Tag",129,"no"
140472,"slogan","SITS",129,"no"
140472,"tag","Tag",129,"no"
140472,"tag","Tag",129,"no"
140472,"slogan","SITS",129,"no"
140472,"tag","Tag",129,"no"
140472,"tag","Tag",129,"no"
140472,"tag","Tag",129,"no"
140472,"tag","Tag",129,"no"
140472,"tag","Tag",129,"no"
140472,"tag","Tag",129,"no"
140472,"tag","Tag",129,"no"
140472,"illustration","SITS",129,"no"
140472,"tag","Tag",129,"no"
140472,"tag","Tag",129,"no"
140472,"tag","Tag",129,"no"
140472,"tag","Tag",129,"no"
140472,"tag","Tag",129,"no"
140472,"tag","Tag",129,"no"
140472,"tag","Tag",129,"yes"
140472,"tag","Tag",129,"no"
140472,"tag","Tag",129,"no"
140472,"tag","Tag",129,"no"
140472,"tag","Tag",129,"no"
140472,"tag","Tag",129,"no"
140472,"tag","Tag",129,"yes"
140472,"tag","Tag",129,"no"
140472,"tag","Tag",129,"yes"
140472,"tag","Tag",129,"yes"
140472,"tag","Tag",129,"yes"
140472,"tag","Tag",129,"no"
140472,"tag","Tag",129,"yes"
140472,"tag","Tag",129,"yes"
140472,"tag","Tag",129,"no"
140472,"tag","Tag",129,"yes"
140472,"tag","Tag",129,"no"
140472,"tag","Tag",129,"no"
140472,"tag","Tag",129,"no"
140472,"tag","Tag",129,"no"
140472,"tag","Tag",129,"no"
140472,"tag","Tag",129,"no"
140472,"tag","Tag",129,"no"
140472,"tag","Tag",129,"yes"
140472,"tag","Tag",129,"no"
140472,"tag","Tag",129,"no"
140472,"tag","Tag",129,"no"
140472,"tag","Tag",129,"no"
140472,"tag","Tag",129,"no"
140472,"tag","Tag",129,"no"
140472,"tag","Tag",129,"no"
140472,"tag","Tag",129,"no"
140472,"tag","Tag",129,"no"
140472,"tag","Tag",129,"no"
140472,"tag","Tag",129,"no"
140472,"tag","Tag",129,"no"
140472,"tag","Tag",129,"no"
140472,"tag","Tag",129,"yes"
140472,"tag","Tag",129,"yes"
140472,"tag","Tag",129,"yes"
140472,"masterpiece","Masterpiece",129,"no"
140472,"throw up","SITS",129,"no"
140472,"tag","Tag",129,"no"
140472,"illustration","SITS",129,"no"
140472,"tag","Tag",129,"yes"
140472,"tag","Tag",129,"no"
140472,"tag","Tag",129,"no"
140472,"tag","Tag",129,"no"
140472,"slogan","SITS",129,"no"
610657,"tag","Tag",129,"no"
610657,"tag","Tag",129,"no"
610657,"tag","Tag",129,"no"
610657,"tag","Tag",129,"no"
610657,"tag","Tag",129,"no"
610657,"tag","Tag",129,"no"
610657,"tag","Tag",129,"no"
610657,"tag","Tag",129,"no"
610657,"tag","Tag",129,"no"
610657,"tag","Tag",129,"no"
610657,"tag","Tag",129,"no"
610657,"tag","Tag",129,"no"
610657,"tag","Tag",129,"no"
610657,"tag","Tag",129,"no"
610657,"tag","Tag",129,"no"
610657,"tag","Tag",129,"no"
610657,"tag","Tag",129,"no"
610657,"tag","Tag",129,"no"
610657,"tag","Tag",129,"no"
610657,"tag","Tag",129,"no"
610657,"tag","Tag",129,"no"
140560,"illustration","SITS",129,"no"
140472,"tag","Tag",129,"no"
610657,"tag","Tag",129,"no"
610657,"tag","Tag",129,"no"
140472,"tag","Tag",129,"no"
140472,"tag","Tag",129,"no"
140472,"tag","Tag",129,"no"
140472,"tag","Tag",129,"no"
140472,"tag","Tag",129,"no"
140470,"tag","Tag",129,"no"
140472,"tag","Tag",129,"no"
140472,"tag","Tag",129,"no"
140472,"tag","Tag",129,"no"
140827,"tag","Tag",129,"no"
140452,"tag","Tag",128,"no"
145304,"tag","Tag",130,"no"
145304,"tag","Tag",130,"no"
145304,"tag","Tag",130,"no"
145304,"tag","Tag",130,"no"
145304,"tag","Tag",130,"no"
145304,"tag","Tag",130,"no"
145304,"tag","Tag",130,"no"
145304,"throw up","SITS",130,"no"
3802,"tag","Tag",130,"no"
3802,"tag","Tag",130,"no"
3802,"tag","Tag",130,"no"
3802,"tag","Tag",130,"no"
3802,"tag","Tag",130,"no"
3802,"tag","Tag",130,"no"
3802,"tag","Tag",130,"no"
3802,"tag","Tag",130,"no"
3802,"illustration","SITS",130,"no"
3802,"tag","Tag",130,"no"
33875,"illustration","SITS",130,"no"
33875,"tag","Tag",130,"no"
33875,"tag","Tag",130,"no"
33875,"tag","Tag",130,"no"
33875,"tag","Tag",130,"no"
3927,"tag","Tag",130,"no"
145355,"tag","Tag",130,"no"
3811,"tag","Tag",130,"no"
3811,"tag","Tag",130,"no"
3811,"tag","Tag",130,"no"
3811,"tag","Tag",130,"no"
3811,"tag","Tag",130,"no"
3811,"tag","Tag",130,"no"
3811,"tag","Tag",130,"no"
145314,"tag","Tag",130,"no"
145348,"tag","Tag",130,"no"
33897,"tag","Tag",130,"no"
33897,"tag","Tag",130,"yes"
33897,"tag","Tag",130,"no"
33897,"tag","Tag",130,"no"
33897,"tag","Tag",130,"no"
33897,"tag","Tag",130,"no"
33897,"tag","Tag",130,"no"
33897,"tag","Tag",130,"no"
33897,"tag","Tag",130,"no"
33897,"tag","Tag",130,"no"
33897,"illustration","SITS",130,"no"
90545,"tag","Tag",130,"no"
90545,"tag","Tag",130,"no"
90545,"illustration","SITS",130,"no"
90545,"tag","Tag",130,"no"
90545,"tag","Tag",130,"no"
90545,"illustration","SITS",130,"no"
90545,"tag","Tag",130,"no"
265648,"tag","Tag",130,"no"
265648,"slogan","SITS",130,"no"
265648,"tag","Tag",130,"no"
265648,"tag","Tag",130,"no"
265648,"tag","Tag",130,"no"
265648,"tag","Tag",130,"no"
265648,"tag","Tag",130,"no"
145203,"tag","Tag",130,"no"
145203,"tag","Tag",130,"no"
145203,"stencil","SITS",130,"no"
145203,"stencil","SITS",130,"no"
145203,"illustration","SITS",130,"no"
145203,"illustration","SITS",130,"no"
145203,"illustration","SITS",130,"no"
145203,"illustration","SITS",130,"no"
145203,"stencil","SITS",130,"no"
145203,"illustration","SITS",130,"no"
145203,"stencil","SITS",130,"no"
145203,"illustration","SITS",130,"no"
145203,"tag","Tag",130,"no"
33909,"tag","Tag",130,"no"
33909,"tag","Tag",130,"no"
33909,"tag","Tag",130,"no"
33909,"stencil","SITS",130,"no"
33909,"tag","Tag",130,"no"
33909,"tag","Tag",130,"no"
33909,"tag","Tag",130,"no"
33909,"tag","Tag",130,"no"
33909,"tag","Tag",130,"no"
33909,"tag","Tag",130,"no"
33909,"tag","Tag",130,"no"
33909,"tag","Tag",130,"no"
33909,"tag","Tag",130,"no"
33909,"tag","Tag",130,"no"
33909,"tag","Tag",130,"no"
33909,"tag","Tag",130,"no"
33909,"tag","Tag",130,"no"
33909,"stencil","SITS",130,"no"
33909,"tag","Tag",130,"no"
33909,"slogan","SITS",130,"no"
33909,"tag","Tag",130,"no"
33909,"tag","Tag",130,"no"
33909,"tag","Tag",130,"no"
33909,"tag","Tag",130,"no"
33909,"tag","Tag",130,"no"
33909,"tag","Tag",130,"no"
33909,"tag","Tag",130,"no"
33909,"stencil","SITS",130,"no"
33909,"tag","Tag",130,"no"
33909,"tag","Tag",130,"no"
33909,"tag","Tag",130,"no"
33909,"tag","Tag",130,"no"
33909,"tag","Tag",130,"no"
33909,"tag","Tag",130,"no"
33909,"tag","Tag",130,"no"
33909,"tag","Tag",130,"no"
33909,"tag","Tag",130,"no"
33909,"stencil","SITS",130,"no"
33909,"stencil","SITS",130,"no"
33909,"slogan","SITS",130,"no"
33923,"tag","Tag",130,"no"
33923,"tag","Tag",130,"no"
33923,"tag","Tag",130,"no"
33923,"tag","Tag",130,"no"
33923,"tag","Tag",130,"no"
33923,"tag","Tag",130,"no"
33923,"tag","Tag",130,"no"
33923,"tag","Tag",130,"yes"
33923,"tag","Tag",130,"no"
33923,"tag","Tag",130,"no"
33923,"tag","Tag",130,"no"
33923,"tag","Tag",130,"no"
33923,"tag","Tag",130,"no"
33923,"tag","Tag",130,"no"
33923,"tag","Tag",130,"no"
33923,"illustration","SITS",130,"yes"
33923,"tag","Tag",130,"no"
33923,"tag","Tag",130,"no"
33923,"tag","Tag",130,"no"
33923,"tag","Tag",130,"no"
33923,"illustration","SITS",130,"no"
33923,"tag","Tag",130,"no"
33923,"tag","Tag",130,"no"
33923,"tag","Tag",130,"no"
33923,"tag","Tag",130,"no"
33923,"tag","Tag",130,"no"
33923,"tag","Tag",130,"no"
33923,"tag","Tag",130,"no"
33923,"tag","Tag",130,"no"
33923,"tag","Tag",130,"no"
33923,"tag","Tag",130,"no"
33923,"tag","Tag",130,"no"
33923,"tag","Tag",130,"no"
33923,"tag","Tag",130,"no"
33923,"tag","Tag",130,"yes"
33923,"tag","Tag",130,"no"
33923,"tag","Tag",130,"no"
33923,"tag","Tag",130,"no"
33923,"illustration","SITS",130,"no"
33923,"tag","Tag",130,"no"
141119,"tag","Tag",175,"no"
141119,"tag","Tag",175,"no"
141119,"tag","Tag",175,"no"
140948,"tag","Tag",175,"yes"
140948,"tag","Tag",175,"no"
140948,"tag","Tag",175,"no"
141059,"slogan","SITS",175,"no"
141059,"tag","Tag",175,"no"
141059,"tag","Tag",175,"no"
141059,"tag","Tag",175,"no"
141059,"tag","Tag",175,"no"
141059,"tag","Tag",175,"no"
141059,"tag","Tag",175,"no"
141059,"tag","Tag",175,"no"
140906,"tag","Tag",175,"no"
140906,"tag","Tag",175,"no"
141081,"tag","Tag",175,"no"
141081,"tag","Tag",175,"no"
140907,"tag","Tag",175,"no"
140907,"tag","Tag",175,"no"
140907,"tag","Tag",175,"no"
140907,"tag","Tag",175,"no"
140907,"tag","Tag",175,"no"
140907,"throw up","SITS",175,"no"
140907,"slogan","SITS",175,"no"
140995,"stencil","SITS",175,"no"
140995,"illustration","SITS",175,"yes"
140911,"tag","Tag",175,"yes"
140911,"tag","Tag",175,"yes"
140911,"tag","Tag",175,"no"
140911,"tag","Tag",175,"no"
140911,"tag","Tag",175,"no"
140911,"tag","Tag",175,"no"
140911,"tag","Tag",175,"no"
140911,"slogan","SITS",175,"no"
140911,"illustration","SITS",175,"no"
611204,"tag","Tag",175,"no"
140910,"tag","Tag",175,"no"
140910,"slogan","SITS",175,"no"
140910,"slogan","SITS",175,"no"
140910,"tag","Tag",175,"no"
140910,"tag","Tag",175,"no"
140910,"tag","Tag",175,"no"
140964,"slogan","SITS",175,"no"
140964,"tag","Tag",175,"no"
140964,"tag","Tag",175,"no"
140964,"stencil","SITS",175,"no"
140964,"tag","Tag",175,"no"
140964,"tag","Tag",175,"no"
140964,"tag","Tag",175,"no"
140964,"tag","Tag",175,"no"
140964,"tag","Tag",175,"no"
140964,"tag","Tag",175,"no"
140912,"tag","Tag",175,"no"
140912,"tag","Tag",175,"no"
140912,"tag","Tag",175,"yes"
140912,"tag","Tag",175,"yes"
140912,"tag","Tag",175,"no"
140912,"tag","Tag",175,"no"
140912,"throw up","SITS",175,"no"
140912,"tag","Tag",175,"no"
140912,"tag","Tag",175,"yes"
140912,"throw up","SITS",175,"no"
140912,"tag","Tag",175,"no"
140912,"tag","Tag",175,"no"
140912,"tag","Tag",175,"no"
140912,"tag","Tag",175,"no"
140912,"tag","Tag",175,"no"
140912,"tag","Tag",175,"no"
140912,"stencil","SITS",175,"no"
140912,"stencil","SITS",175,"yes"
140912,"tag","Tag",175,"no"
140912,"tag","Tag",175,"no"
141053,"tag","Tag",175,"no"
141053,"tag","Tag",175,"no"
141059,"tag","Tag",175,"no"
141059,"tag","Tag",175,"no"
140907,"tag","Tag",175,"no"
611204,"tag","Tag",175,"no"
140910,"slogan","SITS",175,"no"
141059,"tag","Tag",175,"no"
140907,"tag","Tag",175,"no"
140993,"tag","Tag",175,"no"
140907,"tag","Tag",175,"yes"
141010,"tag","Tag",175,"no"
140993,"tag","Tag",175,"no"
141109,"slogan","SITS",175,"no"
610644,"tag","Tag",30,"no"
610644,"other","Others",30,"no"
610644,"other","Others",30,"no"
610644,"other","Others",30,"no"
610644,"other","Others",30,"no"
610644,"tag","Tag",30,"no"
610644,"tag","Tag",30,"no"
610644,"tag","Tag",30,"no"
145269,"other","Others",30,"no"
610652,"throw up","SITS",30,"no"
610652,"tag","Tag",30,"no"
610652,"tag","Tag",30,"no"
610652,"tag","Tag",30,"no"
145513,"other","Others",30,"no"
610644,"other","Others",30,"no"
610652,"illustration","SITS",30,"no"
610652,"tag","Tag",30,"no"
610652,"tag","Tag",30,"no"
610652,"other","Others",30,"no"
610652,"tag","Tag",30,"no"
610644,"tag","Tag",30,"no"
610644,"tag","Tag",30,"no"
610652,"tag","Tag",30,"no"
610652,"tag","Tag",30,"no"
55476,"tag","Tag",132,"yes"
55476,"throw up","SITS",132,"yes"
55476,"tag","Tag",132,"no"
55476,"illustration","SITS",132,"no"
55476,"tag","Tag",132,"no"
55476,"tag","Tag",132,"no"
55476,"tag","Tag",132,"no"
55476,"tag","Tag",132,"no"
55476,"tag","Tag",132,"no"
55476,"tag","Tag",132,"no"
55476,"tag","Tag",132,"no"
55476,"tag","Tag",132,"no"
55476,"tag","Tag",132,"no"
611181,"tag","Tag",132,"no"
611181,"tag","Tag",132,"no"
611181,"tag","Tag",132,"no"
611181,"tag","Tag",132,"no"
611181,"tag","Tag",132,"no"
611181,"tag","Tag",132,"no"
611181,"tag","Tag",132,"no"
611181,"tag","Tag",132,"no"
611181,"tag","Tag",132,"no"
611181,"tag","Tag",132,"no"
611181,"tag","Tag",132,"no"
611181,"tag","Tag",132,"no"
455522,"tag","Tag",132,"no"
455522,"tag","Tag",132,"no"
455522,"tag","Tag",132,"no"
455522,"tag","Tag",132,"no"
455522,"tag","Tag",132,"no"
455522,"tag","Tag",132,"no"
455522,"tag","Tag",132,"no"
455522,"tag","Tag",132,"no"
455522,"tag","Tag",132,"no"
455522,"tag","Tag",132,"no"
455522,"other","Others",132,"no"
455522,"tag","Tag",132,"no"
455522,"illustration","SITS",132,"no"
455522,"other","Others",132,"no"
455522,"tag","Tag",132,"no"
455522,"tag","Tag",132,"no"
455522,"tag","Tag",132,"yes"
455522,"other","Others",132,"no"
141107,"tag","Tag",132,"no"
141107,"tag","Tag",132,"no"
141107,"tag","Tag",132,"no"
141107,"tag","Tag",132,"no"
141107,"tag","Tag",132,"no"
141107,"tag","Tag",132,"no"
141107,"tag","Tag",132,"no"
141107,"tag","Tag",132,"no"
141107,"tag","Tag",132,"no"
141107,"tag","Tag",132,"no"
141107,"tag","Tag",132,"no"
141107,"tag","Tag",132,"no"
141107,"illustration","SITS",132,"no"
141107,"tag","Tag",132,"no"
140838,"tag","Tag",132,"no"
140838,"tag","Tag",132,"no"
140838,"tag","Tag",132,"no"
140838,"tag","Tag",132,"no"
140838,"tag","Tag",132,"no"
140838,"tag","Tag",132,"no"
140895,"tag","Tag",132,"no"
140895,"tag","Tag",132,"no"
140895,"tag","Tag",132,"no"
140895,"tag","Tag",132,"no"
140895,"tag","Tag",132,"no"
140895,"tag","Tag",132,"yes"
140895,"tag","Tag",132,"no"
140895,"other","Others",132,"no"
140895,"tag","Tag",132,"no"
140895,"tag","Tag",132,"no"
140895,"tag","Tag",132,"no"
140895,"tag","Tag",132,"no"
140895,"tag","Tag",132,"no"
140895,"illustration","SITS",132,"no"
140895,"tag","Tag",132,"no"
140895,"illustration","SITS",132,"no"
140895,"other","Others",132,"no"
140895,"tag","Tag",132,"no"
140895,"tag","Tag",132,"no"
140895,"tag","Tag",132,"no"
140895,"tag","Tag",132,"no"
140895,"tag","Tag",132,"no"
140895,"tag","Tag",132,"no"
140895,"tag","Tag",132,"no"
140895,"tag","Tag",132,"no"
140895,"tag","Tag",132,"no"
140895,"tag","Tag",132,"no"
140895,"tag","Tag",132,"no"
140895,"tag","Tag",132,"no"
140895,"tag","Tag",132,"no"
140895,"tag","Tag",132,"no"
140895,"other","Others",132,"no"
140895,"other","Others",132,"no"
140895,"other","Others",132,"no"
140895,"tag","Tag",132,"no"
140895,"tag","Tag",132,"no"
140895,"illustration","SITS",132,"no"
140895,"tag","Tag",132,"no"
140895,"tag","Tag",132,"no"
140895,"tag","Tag",132,"no"
140895,"tag","Tag",132,"no"
140895,"tag","Tag",132,"no"
140895,"tag","Tag",132,"no"
140895,"tag","Tag",132,"no"
140895,"tag","Tag",132,"no"
140895,"tag","Tag",132,"no"
140895,"other","Others",132,"no"
140895,"other","Others",132,"no"
140895,"masterpiece","Masterpiece",132,"no"
140994,"illustration","SITS",132,"no"
140994,"tag","Tag",132,"no"
140994,"tag","Tag",132,"no"
140994,"tag","Tag",132,"no"
140994,"tag","Tag",132,"no"
140994,"tag","Tag",132,"no"
140994,"illustration","SITS",132,"no"
140919,"tag","Tag",132,"no"
140919,"tag","Tag",132,"no"
140919,"tag","Tag",132,"no"
140919,"tag","Tag",132,"no"
140919,"tag","Tag",132,"no"
140919,"illustration","SITS",132,"no"
140919,"tag","Tag",132,"yes"
140919,"tag","Tag",132,"no"
140919,"tag","Tag",132,"no"
140919,"tag","Tag",132,"no"
140919,"tag","Tag",132,"no"
140919,"tag","Tag",132,"no"
140919,"tag","Tag",132,"no"
140919,"throw up","SITS",132,"no"
140919,"tag","Tag",132,"no"
140919,"tag","Tag",132,"no"
140919,"other","Others",132,"no"
140919,"tag","Tag",132,"no"
140919,"tag","Tag",132,"no"
140919,"tag","Tag",132,"no"
140919,"masterpiece","Masterpiece",132,"no"
140919,"tag","Tag",132,"no"
140919,"tag","Tag",132,"no"
140919,"tag","Tag",132,"no"
140919,"tag","Tag",132,"no"
140919,"tag","Tag",132,"no"
140919,"tag","Tag",132,"no"
140919,"other","Others",132,"no"
140919,"tag","Tag",132,"no"
140919,"tag","Tag",132,"no"
140919,"tag","Tag",132,"no"
140700,"slogan","SITS",132,"no"
140700,"tag","Tag",132,"no"
140759,"tag","Tag",132,"no"
140710,"tag","Tag",132,"no"
610672,"tag","Tag",132,"no"
610672,"tag","Tag",132,"no"
610672,"tag","Tag",132,"no"
610672,"tag","Tag",132,"no"
610672,"tag","Tag",132,"no"
610672,"tag","Tag",132,"no"
610672,"tag","Tag",132,"no"
610672,"tag","Tag",132,"no"
610672,"tag","Tag",132,"no"
610672,"tag","Tag",132,"no"
610672,"tag","Tag",132,"no"
610672,"tag","Tag",132,"no"
610672,"other","Others",132,"no"
610672,"tag","Tag",132,"no"
610672,"tag","Tag",132,"no"
358663,"tag","Tag",142,"no"
358663,"tag","Tag",142,"no"
358663,"tag","Tag",142,"no"
358663,"tag","Tag",142,"no"
358663,"tag","Tag",142,"no"
358663,"tag","Tag",142,"no"
358663,"tag","Tag",142,"no"
358663,"tag","Tag",142,"no"
358663,"tag","Tag",142,"no"
358663,"tag","Tag",142,"no"
358663,"tag","Tag",142,"no"
358663,"tag","Tag",142,"no"
358663,"tag","Tag",142,"no"
358663,"tag","Tag",142,"no"
358663,"tag","Tag",142,"no"
358664,"tag","Tag",142,"no"
358664,"tag","Tag",142,"no"
358664,"illustration","SITS",142,"no"
359111,"tag","Tag",142,"no"
359111,"tag","Tag",142,"no"
359111,"tag","Tag",142,"no"
359111,"slogan","SITS",142,"no"
359111,"tag","Tag",142,"no"
359111,"tag","Tag",142,"no"
359111,"tag","Tag",142,"no"
359111,"tag","Tag",142,"no"
358666,"illustration","SITS",142,"no"
358666,"tag","Tag",142,"no"
358666,"tag","Tag",142,"no"
358666,"tag","Tag",142,"no"
358666,"tag","Tag",142,"no"
141073,"throw up","SITS",142,"no"
141073,"tag","Tag",142,"no"
141073,"tag","Tag",142,"yes"
141073,"tag","Tag",142,"no"
141073,"tag","Tag",142,"no"
141073,"tag","Tag",142,"no"
141073,"throw up","SITS",142,"no"
141073,"tag","Tag",142,"no"
141073,"tag","Tag",142,"no"
141073,"tag","Tag",142,"no"
358668,"tag","Tag",142,"no"
140962,"tag","Tag",142,"no"
140962,"tag","Tag",142,"no"
140962,"tag","Tag",142,"no"
140962,"tag","Tag",142,"no"
140962,"tag","Tag",142,"no"
140962,"tag","Tag",142,"no"
140962,"illustration","SITS",142,"no"
140962,"tag","Tag",142,"no"
140962,"tag","Tag",142,"no"
140962,"tag","Tag",142,"no"
140962,"tag","Tag",142,"no"
140962,"tag","Tag",142,"no"
140962,"tag","Tag",142,"no"
140962,"tag","Tag",142,"no"
140962,"tag","Tag",142,"no"
142005,"stencil","SITS",142,"no"
142005,"tag","Tag",142,"no"
142005,"stencil","SITS",142,"no"
142005,"tag","Tag",142,"no"
142005,"tag","Tag",142,"no"
142005,"stencil","SITS",142,"no"
142005,"tag","Tag",142,"no"
142005,"illustration","SITS",142,"no"
142005,"tag","Tag",142,"no"
142005,"throw up","SITS",142,"no"
142005,"tag","Tag",142,"no"
142005,"tag","Tag",142,"no"
142005,"tag","Tag",142,"no"
142005,"tag","Tag",142,"no"
627637,"other","Others",142,"no"
627637,"tag","Tag",142,"no"
627637,"tag","Tag",142,"no"
627637,"tag","Tag",142,"no"
611239,"tag","Tag",142,"no"
611239,"illustration","SITS",142,"no"
611239,"tag","Tag",142,"no"
611239,"tag","Tag",142,"no"
611239,"tag","Tag",142,"no"
611239,"tag","Tag",142,"no"
611239,"other","Others",142,"no"
611239,"tag","Tag",142,"no"
611239,"other","Others",142,"no"
611046,"tag","Tag",142,"no"
610688,"slogan","SITS",85,"no"
610688,"tag","Tag",85,"no"
610688,"tag","Tag",85,"no"
610688,"tag","Tag",85,"no"
610688,"tag","Tag",85,"no"
610688,"tag","Tag",85,"no"
610688,"tag","Tag",85,"no"
610688,"slogan","SITS",85,"no"
610688,"slogan","SITS",85,"no"
610688,"tag","Tag",85,"no"
610688,"tag","Tag",85,"no"
610688,"tag","Tag",85,"no"
610688,"tag","Tag",85,"no"
610688,"tag","Tag",85,"no"
610688,"tag","Tag",85,"no"
610688,"other","Others",85,"no"
610688,"tag","Tag",85,"no"
610688,"other","Others",85,"no"
610688,"tag","Tag",85,"no"
610688,"other","Others",85,"no"
610688,"tag","Tag",85,"no"
610688,"tag","Tag",85,"no"
610688,"tag","Tag",85,"no"
610688,"tag","Tag",85,"no"
145415,"tag","Tag",85,"no"
145447,"tag","Tag",85,"no"
145447,"tag","Tag",85,"no"
145447,"other","Others",85,"no"
358801,"other","Others",85,"no"
358801,"tag","Tag",85,"no"
145258,"tag","Tag",85,"no"
145258,"tag","Tag",85,"no"
145258,"tag","Tag",85,"no"
358742,"tag","Tag",85,"no"
358743,"other","Others",85,"no"
140418,"tag","Tag",85,"no"
140418,"tag","Tag",85,"no"
140418,"tag","Tag",85,"no"
140418,"tag","Tag",85,"no"
140418,"tag","Tag",85,"no"
140418,"tag","Tag",85,"no"
140418,"tag","Tag",85,"no"
140664,"tag","Tag",85,"no"
140664,"tag","Tag",85,"no"
140663,"tag","Tag",85,"no"
140811,"tag","Tag",85,"no"
140811,"tag","Tag",85,"no"
140811,"tag","Tag",85,"no"
140811,"tag","Tag",85,"no"
140811,"tag","Tag",85,"no"
140811,"illustration","SITS",85,"no"
140811,"tag","Tag",85,"no"
140665,"illustration","SITS",85,"no"
140665,"tag","Tag",85,"no"
140665,"tag","Tag",85,"no"
140665,"tag","Tag",85,"no"
140812,"tag","Tag",85,"no"
140812,"tag","Tag",85,"yes"
140812,"tag","Tag",85,"yes"
140812,"tag","Tag",85,"yes"
140812,"tag","Tag",85,"yes"
140812,"tag","Tag",85,"no"
140812,"tag","Tag",85,"no"
140812,"tag","Tag",85,"no"
140812,"slogan","SITS",85,"no"
140812,"tag","Tag",85,"no"
140812,"tag","Tag",85,"no"
140812,"tag","Tag",85,"no"
140812,"tag","Tag",85,"no"
140812,"tag","Tag",85,"no"
140812,"tag","Tag",85,"no"
140812,"tag","Tag",85,"no"
140812,"tag","Tag",85,"no"
140812,"tag","Tag",85,"no"
140812,"tag","Tag",85,"no"
140812,"tag","Tag",85,"no"
140812,"tag","Tag",85,"no"
140812,"tag","Tag",85,"no"
140812,"tag","Tag",85,"no"
140812,"tag","Tag",85,"no"
140812,"tag","Tag",85,"no"
140812,"tag","Tag",85,"no"
140812,"tag","Tag",85,"no"
140812,"tag","Tag",85,"no"
140812,"tag","Tag",85,"no"
140812,"tag","Tag",85,"no"
140812,"tag","Tag",85,"no"
140812,"tag","Tag",85,"no"
140812,"tag","Tag",85,"no"
140812,"tag","Tag",85,"no"
140812,"tag","Tag",85,"no"
140812,"tag","Tag",85,"no"
140812,"tag","Tag",85,"no"
140852,"tag","Tag",117,"no"
140852,"tag","Tag",117,"no"
140932,"other","Others",117,"no"
140932,"tag","Tag",117,"no"
140932,"other","Others",117,"no"
140932,"other","Others",117,"no"
141079,"tag","Tag",117,"no"
141079,"tag","Tag",117,"no"
141079,"other","Others",117,"no"
141079,"tag","Tag",117,"no"
141079,"other","Others",117,"no"
141079,"tag","Tag",117,"no"
141079,"other","Others",117,"no"
141079,"tag","Tag",117,"no"
141079,"other","Others",117,"no"
141079,"other","Others",117,"no"
141079,"masterpiece","Masterpiece",117,"no"
141079,"tag","Tag",117,"yes"
141079,"illustration","SITS",117,"no"
141079,"tag","Tag",117,"no"
141079,"tag","Tag",117,"no"
141079,"other","Others",117,"no"
141079,"tag","Tag",117,"no"
141079,"other","Others",117,"no"
141079,"tag","Tag",117,"no"
141079,"tag","Tag",117,"yes"
141079,"tag","Tag",117,"yes"
141079,"other","Others",117,"no"
141079,"other","Others",117,"no"
141079,"other","Others",117,"no"
141079,"other","Others",117,"no"
141079,"tag","Tag",117,"no"
141079,"tag","Tag",117,"no"
141079,"tag","Tag",117,"no"
141079,"tag","Tag",117,"no"
141079,"tag","Tag",117,"no"
141079,"tag","Tag",117,"no"
141079,"tag","Tag",117,"no"
141079,"tag","Tag",117,"no"
141079,"tag","Tag",117,"no"
141079,"tag","Tag",117,"no"
141079,"tag","Tag",117,"no"
141079,"other","Others",117,"no"
141079,"tag","Tag",117,"no"
141079,"other","Others",117,"no"
141079,"tag","Tag",117,"no"
141079,"tag","Tag",117,"no"
141079,"tag","Tag",117,"no"
141079,"tag","Tag",117,"no"
141079,"tag","Tag",117,"no"
141079,"tag","Tag",117,"no"
141079,"tag","Tag",117,"no"
141079,"throw up","SITS",117,"no"
141079,"other","Others",117,"no"
141079,"tag","Tag",117,"no"
141079,"tag","Tag",117,"no"
141079,"tag","Tag",117,"no"
141079,"tag","Tag",117,"no"
141079,"tag","Tag",117,"no"
141079,"tag","Tag",117,"no"
141079,"tag","Tag",117,"no"
141079,"throw up","SITS",117,"no"
141079,"other","Others",117,"no"
141079,"tag","Tag",117,"no"
141079,"other","Others",117,"no"
141079,"tag","Tag",117,"no"
141079,"tag","Tag",117,"no"
141079,"tag","Tag",117,"no"
141079,"tag","Tag",117,"no"
141079,"tag","Tag",117,"no"
141079,"other","Others",117,"no"
141079,"tag","Tag",117,"no"
141079,"tag","Tag",117,"no"
141079,"tag","Tag",117,"yes"
141079,"tag","Tag",117,"no"
141079,"tag","Tag",117,"no"
141079,"other","Others",117,"no"
141079,"tag","Tag",117,"no"
141079,"other","Others",117,"no"
141079,"tag","Tag",117,"no"
141079,"tag","Tag",117,"no"
141079,"other","Others",117,"no"
141079,"tag","Tag",117,"no"
141079,"tag","Tag",117,"no"
141084,"slogan","SITS",117,"no"
141084,"other","Others",117,"no"
140931,"tag","Tag",117,"no"
140931,"other","Others",117,"no"
140931,"tag","Tag",117,"no"
140931,"tag","Tag",117,"no"
140931,"tag","Tag",117,"no"
140931,"other","Others",117,"no"
140931,"other","Others",117,"no"
140931,"tag","Tag",117,"yes"
140931,"tag","Tag",117,"no"
140931,"tag","Tag",117,"no"
140931,"tag","Tag",117,"no"
140931,"tag","Tag",117,"no"
140931,"other","Others",117,"no"
140931,"slogan","SITS",117,"no"
140931,"tag","Tag",117,"yes"
140931,"tag","Tag",117,"no"
140931,"tag","Tag",117,"no"
140931,"tag","Tag",117,"no"
140931,"tag","Tag",117,"no"
611036,"illustration","SITS",117,"no"
611036,"illustration","SITS",117,"no"
611036,"tag","Tag",117,"no"
611036,"other","Others",117,"no"
611036,"other","Others",117,"no"
611036,"tag","Tag",117,"no"
611036,"tag","Tag",117,"no"
627578,"tag","Tag",117,"no"
627578,"tag","Tag",117,"no"
627578,"tag","Tag",117,"no"
627578,"other","Others",117,"no"
627578,"tag","Tag",117,"no"
627578,"tag","Tag",117,"no"
627578,"tag","Tag",117,"no"
627578,"tag","Tag",117,"no"
627578,"tag","Tag",117,"no"
627578,"tag","Tag",117,"yes"
627578,"other","Others",117,"no"
140955,"illustration","SITS",117,"no"
140869,"tag","Tag",117,"no"
140869,"other","Others",117,"no"
140869,"tag","Tag",117,"no"
140869,"other","Others",117,"no"
140869,"tag","Tag",117,"no"
141051,"tag","Tag",117,"no"
140979,"tag","Tag",117,"no"
140979,"tag","Tag",117,"no"
140979,"illustration","SITS",117,"no"
610919,"tag","Tag",117,"no"
610919,"tag","Tag",117,"no"
610919,"tag","Tag",117,"no"
610919,"tag","Tag",117,"no"
610919,"other","Others",117,"no"
610919,"tag","Tag",117,"no"
610919,"tag","Tag",117,"no"
610919,"tag","Tag",117,"yes"
610919,"illustration","SITS",117,"yes"
610919,"tag","Tag",117,"yes"
610919,"masterpiece","Masterpiece",117,"yes"
610919,"tag","Tag",117,"no"
610919,"other","Others",117,"no"
610919,"throw up","SITS",117,"no"
610919,"throw up","SITS",117,"no"
610919,"tag","Tag",117,"no"
610919,"tag","Tag",117,"no"
610919,"tag","Tag",117,"no"
610919,"tag","Tag",117,"no"
610919,"tag","Tag",117,"no"
610919,"tag","Tag",117,"no"
610919,"tag","Tag",117,"no"
610919,"tag","Tag",117,"no"
610919,"tag","Tag",117,"no"
610919,"tag","Tag",117,"no"
140852,"tag","Tag",117,"no"
610945,"other","Others",117,"no"
140932,"tag","Tag",117,"no"
140932,"other","Others",117,"no"
140932,"tag","Tag",117,"no"
140932,"tag","Tag",117,"no"
140932,"tag","Tag",117,"no"
141079,"tag","Tag",117,"no"
141079,"tag","Tag",117,"no"
141079,"tag","Tag",117,"no"
141079,"tag","Tag",117,"no"
141079,"tag","Tag",117,"yes"
141084,"tag","Tag",117,"no"
140931,"other","Others",117,"no"
140931,"tag","Tag",117,"no"
140931,"tag","Tag",117,"no"
611036,"tag","Tag",117,"no"
627578,"tag","Tag",117,"no"
140869,"tag","Tag",117,"no"
140979,"tag","Tag",117,"no"
140979,"other","Others",117,"no"
141095,"illustration","SITS",117,"no"
141084,"tag","Tag",117,"no"
140955,"tag","Tag",117,"no"
140979,"other","Others",117,"no"
141095,"other","Others",117,"no"
140931,"slogan","SITS",117,"no"
610919,"tag","Tag",117,"no"
610919,"other","Others",117,"no"
145188,"tag","Tag",12,"no"
145188,"tag","Tag",12,"no"
145188,"tag","Tag",12,"no"
145188,"slogan","SITS",12,"no"
145188,"tag","Tag",12,"no"
145553,"illustration","SITS",12,"no"
610699,"tag","Tag",12,"no"
610699,"tag","Tag",12,"no"
610699,"slogan","SITS",12,"no"
610699,"tag","Tag",12,"no"
610699,"tag","Tag",12,"no"
610699,"tag","Tag",12,"no"
145334,"tag","Tag",12,"no"
145334,"tag","Tag",12,"no"
145334,"tag","Tag",12,"no"
145334,"tag","Tag",12,"no"
145334,"slogan","SITS",12,"no"
145334,"stencil","SITS",12,"no"
145334,"slogan","SITS",12,"no"
145334,"tag","Tag",12,"no"
145334,"illustration","SITS",12,"no"
145334,"slogan","SITS",12,"no"
145334,"tag","Tag",12,"no"
145334,"tag","Tag",12,"no"
145334,"tag","Tag",12,"no"
145334,"other","Others",12,"no"
145334,"tag","Tag",12,"no"
145236,"tag","Tag",12,"no"
145236,"tag","Tag",12,"no"
145236,"throw up","SITS",12,"no"
145236,"stencil","SITS",12,"no"
145236,"tag","Tag",12,"no"
145236,"other","Others",12,"no"
145236,"slogan","SITS",12,"no"
145236,"tag","Tag",12,"no"
145236,"tag","Tag",12,"no"
145236,"slogan","SITS",12,"no"
145236,"tag","Tag",12,"no"
145236,"tag","Tag",12,"no"
145430,"tag","Tag",12,"no"
145430,"tag","Tag",12,"no"
145430,"throw up","SITS",12,"yes"
145430,"throw up","SITS",12,"yes"
145430,"tag","Tag",12,"no"
145430,"tag","Tag",12,"no"
145430,"other","Others",12,"no"
145430,"other","Others",12,"no"
145430,"tag","Tag",12,"no"
145430,"tag","Tag",12,"no"
145430,"tag","Tag",12,"no"
145430,"tag","Tag",12,"no"
145430,"tag","Tag",12,"no"
145430,"tag","Tag",12,"no"
145257,"tag","Tag",12,"no"
145257,"tag","Tag",12,"no"
145257,"tag","Tag",12,"no"
145257,"tag","Tag",12,"no"
145257,"tag","Tag",12,"no"
145257,"tag","Tag",12,"no"
145257,"other","Others",12,"no"
145257,"tag","Tag",12,"no"
145257,"tag","Tag",12,"no"
145257,"tag","Tag",12,"no"
145257,"other","Others",12,"no"
145257,"tag","Tag",12,"no"
145257,"tag","Tag",12,"no"
145257,"tag","Tag",12,"no"
145257,"tag","Tag",12,"no"
145257,"tag","Tag",12,"no"
145257,"tag","Tag",12,"no"
145257,"tag","Tag",12,"no"
145257,"tag","Tag",12,"no"
145257,"other","Others",12,"no"
145257,"tag","Tag",12,"no"
145257,"tag","Tag",12,"no"
145440,"tag","Tag",12,"no"
145440,"tag","Tag",12,"no"
145469,"tag","Tag",12,"no"
145469,"other","Others",12,"no"
145469,"tag","Tag",12,"no"
145469,"tag","Tag",12,"no"
145469,"tag","Tag",12,"no"
145469,"tag","Tag",12,"no"
145469,"tag","Tag",12,"no"
145469,"tag","Tag",12,"no"
145469,"tag","Tag",12,"yes"
145469,"other","Others",12,"no"
145469,"tag","Tag",12,"no"
145469,"tag","Tag",12,"no"
145469,"other","Others",12,"no"
145469,"other","Others",12,"no"
145469,"tag","Tag",12,"no"
145469,"tag","Tag",12,"no"
145469,"tag","Tag",12,"no"
90553,"tag","Tag",136,"no"
90553,"tag","Tag",136,"no"
90553,"tag","Tag",136,"yes"
90553,"tag","Tag",136,"no"
90553,"tag","Tag",136,"no"
90553,"tag","Tag",136,"no"
90553,"tag","Tag",136,"no"
90553,"tag","Tag",136,"no"
90553,"tag","Tag",136,"no"
90553,"tag","Tag",136,"no"
90553,"tag","Tag",136,"no"
610772,"tag","Tag",136,"no"
610772,"tag","Tag",136,"no"
610772,"tag","Tag",136,"no"
610772,"tag","Tag",136,"no"
610772,"tag","Tag",136,"no"
610772,"tag","Tag",136,"no"
610772,"tag","Tag",136,"no"
610772,"tag","Tag",136,"no"
610772,"tag","Tag",136,"no"
610772,"tag","Tag",136,"no"
610782,"stencil","SITS",136,"no"
610782,"tag","Tag",136,"no"
610782,"tag","Tag",136,"no"
610782,"tag","Tag",136,"no"
610782,"tag","Tag",136,"no"
610782,"tag","Tag",136,"no"
610782,"illustration","SITS",136,"no"
610782,"tag","Tag",136,"no"
610782,"tag","Tag",136,"no"
610782,"tag","Tag",136,"no"
90551,"tag","Tag",136,"no"
90551,"stencil","SITS",136,"no"
90551,"tag","Tag",136,"no"
90551,"tag","Tag",136,"no"
90551,"tag","Tag",136,"no"
90551,"stencil","SITS",136,"no"
265581,"tag","Tag",136,"no"
265581,"illustration","SITS",136,"no"
265580,"illustration","SITS",136,"no"
265580,"illustration","SITS",136,"no"
265580,"other","Others",136,"no"
265580,"stencil","SITS",136,"no"
265580,"tag","Tag",136,"no"
265580,"tag","Tag",136,"no"
265580,"tag","Tag",136,"no"
265580,"tag","Tag",136,"no"
265580,"tag","Tag",136,"no"
265580,"tag","Tag",136,"no"
265580,"illustration","SITS",136,"no"
265580,"illustration","SITS",136,"no"
265580,"tag","Tag",136,"no"
265580,"tag","Tag",136,"no"
265580,"tag","Tag",136,"no"
265580,"tag","Tag",136,"no"
265580,"illustration","SITS",136,"no"
265580,"tag","Tag",136,"no"
265580,"stencil","SITS",136,"no"
265580,"stencil","SITS",136,"no"
265580,"stencil","SITS",136,"no"
265580,"stencil","SITS",136,"no"
265580,"stencil","SITS",136,"no"
145317,"tag","Tag",136,"no"
145317,"tag","Tag",136,"no"
145317,"tag","Tag",136,"no"
145317,"illustration","SITS",136,"no"
145317,"tag","Tag",136,"no"
145317,"tag","Tag",136,"no"
265581,"tag","Tag",136,"no"
140661,"tag","Tag",171,"no"
140661,"tag","Tag",171,"no"
140661,"tag","Tag",171,"no"
140661,"tag","Tag",171,"no"
140661,"tag","Tag",171,"no"
140661,"tag","Tag",171,"no"
140661,"tag","Tag",171,"no"
140661,"tag","Tag",171,"no"
140661,"tag","Tag",171,"no"
140661,"tag","Tag",171,"no"
140661,"tag","Tag",171,"no"
140661,"tag","Tag",171,"no"
140661,"tag","Tag",171,"no"
140738,"tag","Tag",171,"no"
140738,"other","Others",171,"no"
140738,"other","Others",171,"no"
140736,"tag","Tag",171,"no"
140755,"tag","Tag",171,"no"
140755,"tag","Tag",171,"no"
140755,"other","Others",171,"no"
140755,"other","Others",171,"no"
140755,"tag","Tag",171,"no"
140764,"tag","Tag",171,"no"
140764,"tag","Tag",171,"no"
140825,"tag","Tag",171,"no"
140825,"tag","Tag",171,"no"
140825,"tag","Tag",171,"no"
140825,"other","Others",171,"no"
140825,"tag","Tag",171,"no"
140661,"tag","Tag",171,"no"
140755,"other","Others",171,"no"
140764,"tag","Tag",171,"no"
140737,"tag","Tag",171,"no"
140755,"tag","Tag",171,"no"
140755,"tag","Tag",171,"no"
140764,"other","Others",171,"no"
140764,"tag","Tag",171,"no"
610670,"tag","Tag",140,"no"
610670,"tag","Tag",140,"no"
610670,"tag","Tag",140,"no"
610670,"tag","Tag",140,"no"
610670,"tag","Tag",140,"no"
610670,"tag","Tag",140,"no"
610670,"slogan","SITS",140,"no"
610670,"tag","Tag",140,"no"
610670,"tag","Tag",140,"no"
610670,"illustration","SITS",140,"no"
610670,"illustration","SITS",140,"no"
610670,"tag","Tag",140,"no"
610670,"illustration","SITS",140,"no"
610670,"tag","Tag",140,"no"
610670,"tag","Tag",140,"no"
610670,"other","Others",140,"no"
610670,"tag","Tag",140,"no"
610670,"tag","Tag",140,"no"
610670,"tag","Tag",140,"no"
610670,"tag","Tag",140,"no"
610670,"tag","Tag",140,"no"
610670,"tag","Tag",140,"no"
610670,"stencil","SITS",140,"no"
610670,"tag","Tag",140,"no"
610670,"tag","Tag",140,"no"
610670,"tag","Tag",140,"no"
610670,"tag","Tag",140,"no"
610670,"tag","Tag",140,"no"
610670,"tag","Tag",140,"no"
610670,"tag","Tag",140,"no"
610670,"illustration","SITS",140,"no"
610670,"tag","Tag",140,"no"
610670,"tag","Tag",140,"no"
610670,"tag","Tag",140,"no"
610670,"illustration","SITS",140,"no"
610670,"tag","Tag",140,"no"
610670,"tag","Tag",140,"no"
610670,"tag","Tag",140,"no"
610670,"tag","Tag",140,"no"
610670,"tag","Tag",140,"no"
610670,"tag","Tag",140,"no"
610670,"tag","Tag",140,"no"
610670,"tag","Tag",140,"no"
610670,"tag","Tag",140,"no"
610670,"tag","Tag",140,"no"
610670,"tag","Tag",140,"no"
610670,"tag","Tag",140,"no"
610670,"tag","Tag",140,"no"
610670,"tag","Tag",140,"no"
610670,"tag","Tag",140,"no"
610670,"tag","Tag",140,"no"
610670,"tag","Tag",140,"no"
610670,"slogan","SITS",140,"no"
610670,"tag","Tag",140,"no"
610670,"tag","Tag",140,"no"
610670,"tag","Tag",140,"no"
610670,"other","Others",140,"no"
610670,"other","Others",140,"no"
610670,"other","Others",140,"no"
610670,"other","Others",140,"no"
610670,"other","Others",140,"no"
610670,"other","Others",140,"no"
610670,"other","Others",140,"no"
610670,"other","Others",140,"no"
610670,"tag","Tag",140,"no"
140608,"tag","Tag",140,"no"
140608,"tag","Tag",140,"no"
140608,"tag","Tag",140,"no"
140608,"illustration","SITS",140,"no"
140608,"tag","Tag",140,"no"
140608,"tag","Tag",140,"no"
140608,"tag","Tag",140,"no"
140608,"tag","Tag",140,"no"
610550,"tag","Tag",140,"no"
610550,"tag","Tag",140,"yes"
610550,"illustration","SITS",140,"no"
610550,"tag","Tag",140,"no"
610550,"tag","Tag",140,"no"
610550,"tag","Tag",140,"no"
610550,"tag","Tag",140,"no"
610550,"tag","Tag",140,"no"
610550,"slogan","SITS",140,"no"
610550,"tag","Tag",140,"no"
610550,"other","Others",140,"no"
610550,"tag","Tag",140,"no"
610556,"tag","Tag",140,"no"
610556,"tag","Tag",140,"no"
610556,"tag","Tag",140,"no"
610556,"tag","Tag",140,"no"
610556,"tag","Tag",140,"no"
610556,"tag","Tag",140,"no"
610556,"tag","Tag",140,"no"
610556,"other","Others",140,"no"
140600,"tag","Tag",140,"no"
140600,"tag","Tag",140,"no"
140594,"tag","Tag",140,"no"
140594,"tag","Tag",140,"no"
140602,"tag","Tag",140,"no"
140602,"tag","Tag",140,"no"
140602,"tag","Tag",140,"no"
140602,"tag","Tag",140,"no"
140602,"other","Others",140,"no"
610552,"tag","Tag",140,"no"
610552,"tag","Tag",140,"no"
610552,"tag","Tag",140,"no"
610552,"illustration","SITS",140,"no"
610552,"tag","Tag",140,"no"
610552,"illustration","SITS",140,"no"
610552,"tag","Tag",140,"no"
610552,"tag","Tag",140,"no"
610552,"tag","Tag",140,"no"
610552,"tag","Tag",140,"no"
610552,"tag","Tag",140,"no"
610552,"tag","Tag",140,"no"
610552,"tag","Tag",140,"no"
610552,"tag","Tag",140,"no"
610552,"tag","Tag",140,"no"
610552,"illustration","SITS",140,"no"
610552,"tag","Tag",140,"no"
610552,"tag","Tag",140,"no"
610552,"tag","Tag",140,"no"
610552,"tag","Tag",140,"no"
610552,"tag","Tag",140,"no"
610552,"slogan","SITS",140,"no"
610552,"illustration","SITS",140,"no"
610552,"tag","Tag",140,"no"
610552,"tag","Tag",140,"no"
610552,"tag","Tag",140,"no"
610552,"tag","Tag",140,"no"
610552,"tag","Tag",140,"no"
610552,"slogan","SITS",140,"no"
610552,"tag","Tag",140,"no"
610552,"stencil","SITS",140,"no"
610552,"tag","Tag",140,"no"
610552,"tag","Tag",140,"no"
610552,"tag","Tag",140,"no"
610552,"tag","Tag",140,"no"
610552,"tag","Tag",140,"no"
610552,"tag","Tag",140,"no"
610552,"tag","Tag",140,"no"
610552,"tag","Tag",140,"no"
610552,"tag","Tag",140,"no"
610552,"tag","Tag",140,"no"
610552,"tag","Tag",140,"no"
610552,"tag","Tag",140,"no"
610552,"tag","Tag",140,"no"
610552,"illustration","SITS",140,"no"
610552,"tag","Tag",140,"no"
140617,"tag","Tag",140,"no"
140617,"tag","Tag",140,"no"
610552,"tag","Tag",140,"no"
610552,"tag","Tag",140,"no"
610552,"tag","Tag",140,"no"
610552,"tag","Tag",140,"no"
610552,"tag","Tag",140,"no"
610552,"tag","Tag",140,"yes"
610552,"tag","Tag",140,"no"
610552,"tag","Tag",140,"no"
610670,"tag","Tag",140,"no"
610550,"illustration","SITS",140,"no"
610550,"illustration","SITS",140,"no"
610552,"tag","Tag",140,"no"
610552,"tag","Tag",140,"no"
145987,"other","Others",137,"no"
145987,"other","Others",137,"no"
145987,"illustration","SITS",137,"no"
145987,"other","Others",137,"no"
145987,"tag","Tag",137,"no"
145987,"other","Others",137,"no"
145987,"other","Others",137,"no"
145987,"other","Others",137,"no"
145987,"other","Others",137,"no"
145571,"tag","Tag",137,"no"
145571,"illustration","SITS",137,"no"
145571,"illustration","SITS",137,"no"
145571,"other","Others",137,"no"
145571,"stencil","SITS",137,"no"
145571,"other","Others",137,"no"
610124,"tag","Tag",137,"no"
610124,"tag","Tag",137,"no"
610124,"tag","Tag",137,"no"
610124,"stencil","SITS",137,"no"
610124,"other","Others",137,"no"
610124,"stencil","SITS",137,"no"
610124,"tag","Tag",137,"no"
610124,"stencil","SITS",137,"no"
145586,"other","Others",137,"no"
145586,"slogan","SITS",137,"no"
145586,"slogan","SITS",137,"no"
145586,"tag","Tag",137,"no"
145586,"tag","Tag",137,"no"
145586,"other","Others",137,"no"
145769,"other","Others",137,"no"
145769,"other","Others",137,"no"
145595,"tag","Tag",137,"no"
145766,"stencil","SITS",137,"no"
145750,"tag","Tag",137,"no"
145750,"slogan","SITS",137,"no"
145750,"tag","Tag",137,"no"
145750,"tag","Tag",137,"no"
145750,"tag","Tag",137,"no"
145750,"stencil","SITS",137,"no"
145752,"tag","Tag",137,"no"
145752,"tag","Tag",137,"no"
145752,"tag","Tag",137,"no"
145752,"tag","Tag",137,"no"
145752,"tag","Tag",137,"no"
145752,"other","Others",137,"no"
145752,"tag","Tag",137,"no"
145752,"other","Others",137,"no"
145752,"other","Others",137,"no"
145752,"tag","Tag",137,"no"
145752,"other","Others",137,"no"
145752,"other","Others",137,"no"
145761,"tag","Tag",137,"no"
145761,"other","Others",137,"no"
145761,"other","Others",137,"no"
145761,"stencil","SITS",137,"no"
145761,"stencil","SITS",137,"no"
145779,"tag","Tag",137,"no"
145585,"tag","Tag",137,"no"
145585,"stencil","SITS",137,"no"
145585,"illustration","SITS",137,"no"
145585,"tag","Tag",137,"no"
145585,"tag","Tag",137,"no"
145585,"tag","Tag",137,"no"
145585,"slogan","SITS",137,"no"
145585,"stencil","SITS",137,"no"
145585,"stencil","SITS",137,"no"
145767,"tag","Tag",137,"no"
145767,"stencil","SITS",137,"no"
145767,"stencil","SITS",137,"no"
145767,"slogan","SITS",137,"no"
145767,"tag","Tag",137,"no"
145767,"tag","Tag",137,"no"
145591,"illustration","SITS",137,"no"
145591,"tag","Tag",137,"no"
145591,"tag","Tag",137,"no"
145591,"tag","Tag",137,"no"
145591,"stencil","SITS",137,"no"
611076,"tag","Tag",138,"no"
610954,"tag","Tag",138,"no"
611199,"throw up","SITS",138,"yes"
611199,"tag","Tag",138,"no"
611199,"tag","Tag",138,"no"
611199,"tag","Tag",138,"no"
611199,"tag","Tag",138,"no"
611199,"other","Others",138,"no"
611199,"tag","Tag",138,"no"
611199,"tag","Tag",138,"yes"
611199,"throw up","SITS",138,"no"
611199,"other","Others",138,"yes"
611199,"other","Others",138,"yes"
611199,"tag","Tag",138,"no"
611199,"tag","Tag",138,"no"
611199,"other","Others",138,"no"
611199,"slogan","SITS",138,"no"
611199,"illustration","SITS",138,"no"
611199,"slogan","SITS",138,"no"
611199,"tag","Tag",138,"no"
611199,"tag","Tag",138,"no"
140915,"stencil","SITS",138,"no"
140915,"tag","Tag",138,"no"
141042,"illustration","SITS",138,"no"
141042,"tag","Tag",138,"no"
141042,"tag","Tag",138,"no"
141042,"tag","Tag",138,"no"
141042,"tag","Tag",138,"no"
141042,"tag","Tag",138,"no"
141042,"slogan","SITS",138,"no"
141042,"tag","Tag",138,"no"
141042,"tag","Tag",138,"no"
141042,"tag","Tag",138,"no"
141042,"tag","Tag",138,"no"
141042,"tag","Tag",138,"no"
141042,"tag","Tag",138,"no"
141042,"tag","Tag",138,"no"
141042,"tag","Tag",138,"no"
141042,"tag","Tag",138,"no"
141042,"tag","Tag",138,"no"
141042,"tag","Tag",138,"no"
141042,"tag","Tag",138,"no"
141042,"slogan","SITS",138,"no"
141042,"tag","Tag",138,"no"
141042,"tag","Tag",138,"no"
141042,"tag","Tag",138,"no"
141042,"tag","Tag",138,"no"
141042,"tag","Tag",138,"no"
141042,"tag","Tag",138,"no"
141042,"tag","Tag",138,"no"
141042,"tag","Tag",138,"no"
141042,"tag","Tag",138,"no"
141042,"tag","Tag",138,"no"
141042,"tag","Tag",138,"no"
358693,"slogan","SITS",138,"no"
358693,"tag","Tag",138,"no"
358693,"tag","Tag",138,"no"
140950,"tag","Tag",17,"no"
140950,"tag","Tag",17,"no"
140950,"tag","Tag",17,"no"
140950,"tag","Tag",17,"no"
140950,"tag","Tag",17,"no"
140950,"tag","Tag",17,"no"
140950,"tag","Tag",17,"no"
140950,"tag","Tag",17,"no"
140950,"tag","Tag",17,"no"
140950,"tag","Tag",17,"no"
140950,"tag","Tag",17,"no"
140950,"tag","Tag",17,"no"
140950,"tag","Tag",17,"no"
140950,"tag","Tag",17,"no"
141144,"tag","Tag",17,"no"
140495,"tag","Tag",17,"no"
140495,"tag","Tag",17,"no"
140495,"tag","Tag",17,"no"
140775,"tag","Tag",17,"no"
140775,"tag","Tag",17,"no"
140775,"tag","Tag",17,"no"
140775,"tag","Tag",17,"no"
140775,"tag","Tag",17,"no"
140775,"tag","Tag",17,"no"
140775,"tag","Tag",17,"no"
140775,"tag","Tag",17,"no"
140775,"tag","Tag",17,"no"
140775,"tag","Tag",17,"no"
140773,"tag","Tag",17,"no"
140471,"tag","Tag",17,"no"
140471,"tag","Tag",17,"no"
140471,"tag","Tag",17,"no"
140471,"tag","Tag",17,"no"
140471,"tag","Tag",17,"no"
140471,"tag","Tag",17,"no"
140471,"tag","Tag",17,"no"
140471,"tag","Tag",17,"no"
140471,"tag","Tag",17,"no"
140471,"tag","Tag",17,"no"
140471,"tag","Tag",17,"no"
140471,"tag","Tag",17,"no"
140471,"stencil","SITS",17,"yes"
140471,"tag","Tag",17,"no"
140471,"tag","Tag",17,"no"
140471,"tag","Tag",17,"no"
140471,"tag","Tag",17,"no"
140471,"tag","Tag",17,"no"
140471,"tag","Tag",17,"no"
140471,"tag","Tag",17,"no"
140471,"tag","Tag",17,"no"
140471,"tag","Tag",17,"no"
140772,"tag","Tag",17,"no"
140772,"tag","Tag",17,"no"
140772,"tag","Tag",17,"no"
140772,"tag","Tag",17,"no"
140772,"tag","Tag",17,"no"
140772,"tag","Tag",17,"no"
140772,"tag","Tag",17,"no"
140772,"tag","Tag",17,"no"
610613,"tag","Tag",17,"no"
610613,"tag","Tag",17,"no"
140770,"tag","Tag",17,"no"
140770,"tag","Tag",17,"no"
140770,"tag","Tag",17,"no"
140770,"tag","Tag",17,"no"
140770,"tag","Tag",17,"no"
359117,"tag","Tag",17,"no"
359117,"tag","Tag",17,"no"
140892,"tag","Tag",17,"no"
140892,"tag","Tag",17,"no"
359117,"tag","Tag",17,"no"
140471,"stencil","SITS",17,"no"
140471,"tag","Tag",17,"no"
359117,"tag","Tag",17,"no"
140471,"tag","Tag",17,"no"
140471,"tag","Tag",17,"no"
140471,"tag","Tag",17,"no"
140471,"tag","Tag",17,"no"
140770,"tag","Tag",17,"no"
140497,"tag","Tag",17,"no"
141144,"tag","Tag",17,"no"
140490,"stencil","SITS",17,"no"
141144,"tag","Tag",17,"no"
140490,"tag","Tag",17,"no"
140733,"tag","Tag",96,"no"
140733,"tag","Tag",96,"no"
140734,"illustration","SITS",96,"no"
140734,"tag","Tag",96,"no"
455534,"tag","Tag",96,"no"
455535,"tag","Tag",96,"no"
358746,"tag","Tag",96,"no"
358744,"tag","Tag",96,"no"
358744,"tag","Tag",96,"no"
358744,"tag","Tag",96,"no"
140413,"tag","Tag",96,"no"
140779,"other","Others",96,"no"
140668,"tag","Tag",96,"yes"
140668,"tag","Tag",96,"no"
140669,"tag","Tag",96,"no"
140669,"tag","Tag",96,"no"
140669,"tag","Tag",96,"no"
140638,"tag","Tag",96,"no"
140638,"tag","Tag",96,"no"
140501,"tag","Tag",96,"no"
140501,"tag","Tag",96,"no"
140501,"tag","Tag",96,"no"
140501,"tag","Tag",96,"no"
140469,"stencil","SITS",100,"no"
140469,"stencil","SITS",100,"no"
140469,"tag","Tag",100,"no"
140469,"illustration","SITS",100,"no"
140795,"tag","Tag",100,"no"
140795,"tag","Tag",100,"no"
140604,"tag","Tag",100,"no"
21596,"other","Others",100,"no"
140606,"tag","Tag",100,"no"
140606,"illustration","SITS",100,"no"
140606,"tag","Tag",100,"no"
140469,"tag","Tag",100,"no"
140469,"tag","Tag",100,"no"
140469,"other","Others",100,"no"
140469,"tag","Tag",100,"yes"
140469,"tag","Tag",100,"no"
140469,"tag","Tag",100,"no"
140469,"tag","Tag",100,"yes"
140832,"stencil","SITS",100,"no"
140832,"slogan","SITS",100,"no"
140832,"tag","Tag",100,"yes"
140832,"other","Others",100,"no"
140832,"stencil","SITS",100,"no"
140832,"tag","Tag",100,"no"
140563,"other","Others",100,"no"
140563,"other","Others",100,"yes"
140563,"other","Others",100,"no"
140563,"stencil","SITS",100,"no"
140563,"stencil","SITS",100,"no"
140798,"other","Others",100,"no"
140605,"other","Others",100,"no"
140605,"throw up","SITS",100,"no"
140605,"tag","Tag",100,"no"
140605,"tag","Tag",100,"no"
140605,"tag","Tag",100,"no"
140605,"tag","Tag",100,"no"
140605,"tag","Tag",100,"no"
140780,"tag","Tag",100,"no"
140780,"tag","Tag",100,"yes"
140780,"tag","Tag",100,"yes"
140780,"tag","Tag",100,"no"
140780,"other","Others",100,"no"
140780,"stencil","SITS",100,"no"
140780,"tag","Tag",100,"no"
140780,"tag","Tag",100,"no"
140725,"other","Others",100,"no"
140725,"illustration","SITS",100,"no"
140725,"tag","Tag",100,"no"
140725,"tag","Tag",100,"no"
140405,"other","Others",100,"no"
140405,"tag","Tag",100,"no"
140405,"tag","Tag",100,"no"
140405,"other","Others",100,"no"
140405,"stencil","SITS",100,"no"
140405,"other","Others",100,"no"
140405,"tag","Tag",100,"no"
140405,"tag","Tag",100,"no"
140405,"stencil","SITS",100,"no"
140405,"tag","Tag",100,"no"
140405,"tag","Tag",100,"no"
140405,"stencil","SITS",100,"yes"
140405,"illustration","SITS",100,"no"
140405,"illustration","SITS",100,"no"
140405,"illustration","SITS",100,"no"
140405,"stencil","SITS",100,"no"
140797,"tag","Tag",100,"no"
140797,"other","Others",100,"no"
140796,"tag","Tag",100,"no"
140796,"other","Others",100,"no"
140796,"tag","Tag",100,"no"
140796,"other","Others",100,"no"
140796,"tag","Tag",100,"no"
140796,"tag","Tag",100,"no"
140796,"tag","Tag",100,"no"
140796,"tag","Tag",100,"no"
140796,"tag","Tag",100,"no"
140796,"tag","Tag",100,"no"
140796,"tag","Tag",100,"no"
140796,"tag","Tag",100,"no"
140796,"tag","Tag",100,"no"
140796,"tag","Tag",100,"no"
140796,"tag","Tag",100,"no"
140796,"tag","Tag",100,"no"
140796,"tag","Tag",100,"no"
140796,"tag","Tag",100,"no"
140796,"tag","Tag",100,"no"
140796,"tag","Tag",100,"no"
140796,"tag","Tag",100,"no"
140796,"tag","Tag",100,"no"
140796,"tag","Tag",100,"no"
140796,"tag","Tag",100,"no"
140796,"tag","Tag",100,"no"
140796,"tag","Tag",100,"no"
140796,"tag","Tag",100,"no"
140796,"tag","Tag",100,"no"
140796,"tag","Tag",100,"no"
140796,"other","Others",100,"no"
140796,"other","Others",100,"yes"
140796,"other","Others",100,"no"
140796,"slogan","SITS",100,"no"
140796,"other","Others",100,"no"
140796,"other","Others",100,"no"
140796,"other","Others",100,"no"
140796,"other","Others",100,"no"
140796,"tag","Tag",100,"no"
140796,"tag","Tag",100,"no"
611180,"tag","Tag",180,"no"
611180,"other","Others",180,"yes"
611180,"other","Others",180,"no"
611180,"tag","Tag",180,"no"
611180,"tag","Tag",180,"no"
610551,"tag","Tag",180,"no"
610551,"tag","Tag",180,"no"
610551,"other","Others",180,"no"
610551,"tag","Tag",180,"no"
610551,"tag","Tag",180,"no"
610551,"other","Others",180,"no"
610551,"tag","Tag",180,"no"
610551,"tag","Tag",180,"no"
610551,"other","Others",180,"no"
610551,"tag","Tag",180,"no"
610551,"tag","Tag",180,"no"
610551,"stencil","SITS",180,"yes"
610551,"illustration","SITS",180,"no"
610551,"throw up","SITS",180,"no"
610551,"tag","Tag",180,"yes"
610551,"tag","Tag",180,"yes"
610551,"tag","Tag",180,"no"
610551,"slogan","SITS",180,"no"
610551,"other","Others",180,"no"
610551,"other","Others",180,"no"
610551,"tag","Tag",180,"no"
610551,"slogan","SITS",180,"no"
610551,"tag","Tag",180,"no"
610551,"tag","Tag",180,"no"
610551,"illustration","SITS",180,"no"
610551,"other","Others",180,"no"
610551,"tag","Tag",180,"no"
610551,"slogan","SITS",180,"no"
140482,"tag","Tag",180,"no"
140482,"tag","Tag",180,"no"
140482,"other","Others",180,"no"
140482,"tag","Tag",180,"no"
140482,"tag","Tag",180,"no"
140482,"tag","Tag",180,"no"
140482,"other","Others",180,"no"
140482,"other","Others",180,"no"
358751,"tag","Tag",180,"no"
358751,"other","Others",180,"no"
358751,"tag","Tag",180,"no"
358751,"tag","Tag",180,"no"
358751,"tag","Tag",180,"no"
358751,"tag","Tag",180,"no"
358751,"tag","Tag",180,"no"
358751,"tag","Tag",180,"no"
358751,"other","Others",180,"no"
358751,"tag","Tag",180,"no"
358751,"tag","Tag",180,"no"
358751,"tag","Tag",180,"no"
358751,"tag","Tag",180,"no"
358751,"tag","Tag",180,"no"
358751,"other","Others",180,"no"
358751,"other","Others",180,"no"
358751,"tag","Tag",180,"no"
358751,"other","Others",180,"no"
358751,"other","Others",180,"no"
358751,"other","Others",180,"no"
610548,"tag","Tag",180,"no"
610548,"tag","Tag",180,"no"
610548,"other","Others",180,"no"
610548,"tag","Tag",180,"no"
610548,"stencil","SITS",180,"no"
610548,"tag","Tag",180,"no"
140540,"tag","Tag",180,"no"
140540,"other","Others",180,"no"
140540,"tag","Tag",180,"no"
140540,"slogan","SITS",180,"no"
140540,"tag","Tag",180,"no"
140540,"tag","Tag",180,"yes"
140540,"tag","Tag",180,"yes"
140540,"slogan","SITS",180,"yes"
140540,"tag","Tag",180,"yes"
140540,"tag","Tag",180,"yes"
140540,"tag","Tag",180,"yes"
140540,"tag","Tag",180,"no"
140540,"tag","Tag",180,"no"
140540,"tag","Tag",180,"no"
140540,"tag","Tag",180,"no"
140540,"tag","Tag",180,"no"
140540,"tag","Tag",180,"no"
140540,"tag","Tag",180,"no"
140540,"stencil","SITS",180,"no"
140540,"tag","Tag",180,"no"
140540,"tag","Tag",180,"no"
140540,"tag","Tag",180,"no"
140540,"other","Others",180,"no"
140540,"other","Others",180,"no"
140540,"tag","Tag",180,"no"
140540,"tag","Tag",180,"no"
140540,"tag","Tag",180,"no"
140540,"slogan","SITS",180,"no"
140540,"tag","Tag",180,"no"
140540,"tag","Tag",180,"no"
140540,"other","Others",180,"no"
140540,"other","Others",180,"no"
140540,"tag","Tag",180,"no"
140540,"tag","Tag",180,"no"
140540,"tag","Tag",180,"no"
140540,"tag","Tag",180,"no"
140540,"tag","Tag",180,"no"
140540,"tag","Tag",180,"no"
140540,"tag","Tag",180,"no"
140540,"tag","Tag",180,"no"
140540,"tag","Tag",180,"no"
140540,"tag","Tag",180,"no"
140540,"tag","Tag",180,"no"
140540,"stencil","SITS",180,"yes"
140540,"tag","Tag",180,"yes"
140540,"tag","Tag",180,"no"
140540,"tag","Tag",180,"yes"
140540,"stencil","SITS",180,"no"
140540,"other","Others",180,"no"
140540,"other","Others",180,"no"
140540,"other","Others",180,"no"
140540,"tag","Tag",180,"no"
140540,"tag","Tag",180,"no"
140540,"tag","Tag",180,"no"
140540,"tag","Tag",180,"no"
140540,"tag","Tag",180,"no"
627595,"illustration","SITS",180,"no"
627595,"other","Others",180,"no"
627595,"tag","Tag",180,"no"
627595,"other","Others",180,"no"
627595,"tag","Tag",180,"no"
627595,"slogan","SITS",180,"no"
627595,"tag","Tag",180,"no"
627595,"slogan","SITS",180,"no"
627595,"slogan","SITS",180,"no"
627595,"slogan","SITS",180,"no"
627595,"tag","Tag",180,"no"
627595,"other","Others",180,"no"
627595,"tag","Tag",180,"no"
627595,"other","Others",180,"no"
627595,"tag","Tag",180,"no"
627595,"tag","Tag",180,"no"
627595,"tag","Tag",180,"no"
627595,"other","Others",180,"no"
627595,"tag","Tag",180,"no"
627595,"other","Others",180,"no"
627595,"tag","Tag",180,"no"
627595,"tag","Tag",180,"no"
627595,"tag","Tag",180,"no"
627595,"tag","Tag",180,"no"
627595,"masterpiece","Masterpiece",180,"no"
627595,"tag","Tag",180,"no"
140450,"other","Others",180,"no"
140450,"other","Others",180,"no"
140450,"tag","Tag",180,"no"
140450,"tag","Tag",180,"no"
140450,"other","Others",180,"no"
140450,"other","Others",180,"no"
358705,"tag","Tag",146,"no"
358705,"tag","Tag",146,"no"
358705,"tag","Tag",146,"no"
358705,"other","Others",146,"no"
141488,"other","Others",146,"no"
141488,"other","Others",146,"no"
141488,"tag","Tag",146,"no"
141488,"other","Others",146,"no"
141261,"masterpiece","Masterpiece",146,"no"
141261,"tag","Tag",146,"no"
141261,"tag","Tag",146,"no"
141261,"tag","Tag",146,"yes"
141261,"tag","Tag",146,"yes"
141261,"tag","Tag",146,"no"
141261,"tag","Tag",146,"no"
141261,"tag","Tag",146,"no"
141261,"other","Others",146,"no"
141261,"other","Others",146,"no"
141261,"other","Others",146,"no"
141261,"tag","Tag",146,"no"
141261,"other","Others",146,"no"
141261,"tag","Tag",146,"no"
141261,"tag","Tag",146,"no"
146518,"masterpiece","Masterpiece",146,"no"
146518,"tag","Tag",146,"no"
146518,"tag","Tag",146,"no"
146518,"tag","Tag",146,"no"
146518,"other","Others",146,"no"
146518,"tag","Tag",146,"no"
146518,"masterpiece","Masterpiece",146,"no"
146518,"masterpiece","Masterpiece",146,"no"
146518,"other","Others",146,"no"
146518,"other","Others",146,"no"
146518,"tag","Tag",146,"no"
146518,"masterpiece","Masterpiece",146,"no"
146518,"tag","Tag",146,"no"
146518,"tag","Tag",146,"no"
140541,"tag","Tag",146,"no"
140541,"slogan","SITS",146,"no"
140541,"slogan","SITS",146,"no"
140541,"tag","Tag",146,"no"
140541,"other","Others",146,"no"
140541,"tag","Tag",146,"no"
359118,"tag","Tag",146,"no"
359118,"other","Others",146,"no"
358706,"tag","Tag",146,"no"
141502,"other","Others",146,"no"
611234,"tag","Tag",146,"no"
611234,"tag","Tag",146,"no"
611234,"tag","Tag",146,"no"
611234,"masterpiece","Masterpiece",146,"no"
611234,"tag","Tag",146,"no"
611234,"other","Others",146,"no"
611234,"other","Others",146,"no"
611234,"other","Others",146,"no"
611234,"other","Others",146,"no"
611234,"tag","Tag",146,"no"
611234,"tag","Tag",146,"no"
358703,"tag","Tag",146,"no"
358703,"tag","Tag",146,"no"
358703,"stencil","SITS",146,"no"
358703,"stencil","SITS",146,"no"
358703,"tag","Tag",146,"no"
358703,"tag","Tag",146,"no"
358703,"tag","Tag",146,"no"
358703,"tag","Tag",146,"no"
358703,"tag","Tag",146,"no"
358703,"tag","Tag",146,"no"
358703,"tag","Tag",146,"no"
358703,"tag","Tag",146,"no"
358703,"tag","Tag",146,"yes"
358703,"tag","Tag",146,"no"
358703,"tag","Tag",146,"no"
358703,"tag","Tag",146,"no"
358703,"other","Others",146,"no"
358703,"tag","Tag",146,"no"
358703,"other","Others",146,"no"
358703,"other","Others",146,"no"
358703,"illustration","SITS",146,"no"
611088,"illustration","SITS",149,"no"
611088,"tag","Tag",149,"no"
611088,"tag","Tag",149,"no"
611088,"other","Others",149,"no"
611088,"other","Others",149,"yes"
611088,"other","Others",149,"no"
611088,"other","Others",149,"no"
611088,"tag","Tag",149,"no"
611088,"other","Others",149,"no"
611088,"tag","Tag",149,"yes"
611088,"tag","Tag",149,"no"
611088,"other","Others",149,"no"
611088,"tag","Tag",149,"no"
611088,"other","Others",149,"no"
610946,"illustration","SITS",149,"no"
610946,"other","Others",149,"no"
610946,"tag","Tag",149,"no"
610946,"tag","Tag",149,"no"
610946,"tag","Tag",149,"no"
610946,"illustration","SITS",149,"no"
610946,"tag","Tag",149,"no"
140530,"other","Others",149,"no"
140530,"other","Others",149,"no"
140530,"other","Others",149,"no"
140530,"other","Others",149,"no"
140530,"other","Others",149,"no"
140530,"other","Others",149,"no"
140531,"slogan","SITS",149,"no"
140531,"tag","Tag",149,"no"
140531,"tag","Tag",149,"no"
140531,"tag","Tag",149,"no"
140531,"tag","Tag",149,"no"
140531,"tag","Tag",149,"yes"
140531,"tag","Tag",149,"no"
140531,"tag","Tag",149,"no"
140531,"tag","Tag",149,"yes"
140531,"tag","Tag",149,"yes"
140531,"tag","Tag",149,"yes"
144146,"tag","Tag",149,"no"
144146,"tag","Tag",149,"no"
144146,"tag","Tag",149,"no"
144146,"tag","Tag",149,"no"
144146,"tag","Tag",149,"no"
144146,"tag","Tag",149,"no"
144146,"throw up","SITS",149,"no"
144146,"throw up","SITS",149,"no"
144146,"tag","Tag",149,"yes"
144146,"tag","Tag",149,"yes"
144146,"tag","Tag",149,"yes"
144146,"tag","Tag",149,"no"
144146,"throw up","SITS",149,"no"
144146,"tag","Tag",149,"no"
144146,"tag","Tag",149,"no"
144146,"tag","Tag",149,"no"
144146,"tag","Tag",149,"no"
144146,"tag","Tag",149,"no"
144146,"tag","Tag",149,"no"
144146,"tag","Tag",149,"no"
144146,"tag","Tag",149,"no"
144146,"tag","Tag",149,"no"
144146,"illustration","SITS",149,"yes"
144146,"illustration","SITS",149,"yes"
144146,"illustration","SITS",149,"yes"
144146,"illustration","SITS",149,"no"
144146,"illustration","SITS",149,"yes"
144146,"illustration","SITS",149,"no"
144146,"illustration","SITS",149,"yes"
144146,"illustration","SITS",149,"yes"
144146,"illustration","SITS",149,"no"
144146,"illustration","SITS",149,"yes"
144146,"illustration","SITS",149,"yes"
144146,"slogan","SITS",149,"no"
144146,"other","Others",149,"no"
144146,"illustration","SITS",149,"no"
144146,"illustration","SITS",149,"yes"
144146,"illustration","SITS",149,"yes"
144146,"illustration","SITS",149,"yes"
144146,"illustration","SITS",149,"no"
144146,"illustration","SITS",149,"yes"
144146,"illustration","SITS",149,"no"
144146,"illustration","SITS",149,"no"
144146,"tag","Tag",149,"no"
144146,"tag","Tag",149,"no"
144146,"slogan","SITS",149,"no"
144146,"tag","Tag",149,"yes"
144146,"illustration","SITS",149,"no"
144146,"tag","Tag",149,"yes"
144146,"illustration","SITS",149,"no"
144146,"other","Others",149,"no"
144146,"other","Others",149,"no"
140568,"slogan","SITS",149,"no"
140568,"tag","Tag",149,"no"
140568,"other","Others",149,"no"
140568,"tag","Tag",149,"no"
140568,"tag","Tag",149,"no"
140568,"tag","Tag",149,"no"
140568,"illustration","SITS",149,"no"
140568,"tag","Tag",149,"yes"
140568,"throw up","SITS",149,"no"
140568,"illustration","SITS",149,"no"
140568,"tag","Tag",149,"no"
140568,"tag","Tag",149,"no"
140568,"illustration","SITS",149,"no"
140568,"tag","Tag",149,"no"
140568,"tag","Tag",149,"no"
140568,"tag","Tag",149,"no"
140568,"tag","Tag",149,"no"
140568,"tag","Tag",149,"no"
140568,"tag","Tag",149,"no"
140568,"tag","Tag",149,"no"
140568,"other","Others",149,"no"
140568,"other","Others",149,"no"
140568,"other","Others",149,"no"
140568,"other","Others",149,"no"
140568,"other","Others",149,"no"
610995,"tag","Tag",149,"yes"
610995,"tag","Tag",149,"yes"
610995,"illustration","SITS",149,"no"
610995,"tag","Tag",149,"no"
610995,"tag","Tag",149,"no"
610995,"tag","Tag",149,"yes"
610995,"illustration","SITS",149,"no"
610995,"tag","Tag",149,"no"
610995,"tag","Tag",149,"no"
610995,"illustration","SITS",149,"no"
610995,"tag","Tag",149,"no"
610995,"other","Others",149,"no"
610995,"other","Others",149,"no"
610995,"other","Others",149,"no"
610995,"tag","Tag",149,"yes"
610995,"tag","Tag",149,"no"
610995,"slogan","SITS",149,"no"
610995,"tag","Tag",149,"no"
610995,"tag","Tag",149,"no"
610995,"tag","Tag",149,"no"
610995,"tag","Tag",149,"no"
610995,"tag","Tag",149,"no"
610995,"tag","Tag",149,"no"
610995,"other","Others",149,"no"
610995,"other","Others",149,"no"
610995,"tag","Tag",149,"no"
610995,"tag","Tag",149,"no"
610995,"tag","Tag",149,"no"
610995,"tag","Tag",149,"no"
610995,"tag","Tag",149,"no"
610995,"other","Others",149,"no"
610995,"tag","Tag",149,"no"
610995,"other","Others",149,"no"
610995,"illustration","SITS",149,"no"
610995,"tag","Tag",149,"no"
610995,"tag","Tag",149,"no"
610995,"other","Others",149,"no"
610995,"tag","Tag",149,"no"
610995,"tag","Tag",149,"no"
610995,"other","Others",149,"no"
610995,"tag","Tag",149,"no"
610995,"tag","Tag",149,"no"
610995,"illustration","SITS",149,"no"
610995,"tag","Tag",149,"no"
610995,"tag","Tag",149,"no"
610995,"tag","Tag",149,"no"
610995,"illustration","SITS",149,"no"
610995,"other","Others",149,"no"
610995,"tag","Tag",149,"no"
610995,"tag","Tag",149,"no"
610995,"tag","Tag",149,"no"
610995,"tag","Tag",149,"no"
610995,"tag","Tag",149,"no"
610995,"tag","Tag",149,"no"
610995,"tag","Tag",149,"no"
140435,"other","Others",149,"no"
140435,"tag","Tag",149,"no"
140435,"other","Others",149,"no"
140435,"tag","Tag",149,"yes"
140435,"tag","Tag",149,"no"
140435,"tag","Tag",149,"no"
140435,"tag","Tag",149,"no"
140435,"tag","Tag",149,"no"
140435,"tag","Tag",149,"no"
140435,"tag","Tag",149,"no"
140435,"tag","Tag",149,"no"
140435,"illustration","SITS",149,"no"
140435,"tag","Tag",149,"yes"
140435,"tag","Tag",149,"yes"
140435,"tag","Tag",149,"no"
140435,"tag","Tag",149,"no"
140435,"tag","Tag",149,"no"
140435,"tag","Tag",149,"no"
140435,"tag","Tag",149,"no"
140435,"tag","Tag",149,"no"
140435,"tag","Tag",149,"no"
140435,"tag","Tag",149,"no"
140435,"tag","Tag",149,"no"
140435,"other","Others",149,"no"
140435,"tag","Tag",149,"no"
140435,"other","Others",149,"no"
140435,"other","Others",149,"no"
140435,"other","Others",149,"no"
140435,"other","Others",149,"no"
140435,"tag","Tag",149,"no"
610663,"slogan","SITS",143,"no"
610663,"illustration","SITS",143,"no"
610663,"tag","Tag",143,"no"
610663,"tag","Tag",143,"no"
610663,"tag","Tag",143,"no"
610663,"tag","Tag",143,"no"
610663,"tag","Tag",143,"no"
610663,"tag","Tag",143,"no"
145555,"tag","Tag",143,"no"
145555,"tag","Tag",143,"no"
145555,"tag","Tag",143,"no"
145555,"tag","Tag",143,"no"
145555,"tag","Tag",143,"no"
145555,"tag","Tag",143,"no"
145555,"tag","Tag",143,"no"
145555,"tag","Tag",143,"no"
145555,"tag","Tag",143,"no"
145384,"tag","Tag",143,"no"
145384,"tag","Tag",143,"no"
145384,"tag","Tag",143,"no"
145384,"illustration","SITS",143,"no"
145384,"tag","Tag",143,"no"
145384,"tag","Tag",143,"no"
145384,"tag","Tag",143,"no"
145384,"tag","Tag",143,"no"
145384,"tag","Tag",143,"no"
145384,"illustration","SITS",143,"no"
145384,"illustration","SITS",143,"no"
145384,"illustration","SITS",143,"no"
145384,"illustration","SITS",143,"no"
145384,"illustration","SITS",143,"no"
145384,"tag","Tag",143,"no"
145384,"tag","Tag",143,"no"
559448,"tag","Tag",143,"no"
559448,"tag","Tag",143,"no"
559448,"tag","Tag",143,"no"
559448,"tag","Tag",143,"no"
559448,"tag","Tag",143,"no"
559448,"tag","Tag",143,"no"
559448,"tag","Tag",143,"no"
559448,"tag","Tag",143,"no"
559448,"illustration","SITS",143,"no"
559448,"tag","Tag",143,"no"
559448,"tag","Tag",143,"no"
559448,"tag","Tag",143,"no"
559448,"tag","Tag",143,"no"
610673,"tag","Tag",143,"no"
610673,"tag","Tag",143,"no"
610673,"tag","Tag",143,"no"
610673,"tag","Tag",143,"no"
610673,"tag","Tag",143,"no"
610673,"tag","Tag",143,"no"
145478,"masterpiece","Masterpiece",143,"no"
145478,"tag","Tag",143,"yes"
145478,"masterpiece","Masterpiece",143,"no"
145478,"masterpiece","Masterpiece",143,"no"
145478,"masterpiece","Masterpiece",143,"no"
145478,"masterpiece","Masterpiece",143,"no"
145478,"illustration","SITS",143,"no"
145478,"masterpiece","Masterpiece",143,"no"
145478,"masterpiece","Masterpiece",143,"no"
145478,"masterpiece","Masterpiece",143,"no"
145478,"stencil","SITS",143,"no"
145478,"tag","Tag",143,"no"
145478,"tag","Tag",143,"no"
145491,"tag","Tag",143,"no"
145491,"tag","Tag",143,"no"
145491,"tag","Tag",143,"no"
145279,"masterpiece","Masterpiece",143,"no"
145279,"tag","Tag",143,"no"
145279,"tag","Tag",143,"no"
145279,"masterpiece","Masterpiece",143,"no"
145279,"masterpiece","Masterpiece",143,"no"
145279,"masterpiece","Masterpiece",143,"no"
145279,"masterpiece","Masterpiece",143,"no"
145279,"masterpiece","Masterpiece",143,"no"
145279,"masterpiece","Masterpiece",143,"no"
145279,"tag","Tag",143,"no"
145501,"masterpiece","Masterpiece",143,"no"
145501,"masterpiece","Masterpiece",143,"no"
145501,"tag","Tag",143,"no"
145501,"masterpiece","Masterpiece",143,"no"
145501,"masterpiece","Masterpiece",143,"no"
145501,"tag","Tag",143,"no"
145501,"masterpiece","Masterpiece",143,"no"
145501,"illustration","SITS",143,"no"
145501,"masterpiece","Masterpiece",143,"no"
145501,"masterpiece","Masterpiece",143,"no"
145501,"tag","Tag",143,"no"
145501,"tag","Tag",143,"no"
145501,"tag","Tag",143,"no"
145501,"tag","Tag",143,"no"
145501,"tag","Tag",143,"no"
145501,"tag","Tag",143,"yes"
145501,"tag","Tag",143,"no"
145501,"tag","Tag",143,"no"
145501,"tag","Tag",143,"no"
145501,"masterpiece","Masterpiece",143,"no"
145501,"tag","Tag",143,"no"
145501,"masterpiece","Masterpiece",143,"no"
145501,"masterpiece","Masterpiece",143,"no"
145501,"masterpiece","Masterpiece",143,"no"
145501,"masterpiece","Masterpiece",143,"no"
145501,"tag","Tag",143,"no"
145501,"tag","Tag",143,"no"
145501,"tag","Tag",143,"no"
145501,"tag","Tag",143,"no"
141714,"tag","Tag",150,"no"
141714,"tag","Tag",150,"no"
141714,"tag","Tag",150,"no"
141714,"tag","Tag",150,"no"
141622,"tag","Tag",150,"no"
141729,"tag","Tag",150,"no"
141729,"illustration","SITS",150,"no"
141729,"illustration","SITS",150,"no"
141729,"illustration","SITS",150,"no"
141729,"slogan","SITS",150,"no"
140924,"tag","Tag",150,"no"
140924,"tag","Tag",150,"no"
140924,"tag","Tag",150,"no"
140924,"tag","Tag",150,"no"
140924,"illustration","SITS",150,"no"
455529,"tag","Tag",150,"no"
455529,"tag","Tag",150,"no"
455529,"tag","Tag",150,"no"
455529,"throw up","SITS",150,"no"
455529,"illustration","SITS",150,"no"
455529,"tag","Tag",150,"no"
455529,"tag","Tag",150,"no"
627660,"tag","Tag",150,"no"
627660,"tag","Tag",150,"no"
627660,"tag","Tag",150,"no"
627660,"tag","Tag",150,"no"
627660,"tag","Tag",150,"no"
627660,"tag","Tag",150,"no"
627660,"tag","Tag",150,"no"
627660,"tag","Tag",150,"no"
627660,"illustration","SITS",150,"no"
627660,"tag","Tag",150,"no"
627660,"tag","Tag",150,"no"
627660,"tag","Tag",150,"no"
627660,"tag","Tag",150,"no"
627660,"tag","Tag",150,"no"
627660,"tag","Tag",150,"no"
627660,"tag","Tag",150,"no"
627660,"tag","Tag",150,"no"
627660,"tag","Tag",150,"no"
627660,"tag","Tag",150,"no"
627660,"tag","Tag",150,"no"
627660,"other","Others",150,"no"
140925,"tag","Tag",150,"no"
140925,"tag","Tag",150,"no"
140925,"tag","Tag",150,"no"
140925,"tag","Tag",150,"no"
140925,"illustration","SITS",150,"no"
140925,"tag","Tag",150,"no"
140925,"tag","Tag",150,"no"
140925,"tag","Tag",150,"no"
140925,"tag","Tag",150,"no"
140925,"tag","Tag",150,"no"
140925,"tag","Tag",150,"no"
140925,"tag","Tag",150,"no"
627552,"tag","Tag",150,"no"
627552,"throw up","SITS",150,"no"
627552,"tag","Tag",150,"no"
627552,"tag","Tag",150,"no"
627552,"tag","Tag",150,"no"
627552,"illustration","SITS",150,"no"
627552,"illustration","SITS",150,"no"
627552,"tag","Tag",150,"no"
627552,"slogan","SITS",150,"no"
627552,"throw up","SITS",150,"no"
627552,"tag","Tag",150,"no"
627552,"tag","Tag",150,"no"
627552,"tag","Tag",150,"no"
627552,"tag","Tag",150,"no"
627552,"tag","Tag",150,"no"
627552,"tag","Tag",150,"no"
627552,"throw up","SITS",150,"no"
627552,"tag","Tag",150,"no"
627552,"tag","Tag",150,"no"
627552,"tag","Tag",150,"no"
627552,"illustration","SITS",150,"no"
627552,"illustration","SITS",150,"no"
141115,"tag","Tag",150,"no"
141115,"tag","Tag",150,"no"
141115,"tag","Tag",150,"no"
141115,"tag","Tag",150,"no"
141115,"tag","Tag",150,"no"
141115,"illustration","SITS",150,"no"
141115,"masterpiece","Masterpiece",150,"no"
141115,"tag","Tag",150,"no"
141115,"tag","Tag",150,"no"
141115,"tag","Tag",150,"no"
141115,"throw up","SITS",150,"no"
141115,"tag","Tag",150,"no"
141115,"tag","Tag",150,"no"
141115,"tag","Tag",150,"no"
141115,"throw up","SITS",150,"no"
141115,"tag","Tag",150,"no"
141115,"tag","Tag",150,"no"
141115,"throw up","SITS",150,"no"
141115,"tag","Tag",150,"no"
141115,"tag","Tag",150,"no"
141115,"tag","Tag",150,"no"
141115,"tag","Tag",150,"no"
141115,"tag","Tag",150,"no"
141115,"tag","Tag",150,"no"
141115,"throw up","SITS",150,"no"
141115,"tag","Tag",150,"no"
141115,"tag","Tag",150,"no"
141115,"tag","Tag",150,"no"
141115,"tag","Tag",150,"no"
141115,"tag","Tag",150,"no"
141115,"tag","Tag",150,"no"
141115,"tag","Tag",150,"no"
141115,"tag","Tag",150,"no"
141115,"tag","Tag",150,"no"
141115,"tag","Tag",150,"no"
141115,"tag","Tag",150,"no"
141115,"tag","Tag",150,"no"
141115,"slogan","SITS",150,"yes"
141115,"tag","Tag",150,"no"
141115,"tag","Tag",150,"no"
141115,"tag","Tag",150,"yes"
141115,"tag","Tag",150,"no"
141115,"tag","Tag",150,"no"
141115,"tag","Tag",150,"no"
141115,"tag","Tag",150,"no"
141115,"tag","Tag",150,"no"
141115,"tag","Tag",150,"no"
141115,"tag","Tag",150,"no"
141115,"tag","Tag",150,"no"
141115,"illustration","SITS",150,"no"
141115,"tag","Tag",150,"no"
141115,"tag","Tag",150,"no"
141115,"tag","Tag",150,"no"
141115,"tag","Tag",150,"no"
141115,"slogan","SITS",150,"no"
141115,"throw up","SITS",150,"no"
141115,"illustration","SITS",150,"no"
141115,"tag","Tag",150,"no"
141115,"tag","Tag",150,"no"
141115,"tag","Tag",150,"no"
141115,"tag","Tag",150,"no"
141115,"tag","Tag",150,"no"
141115,"tag","Tag",150,"no"
141115,"tag","Tag",150,"no"
141115,"tag","Tag",150,"yes"
141115,"tag","Tag",150,"no"
141115,"tag","Tag",150,"no"
141115,"tag","Tag",150,"no"
141115,"tag","Tag",150,"no"
141115,"tag","Tag",150,"no"
141115,"tag","Tag",150,"no"
141115,"tag","Tag",150,"no"
141115,"tag","Tag",150,"no"
141115,"tag","Tag",150,"no"
141115,"tag","Tag",150,"no"
141115,"tag","Tag",150,"no"
141115,"slogan","SITS",150,"no"
141115,"tag","Tag",150,"no"
141115,"tag","Tag",150,"no"
141115,"tag","Tag",150,"no"
141115,"tag","Tag",150,"no"
141115,"tag","Tag",150,"no"
141115,"tag","Tag",150,"no"
141115,"tag","Tag",150,"no"
141115,"tag","Tag",150,"no"
141115,"tag","Tag",150,"no"
141115,"tag","Tag",150,"no"
141115,"tag","Tag",150,"no"
141115,"tag","Tag",150,"no"
141115,"tag","Tag",150,"no"
141115,"tag","Tag",150,"no"
141115,"tag","Tag",150,"no"
141115,"illustration","SITS",150,"no"
141115,"tag","Tag",150,"no"
141115,"tag","Tag",150,"no"
141115,"tag","Tag",150,"no"
141115,"tag","Tag",150,"no"
141115,"tag","Tag",150,"no"
141115,"tag","Tag",150,"no"
141115,"tag","Tag",150,"yes"
141115,"other","Others",150,"no"
141115,"other","Others",150,"no"
141115,"tag","Tag",150,"no"
141115,"tag","Tag",150,"no"
141115,"tag","Tag",150,"no"
141115,"tag","Tag",150,"no"
141115,"illustration","SITS",150,"no"
141115,"illustration","SITS",150,"yes"
141115,"other","Others",150,"no"
141115,"tag","Tag",150,"yes"
141115,"tag","Tag",150,"no"
141115,"tag","Tag",150,"no"
141115,"tag","Tag",150,"no"
33847,"masterpiece","Masterpiece",151,"no"
33847,"tag","Tag",151,"no"
33847,"tag","Tag",151,"yes"
33847,"slogan","SITS",151,"yes"
33847,"tag","Tag",151,"yes"
33847,"tag","Tag",151,"no"
33847,"tag","Tag",151,"no"
33847,"tag","Tag",151,"no"
559474,"tag","Tag",151,"no"
3983,"slogan","SITS",151,"no"
559446,"tag","Tag",151,"yes"
559446,"tag","Tag",151,"no"
559446,"masterpiece","Masterpiece",151,"no"
559446,"masterpiece","Masterpiece",151,"no"
559446,"tag","Tag",151,"no"
559446,"tag","Tag",151,"no"
559446,"masterpiece","Masterpiece",151,"no"
559446,"masterpiece","Masterpiece",151,"no"
559446,"masterpiece","Masterpiece",151,"no"
5420,"tag","Tag",151,"no"
5420,"tag","Tag",151,"no"
5420,"tag","Tag",151,"no"
5420,"tag","Tag",151,"no"
5420,"tag","Tag",151,"no"
5420,"tag","Tag",151,"yes"
5420,"tag","Tag",151,"no"
5420,"tag","Tag",151,"no"
5420,"tag","Tag",151,"no"
5420,"tag","Tag",151,"no"
5420,"tag","Tag",151,"no"
5420,"tag","Tag",151,"no"
90567,"tag","Tag",151,"no"
90567,"tag","Tag",151,"no"
90567,"tag","Tag",151,"no"
90567,"tag","Tag",151,"no"
90567,"tag","Tag",151,"no"
90567,"tag","Tag",151,"no"
90567,"tag","Tag",151,"no"
90567,"tag","Tag",151,"no"
90567,"tag","Tag",151,"no"
90567,"tag","Tag",151,"no"
90567,"illustration","SITS",151,"no"
3986,"tag","Tag",151,"no"
3986,"tag","Tag",151,"no"
3785,"masterpiece","Masterpiece",151,"no"
3784,"tag","Tag",151,"no"
3777,"tag","Tag",151,"no"
3777,"tag","Tag",151,"no"
3777,"tag","Tag",151,"no"
3777,"illustration","SITS",151,"no"
559446,"tag","Tag",151,"yes"
559446,"tag","Tag",151,"no"
559446,"tag","Tag",151,"no"
559446,"tag","Tag",151,"no"
559446,"tag","Tag",151,"no"
90567,"tag","Tag",151,"no"
90567,"tag","Tag",151,"no"
90567,"tag","Tag",151,"no"
530375,"tag","Tag",151,"no"
3785,"tag","Tag",151,"no"
33847,"tag","Tag",151,"no"
3777,"tag","Tag",151,"no"
3777,"tag","Tag",151,"no"
3777,"illustration","SITS",151,"no"
3785,"tag","Tag",151,"no"
3785,"tag","Tag",151,"no"
3785,"tag","Tag",151,"no"
90567,"tag","Tag",151,"no"
90567,"tag","Tag",151,"no"
5420,"tag","Tag",151,"no"
5420,"tag","Tag",151,"no"
3983,"tag","Tag",151,"no"
3986,"tag","Tag",151,"no"
33847,"tag","Tag",151,"no"
33847,"illustration","SITS",151,"no"
33847,"tag","Tag",151,"no"
33847,"tag","Tag",151,"no"
33847,"tag","Tag",151,"no"
33847,"tag","Tag",151,"no"
33847,"tag","Tag",151,"no"
33847,"tag","Tag",151,"no"
33847,"tag","Tag",151,"no"
3777,"throw up","SITS",151,"no"
140745,"tag","Tag",165,"no"
140745,"tag","Tag",165,"yes"
140745,"tag","Tag",165,"no"
140745,"illustration","SITS",165,"no"
140745,"tag","Tag",165,"no"
140745,"tag","Tag",165,"no"
140745,"tag","Tag",165,"no"
140745,"tag","Tag",165,"no"
140745,"tag","Tag",165,"no"
140745,"tag","Tag",165,"no"
140746,"tag","Tag",165,"no"
140746,"tag","Tag",165,"no"
140746,"tag","Tag",165,"no"
140420,"tag","Tag",165,"no"
140420,"tag","Tag",165,"no"
140420,"tag","Tag",165,"no"
140420,"tag","Tag",165,"no"
140420,"tag","Tag",165,"no"
140420,"tag","Tag",165,"no"
140420,"tag","Tag",165,"no"
140420,"tag","Tag",165,"no"
140420,"tag","Tag",165,"no"
140420,"tag","Tag",165,"no"
140420,"tag","Tag",165,"no"
140420,"tag","Tag",165,"no"
140420,"tag","Tag",165,"no"
140420,"tag","Tag",165,"no"
140420,"tag","Tag",165,"no"
140420,"tag","Tag",165,"no"
140420,"tag","Tag",165,"no"
140420,"tag","Tag",165,"no"
140420,"tag","Tag",165,"no"
140420,"tag","Tag",165,"no"
140420,"tag","Tag",165,"no"
140420,"tag","Tag",165,"no"
358737,"tag","Tag",165,"no"
358737,"tag","Tag",165,"no"
358737,"tag","Tag",165,"no"
358737,"tag","Tag",165,"no"
358737,"tag","Tag",165,"no"
358737,"tag","Tag",165,"no"
140747,"tag","Tag",165,"no"
140686,"tag","Tag",165,"no"
140686,"tag","Tag",165,"no"
140686,"tag","Tag",165,"no"
610646,"tag","Tag",165,"no"
610631,"tag","Tag",165,"no"
610631,"tag","Tag",165,"no"
610631,"tag","Tag",165,"no"
610631,"tag","Tag",165,"no"
610631,"tag","Tag",165,"no"
610631,"tag","Tag",165,"no"
610631,"tag","Tag",165,"no"
140678,"tag","Tag",165,"no"
140678,"tag","Tag",165,"no"
140678,"tag","Tag",165,"no"
140678,"tag","Tag",165,"no"
610637,"tag","Tag",165,"no"
610637,"tag","Tag",165,"no"
610637,"tag","Tag",165,"no"
610637,"tag","Tag",165,"no"
610627,"tag","Tag",165,"no"
610627,"tag","Tag",165,"no"
145399,"tag","Tag",165,"no"
140678,"tag","Tag",165,"no"
140678,"tag","Tag",165,"no"
140678,"tag","Tag",165,"no"
140678,"tag","Tag",165,"no"
140686,"other","Others",165,"no"
140686,"tag","Tag",165,"no"
610646,"tag","Tag",165,"no"
140420,"tag","Tag",165,"no"
140745,"tag","Tag",165,"no"
140745,"tag","Tag",165,"no"
140420,"tag","Tag",165,"no"
140684,"tag","Tag",165,"no"
610646,"tag","Tag",165,"no"
610646,"tag","Tag",165,"no"
140746,"slogan","SITS",165,"no"
140746,"throw up","SITS",165,"no"
140746,"tag","Tag",165,"no"
140746,"tag","Tag",165,"no"
140746,"tag","Tag",165,"no"
140745,"tag","Tag",165,"no"
140745,"tag","Tag",165,"no"
140745,"tag","Tag",165,"no"
140420,"tag","Tag",165,"no"
140937,"tag","Tag",5,"no"
140937,"tag","Tag",5,"no"
140937,"tag","Tag",5,"no"
140937,"illustration","SITS",5,"no"
140937,"tag","Tag",5,"no"
530436,"illustration","SITS",5,"no"
530436,"other","Others",5,"no"
530436,"other","Others",5,"no"
530436,"illustration","SITS",5,"no"
142029,"tag","Tag",5,"no"
142029,"tag","Tag",5,"no"
142029,"tag","Tag",5,"no"
142029,"tag","Tag",5,"no"
142029,"slogan","SITS",5,"no"
142029,"tag","Tag",5,"no"
142029,"tag","Tag",5,"no"
142029,"tag","Tag",5,"no"
142029,"tag","Tag",5,"no"
142167,"other","Others",5,"no"
142028,"stencil","SITS",5,"no"
142027,"tag","Tag",5,"no"
142025,"tag","Tag",5,"no"
142025,"tag","Tag",5,"no"
142025,"throw up","SITS",5,"no"
142025,"stencil","SITS",5,"yes"
142025,"throw up","SITS",5,"no"
142025,"tag","Tag",5,"no"
140937,"tag","Tag",5,"no"
530436,"other","Others",5,"no"
142025,"illustration","SITS",5,"no"
142025,"tag","Tag",5,"no"
140937,"other","Others",5,"no"
530436,"other","Others",5,"no"
530436,"illustration","SITS",5,"no"
142029,"tag","Tag",5,"no"
142168,"tag","Tag",5,"no"
530436,"tag","Tag",5,"no"
142028,"other","Others",5,"no"
142027,"tag","Tag",5,"no"
142025,"tag","Tag",5,"no"
142029,"other","Others",5,"no"
142029,"other","Others",5,"no"
145191,"tag","Tag",153,"no"
145191,"stencil","SITS",153,"no"
145191,"stencil","SITS",153,"no"
145191,"tag","Tag",153,"no"
145305,"tag","Tag",153,"no"
145305,"other","Others",153,"no"
145305,"other","Others",153,"no"
145305,"other","Others",153,"no"
145305,"illustration","SITS",153,"no"
145305,"tag","Tag",153,"no"
145305,"tag","Tag",153,"no"
145359,"tag","Tag",153,"no"
145359,"tag","Tag",153,"no"
145359,"tag","Tag",153,"no"
145350,"illustration","SITS",153,"no"
145191,"illustration","SITS",153,"no"
3759,"tag","Tag",73,"no"
3759,"tag","Tag",73,"no"
3759,"tag","Tag",73,"no"
3759,"tag","Tag",73,"no"
3759,"tag","Tag",73,"no"
3759,"tag","Tag",73,"no"
3759,"tag","Tag",73,"no"
145341,"tag","Tag",73,"no"
145341,"tag","Tag",73,"no"
145382,"tag","Tag",73,"no"
145382,"illustration","SITS",73,"no"
145226,"slogan","SITS",73,"no"
145226,"tag","Tag",73,"no"
145226,"other","Others",73,"no"
145398,"masterpiece","Masterpiece",73,"no"
358791,"tag","Tag",73,"no"
358791,"tag","Tag",73,"no"
358791,"other","Others",73,"no"
358791,"slogan","SITS",73,"no"
145372,"tag","Tag",73,"no"
358791,"tag","Tag",73,"no"
358791,"tag","Tag",73,"no"
610610,"tag","Tag",73,"no"
610610,"other","Others",73,"no"
610610,"tag","Tag",73,"no"
610610,"tag","Tag",73,"no"
610610,"tag","Tag",73,"no"
610610,"tag","Tag",73,"no"
610610,"tag","Tag",73,"no"
145341,"other","Others",73,"no"
145226,"other","Others",73,"no"
145341,"tag","Tag",73,"no"
145341,"tag","Tag",73,"no"
141063,"tag","Tag",156,"no"
141063,"tag","Tag",156,"yes"
141063,"tag","Tag",156,"no"
141063,"tag","Tag",156,"no"
141063,"tag","Tag",156,"no"
141063,"illustration","SITS",156,"no"
141063,"illustration","SITS",156,"no"
141063,"slogan","SITS",156,"no"
141063,"illustration","SITS",156,"no"
141063,"tag","Tag",156,"no"
141063,"tag","Tag",156,"no"
141063,"tag","Tag",156,"no"
141063,"tag","Tag",156,"no"
141441,"other","Others",156,"no"
141441,"tag","Tag",156,"no"
146516,"illustration","SITS",156,"no"
146516,"other","Others",156,"no"
146516,"tag","Tag",156,"no"
146516,"tag","Tag",156,"no"
146516,"tag","Tag",156,"no"
611287,"other","Others",156,"no"
611287,"tag","Tag",156,"no"
611287,"tag","Tag",156,"no"
611287,"tag","Tag",156,"no"
611287,"illustration","SITS",156,"no"
611287,"tag","Tag",156,"no"
611287,"tag","Tag",156,"no"
611287,"tag","Tag",156,"no"
611287,"tag","Tag",156,"no"
611287,"slogan","SITS",156,"no"
611287,"slogan","SITS",156,"no"
611287,"tag","Tag",156,"no"
611287,"tag","Tag",156,"no"
611287,"tag","Tag",156,"no"
611287,"tag","Tag",156,"no"
611287,"tag","Tag",156,"no"
611287,"tag","Tag",156,"no"
141399,"tag","Tag",161,"no"
141200,"tag","Tag",161,"no"
141200,"tag","Tag",161,"no"
141200,"tag","Tag",161,"no"
141200,"tag","Tag",161,"no"
141200,"tag","Tag",161,"no"
141200,"tag","Tag",161,"no"
141200,"tag","Tag",161,"no"
141558,"slogan","SITS",161,"no"
141558,"tag","Tag",161,"no"
141558,"slogan","SITS",161,"no"
141366,"tag","Tag",161,"no"
141318,"slogan","SITS",161,"no"
141480,"tag","Tag",161,"no"
141201,"slogan","SITS",161,"no"
141558,"slogan","SITS",161,"no"
141558,"slogan","SITS",161,"no"
140582,"tag","Tag",157,"no"
140582,"tag","Tag",157,"no"
140582,"tag","Tag",157,"no"
140582,"other","Others",157,"no"
140582,"other","Others",157,"no"
140582,"tag","Tag",157,"no"
140582,"tag","Tag",157,"no"
140582,"tag","Tag",157,"no"
140582,"tag","Tag",157,"no"
140578,"tag","Tag",157,"no"
140578,"tag","Tag",157,"no"
140578,"tag","Tag",157,"no"
140578,"tag","Tag",157,"no"
140585,"illustration","SITS",157,"no"
140585,"tag","Tag",157,"no"
140585,"tag","Tag",157,"no"
140585,"tag","Tag",157,"no"
140585,"tag","Tag",157,"no"
610553,"tag","Tag",157,"no"
610553,"tag","Tag",157,"no"
610553,"other","Others",157,"no"
610553,"other","Others",157,"no"
610553,"other","Others",157,"no"
610553,"other","Others",157,"no"
610553,"tag","Tag",157,"no"
610553,"illustration","SITS",157,"no"
610553,"other","Others",157,"no"
140584,"tag","Tag",157,"no"
140584,"tag","Tag",157,"no"
140584,"tag","Tag",157,"no"
140584,"tag","Tag",157,"no"
140584,"tag","Tag",157,"no"
140584,"tag","Tag",157,"no"
140584,"tag","Tag",157,"no"
140584,"tag","Tag",157,"no"
140584,"tag","Tag",157,"no"
140584,"tag","Tag",157,"no"
358752,"illustration","SITS",157,"no"
358752,"tag","Tag",157,"no"
358752,"tag","Tag",157,"no"
358752,"tag","Tag",157,"no"
358752,"tag","Tag",157,"no"
358752,"tag","Tag",157,"no"
358752,"tag","Tag",157,"no"
358752,"tag","Tag",157,"no"
358752,"tag","Tag",157,"no"
358752,"tag","Tag",157,"no"
358752,"slogan","SITS",157,"yes"
140451,"tag","Tag",157,"no"
611110,"tag","Tag",157,"no"
611110,"tag","Tag",157,"no"
611110,"tag","Tag",157,"no"
140809,"tag","Tag",157,"no"
140809,"tag","Tag",157,"no"
140808,"tag","Tag",157,"no"
140808,"tag","Tag",157,"no"
140808,"tag","Tag",157,"no"
140808,"tag","Tag",157,"no"
140808,"tag","Tag",157,"no"
140808,"tag","Tag",157,"no"
140808,"tag","Tag",157,"no"
140487,"throw up","SITS",157,"no"
140487,"illustration","SITS",157,"no"
140487,"tag","Tag",157,"no"
140487,"tag","Tag",157,"no"
140487,"tag","Tag",157,"no"
140487,"throw up","SITS",157,"no"
140487,"illustration","SITS",157,"no"
140487,"illustration","SITS",157,"no"
140487,"tag","Tag",157,"no"
140487,"tag","Tag",157,"no"
140487,"illustration","SITS",157,"yes"
140487,"tag","Tag",157,"yes"
140487,"tag","Tag",157,"no"
140487,"tag","Tag",157,"no"
140487,"tag","Tag",157,"no"
140487,"illustration","SITS",157,"no"
140487,"tag","Tag",157,"no"
140487,"tag","Tag",157,"no"
140487,"tag","Tag",157,"no"
140487,"illustration","SITS",157,"no"
140487,"illustration","SITS",157,"no"
140487,"illustration","SITS",157,"no"
140487,"illustration","SITS",157,"no"
140487,"tag","Tag",157,"no"
140487,"other","Others",157,"no"
140487,"illustration","SITS",157,"no"
140487,"tag","Tag",157,"no"
140487,"tag","Tag",157,"no"
140487,"tag","Tag",157,"no"
21597,"tag","Tag",157,"no"
21597,"tag","Tag",157,"no"
21597,"tag","Tag",157,"no"
21597,"tag","Tag",157,"no"
21597,"tag","Tag",157,"no"
21597,"tag","Tag",157,"no"
21597,"tag","Tag",157,"no"
21597,"tag","Tag",157,"no"
21597,"tag","Tag",157,"no"
21597,"tag","Tag",157,"no"
21597,"tag","Tag",157,"no"
21597,"tag","Tag",157,"no"
21597,"tag","Tag",157,"no"
21597,"tag","Tag",157,"no"
21597,"tag","Tag",157,"no"
21597,"tag","Tag",157,"no"
21597,"tag","Tag",157,"no"
90549,"tag","Tag",192,"no"
90549,"tag","Tag",192,"no"
90549,"tag","Tag",192,"no"
90549,"tag","Tag",192,"yes"
90549,"tag","Tag",192,"no"
90549,"tag","Tag",192,"no"
90549,"tag","Tag",192,"no"
90549,"tag","Tag",192,"no"
90549,"tag","Tag",192,"no"
90549,"tag","Tag",192,"no"
90549,"tag","Tag",192,"no"
90549,"tag","Tag",192,"no"
90549,"illustration","SITS",192,"no"
90549,"tag","Tag",192,"no"
90549,"tag","Tag",192,"no"
90549,"tag","Tag",192,"no"
90549,"tag","Tag",192,"no"
90549,"tag","Tag",192,"no"
90549,"tag","Tag",192,"no"
90549,"other","Others",192,"no"
90549,"other","Others",192,"no"
90549,"other","Others",192,"no"
90549,"other","Others",192,"no"
90549,"other","Others",192,"no"
90549,"other","Others",192,"no"
90549,"illustration","SITS",192,"no"
90549,"illustration","SITS",192,"no"
90549,"tag","Tag",192,"no"
90549,"tag","Tag",192,"no"
90549,"tag","Tag",192,"no"
90549,"tag","Tag",192,"no"
33851,"illustration","SITS",192,"no"
33851,"slogan","SITS",192,"no"
33851,"other","Others",192,"no"
33851,"other","Others",192,"no"
33851,"other","Others",192,"no"
33851,"masterpiece","Masterpiece",192,"yes"
33851,"tag","Tag",192,"no"
33851,"tag","Tag",192,"no"
33851,"tag","Tag",192,"no"
531,"tag","Tag",192,"no"
531,"tag","Tag",192,"no"
531,"tag","Tag",192,"no"
531,"tag","Tag",192,"no"
531,"tag","Tag",192,"no"
531,"tag","Tag",192,"no"
531,"tag","Tag",192,"no"
531,"tag","Tag",192,"no"
531,"tag","Tag",192,"no"
531,"tag","Tag",192,"no"
531,"tag","Tag",192,"no"
531,"tag","Tag",192,"no"
267122,"tag","Tag",192,"no"
267122,"tag","Tag",192,"no"
267122,"tag","Tag",192,"no"
267122,"tag","Tag",192,"no"
267122,"tag","Tag",192,"no"
267122,"tag","Tag",192,"no"
267122,"tag","Tag",192,"no"
267122,"tag","Tag",192,"no"
142016,"other","Others",192,"no"
142016,"other","Others",192,"no"
142016,"other","Others",192,"no"
142016,"other","Others",192,"no"
142016,"other","Others",192,"no"
21777,"tag","Tag",192,"no"
21777,"tag","Tag",192,"no"
21777,"tag","Tag",192,"no"
21777,"tag","Tag",192,"no"
21777,"tag","Tag",192,"no"
21777,"tag","Tag",192,"no"
21777,"tag","Tag",192,"no"
21777,"tag","Tag",192,"no"
21777,"tag","Tag",192,"no"
141985,"tag","Tag",192,"no"
141985,"tag","Tag",192,"no"
141985,"tag","Tag",192,"no"
141985,"tag","Tag",192,"no"
141985,"tag","Tag",192,"no"
141985,"tag","Tag",192,"no"
610960,"tag","Tag",192,"no"
610960,"tag","Tag",192,"no"
610960,"tag","Tag",192,"no"
610940,"tag","Tag",192,"no"
610940,"tag","Tag",192,"no"
610940,"tag","Tag",192,"no"
610940,"tag","Tag",192,"no"
610940,"tag","Tag",192,"no"
610940,"tag","Tag",192,"no"
610940,"tag","Tag",192,"no"
610940,"illustration","SITS",192,"no"
610940,"tag","Tag",192,"no"
142017,"tag","Tag",192,"no"
142017,"tag","Tag",192,"no"
267121,"stencil","SITS",192,"no"
267121,"tag","Tag",192,"no"
267121,"tag","Tag",192,"no"
267121,"tag","Tag",192,"no"
267121,"tag","Tag",192,"no"
267121,"tag","Tag",192,"no"
267121,"tag","Tag",192,"no"
90548,"tag","Tag",192,"no"
90548,"tag","Tag",192,"no"
90548,"tag","Tag",192,"no"
21777,"tag","Tag",192,"no"
142016,"other","Others",192,"no"
142016,"other","Others",192,"yes"
142016,"other","Others",192,"yes"
142016,"other","Others",192,"no"
142016,"other","Others",192,"no"
142016,"other","Others",192,"no"
142016,"other","Others",192,"no"
141985,"tag","Tag",192,"no"
141985,"stencil","SITS",192,"no"
610940,"tag","Tag",192,"no"
610940,"slogan","SITS",192,"no"
142019,"tag","Tag",192,"no"
267121,"tag","Tag",192,"no"
267121,"tag","Tag",192,"no"
90549,"tag","Tag",192,"no"
142016,"other","Others",192,"yes"
142016,"other","Others",192,"yes"
142016,"other","Others",192,"yes"
145712,"tag","Tag",148,"no"
145712,"tag","Tag",148,"no"
145712,"tag","Tag",148,"no"
145712,"tag","Tag",148,"no"
145712,"tag","Tag",148,"no"
145712,"other","Others",148,"no"
145712,"other","Others",148,"no"
145712,"illustration","SITS",148,"no"
358817,"other","Others",148,"no"
145716,"other","Others",148,"no"
145716,"other","Others",148,"no"
145716,"other","Others",148,"no"
455559,"illustration","SITS",148,"no"
145573,"tag","Tag",148,"no"
145573,"tag","Tag",148,"no"
145573,"tag","Tag",148,"no"
145573,"tag","Tag",148,"no"
145573,"tag","Tag",148,"no"
145573,"tag","Tag",148,"no"
145573,"tag","Tag",148,"no"
611205,"illustration","SITS",148,"no"
611205,"tag","Tag",148,"yes"
611205,"other","Others",148,"no"
611205,"other","Others",148,"no"
611205,"other","Others",148,"no"
611205,"other","Others",148,"no"
611205,"illustration","SITS",148,"no"
611205,"tag","Tag",148,"yes"
145581,"tag","Tag",148,"no"
145581,"tag","Tag",148,"no"
145757,"illustration","SITS",148,"no"
145757,"illustration","SITS",148,"no"
145748,"illustration","SITS",148,"no"
455559,"tag","Tag",148,"no"
145757,"tag","Tag",148,"no"
145757,"masterpiece","Masterpiece",148,"no"
145561,"tag","Tag",148,"no"
140731,"tag","Tag",162,"no"
140731,"tag","Tag",162,"no"
140731,"tag","Tag",162,"no"
140731,"other","Others",162,"no"
140774,"tag","Tag",162,"no"
140774,"tag","Tag",162,"no"
358747,"slogan","SITS",162,"no"
358747,"tag","Tag",162,"no"
530174,"tag","Tag",162,"no"
530174,"tag","Tag",162,"yes"
530174,"tag","Tag",162,"yes"
530174,"tag","Tag",162,"no"
530174,"slogan","SITS",162,"no"
530174,"other","Others",162,"no"
530174,"other","Others",162,"no"
530174,"tag","Tag",162,"no"
530174,"tag","Tag",162,"yes"
530174,"tag","Tag",162,"no"
530174,"tag","Tag",162,"no"
530174,"illustration","SITS",162,"no"
530174,"tag","Tag",162,"no"
530174,"tag","Tag",162,"no"
530174,"tag","Tag",162,"no"
530174,"tag","Tag",162,"no"
530174,"tag","Tag",162,"no"
530174,"tag","Tag",162,"no"
530174,"tag","Tag",162,"no"
530174,"tag","Tag",162,"no"
530174,"tag","Tag",162,"no"
530174,"other","Others",162,"no"
530174,"other","Others",162,"no"
530174,"other","Others",162,"no"
530174,"tag","Tag",162,"no"
530174,"tag","Tag",162,"yes"
530174,"illustration","SITS",162,"no"
530174,"tag","Tag",162,"no"
530174,"tag","Tag",162,"no"
530174,"slogan","SITS",162,"no"
530174,"slogan","SITS",162,"no"
530174,"tag","Tag",162,"no"
530174,"other","Others",162,"no"
530174,"tag","Tag",162,"no"
530174,"tag","Tag",162,"no"
530174,"tag","Tag",162,"no"
530174,"other","Others",162,"no"
530174,"tag","Tag",162,"no"
530174,"tag","Tag",162,"no"
530174,"other","Others",162,"no"
530174,"other","Others",162,"no"
530174,"tag","Tag",162,"no"
530174,"tag","Tag",162,"no"
530174,"other","Others",162,"no"
530174,"other","Others",162,"no"
530174,"stencil","SITS",162,"no"
530174,"tag","Tag",162,"no"
530174,"illustration","SITS",162,"no"
140466,"tag","Tag",162,"no"
140466,"throw up","SITS",162,"no"
140466,"other","Others",162,"no"
140466,"tag","Tag",162,"no"
140419,"tag","Tag",162,"no"
140419,"tag","Tag",162,"no"
140419,"tag","Tag",162,"no"
140419,"tag","Tag",162,"no"
140419,"tag","Tag",162,"no"
140783,"tag","Tag",162,"no"
140783,"tag","Tag",162,"no"
140783,"tag","Tag",162,"no"
140783,"tag","Tag",162,"no"
140783,"illustration","SITS",162,"no"
140731,"tag","Tag",162,"no"
358747,"tag","Tag",162,"no"
140466,"tag","Tag",162,"no"
140466,"tag","Tag",162,"no"
140783,"illustration","SITS",162,"no"
610651,"tag","Tag",69,"no"
610651,"tag","Tag",69,"no"
610651,"slogan","SITS",69,"no"
610651,"tag","Tag",69,"no"
610651,"tag","Tag",69,"no"
610651,"illustration","SITS",69,"no"
610651,"tag","Tag",69,"no"
610651,"slogan","SITS",69,"no"
610651,"tag","Tag",69,"no"
610651,"slogan","SITS",69,"no"
610651,"tag","Tag",69,"no"
610651,"tag","Tag",69,"no"
610651,"slogan","SITS",69,"no"
610651,"tag","Tag",69,"no"
610651,"tag","Tag",69,"no"
610651,"tag","Tag",69,"no"
610651,"tag","Tag",69,"no"
610651,"tag","Tag",69,"no"
627824,"tag","Tag",69,"no"
627824,"tag","Tag",69,"no"
627824,"illustration","SITS",69,"no"
627824,"tag","Tag",69,"no"
627824,"tag","Tag",69,"yes"
627824,"tag","Tag",69,"no"
627824,"tag","Tag",69,"no"
627824,"illustration","SITS",69,"no"
627824,"tag","Tag",69,"yes"
627824,"tag","Tag",69,"no"
627824,"illustration","SITS",69,"no"
627824,"illustration","SITS",69,"no"
627824,"tag","Tag",69,"no"
627824,"tag","Tag",69,"no"
627824,"tag","Tag",69,"no"
627824,"tag","Tag",69,"no"
627824,"tag","Tag",69,"no"
627824,"throw up","SITS",69,"no"
3874,"illustration","SITS",69,"no"
3874,"illustration","SITS",69,"no"
3874,"illustration","SITS",69,"no"
3874,"tag","Tag",69,"no"
3874,"tag","Tag",69,"no"
3874,"tag","Tag",69,"no"
3874,"tag","Tag",69,"no"
3874,"tag","Tag",69,"no"
3874,"tag","Tag",69,"no"
3874,"tag","Tag",69,"no"
3874,"slogan","SITS",69,"no"
3874,"tag","Tag",69,"no"
3874,"tag","Tag",69,"no"
3874,"tag","Tag",69,"no"
3874,"tag","Tag",69,"no"
3874,"tag","Tag",69,"no"
3874,"stencil","SITS",69,"no"
3874,"stencil","SITS",69,"no"
3874,"stencil","SITS",69,"no"
3874,"stencil","SITS",69,"no"
3874,"stencil","SITS",69,"no"
3874,"stencil","SITS",69,"no"
3874,"illustration","SITS",69,"no"
3786,"tag","Tag",69,"no"
3786,"slogan","SITS",69,"no"
3786,"tag","Tag",69,"no"
3786,"stencil","SITS",69,"no"
3991,"tag","Tag",69,"no"
610632,"tag","Tag",69,"yes"
610632,"tag","Tag",69,"no"
610632,"tag","Tag",69,"no"
610632,"illustration","SITS",69,"no"
3873,"illustration","SITS",69,"no"
3872,"tag","Tag",69,"no"
3872,"tag","Tag",69,"no"
3872,"tag","Tag",69,"no"
3872,"tag","Tag",69,"no"
610721,"tag","Tag",69,"no"
610721,"tag","Tag",69,"no"
610721,"tag","Tag",69,"no"
3991,"illustration","SITS",69,"no"
610721,"other","Others",69,"no"
610721,"tag","Tag",69,"no"
610721,"tag","Tag",69,"yes"
610721,"tag","Tag",69,"no"
610721,"tag","Tag",69,"no"
610721,"tag","Tag",69,"no"
610721,"tag","Tag",69,"no"
610721,"tag","Tag",69,"no"
610721,"tag","Tag",69,"no"
3872,"tag","Tag",69,"no"
3874,"tag","Tag",69,"no"
3874,"tag","Tag",69,"no"
3789,"tag","Tag",69,"no"
627824,"tag","Tag",69,"no"
627824,"tag","Tag",69,"no"
610721,"tag","Tag",69,"no"
3991,"tag","Tag",69,"no"
141591,"tag","Tag",29,"no"
141591,"tag","Tag",29,"no"
141591,"tag","Tag",29,"no"
141591,"tag","Tag",29,"no"
141591,"tag","Tag",29,"no"
141232,"tag","Tag",29,"no"
141232,"tag","Tag",29,"no"
141516,"tag","Tag",29,"no"
141552,"tag","Tag",29,"no"
141233,"tag","Tag",29,"no"
141591,"other","Others",29,"no"
141203,"tag","Tag",29,"no"
610649,"tag","Tag",167,"no"
145473,"other","Others",167,"no"
145473,"other","Others",167,"no"
145480,"tag","Tag",167,"no"
145272,"tag","Tag",167,"yes"
145272,"tag","Tag",167,"no"
145560,"tag","Tag",167,"no"
23194,"tag","Tag",167,"no"
23194,"tag","Tag",167,"no"
23194,"other","Others",167,"no"
23194,"tag","Tag",167,"no"
23195,"tag","Tag",167,"no"
23195,"tag","Tag",167,"no"
145721,"tag","Tag",167,"no"
145721,"tag","Tag",167,"no"
145721,"tag","Tag",167,"no"
145721,"tag","Tag",167,"no"
145721,"tag","Tag",167,"no"
145721,"tag","Tag",167,"no"
145721,"tag","Tag",167,"no"
145721,"tag","Tag",167,"no"
145721,"tag","Tag",167,"no"
145721,"tag","Tag",167,"no"
145721,"tag","Tag",167,"no"
145721,"tag","Tag",167,"no"
145721,"tag","Tag",167,"no"
610649,"tag","Tag",167,"no"
610649,"tag","Tag",167,"no"
23194,"tag","Tag",167,"no"
23194,"tag","Tag",167,"no"
23194,"tag","Tag",167,"no"
23195,"tag","Tag",167,"no"
23195,"tag","Tag",167,"no"
23195,"illustration","SITS",167,"no"
23195,"tag","Tag",167,"no"
23195,"tag","Tag",167,"no"
23195,"illustration","SITS",167,"no"
23195,"tag","Tag",167,"no"
23195,"tag","Tag",167,"no"
610649,"tag","Tag",167,"no"
610649,"other","Others",167,"no"
610649,"illustration","SITS",167,"no"
145721,"tag","Tag",167,"no"
23195,"slogan","SITS",167,"no"
23195,"tag","Tag",167,"no"
23195,"tag","Tag",167,"no"
23195,"tag","Tag",167,"no"
23195,"tag","Tag",167,"no"
23195,"tag","Tag",167,"no"
23195,"tag","Tag",167,"no"
23195,"tag","Tag",167,"no"
23195,"tag","Tag",167,"no"
23195,"illustration","SITS",167,"no"
23195,"slogan","SITS",167,"no"
610649,"tag","Tag",167,"no"
611270,"tag","Tag",158,"no"
611270,"tag","Tag",158,"no"
611270,"tag","Tag",158,"no"
611270,"tag","Tag",158,"yes"
141023,"tag","Tag",158,"no"
141023,"tag","Tag",158,"no"
141023,"tag","Tag",158,"no"
141023,"tag","Tag",158,"no"
141023,"slogan","SITS",158,"no"
141023,"slogan","SITS",158,"no"
141023,"tag","Tag",158,"no"
140841,"tag","Tag",158,"no"
140841,"tag","Tag",158,"no"
140841,"tag","Tag",158,"no"
140841,"slogan","SITS",158,"no"
140841,"tag","Tag",158,"no"
140841,"tag","Tag",158,"no"
140880,"tag","Tag",158,"no"
140880,"tag","Tag",158,"no"
140880,"tag","Tag",158,"no"
140880,"tag","Tag",158,"no"
140880,"tag","Tag",158,"no"
140880,"tag","Tag",158,"no"
140880,"slogan","SITS",158,"no"
358702,"tag","Tag",158,"no"
358702,"tag","Tag",158,"no"
358702,"tag","Tag",158,"no"
358702,"tag","Tag",158,"no"
358702,"other","Others",158,"no"
358702,"other","Others",158,"no"
358702,"other","Others",158,"no"
611270,"tag","Tag",158,"no"
611270,"tag","Tag",158,"no"
141023,"tag","Tag",158,"no"
140880,"tag","Tag",158,"no"
358702,"tag","Tag",158,"no"
358702,"other","Others",158,"no"
611270,"tag","Tag",158,"no"
611270,"tag","Tag",158,"no"
610967,"tag","Tag",79,"no"
610967,"other","Others",79,"no"
610967,"tag","Tag",79,"no"
610967,"tag","Tag",79,"no"
611122,"tag","Tag",79,"no"
611122,"tag","Tag",79,"no"
611122,"tag","Tag",79,"no"
627619,"tag","Tag",79,"no"
627619,"tag","Tag",79,"no"
627619,"tag","Tag",79,"no"
627619,"tag","Tag",79,"no"
627619,"slogan","SITS",79,"no"
627619,"tag","Tag",79,"no"
455570,"tag","Tag",79,"no"
455570,"tag","Tag",79,"no"
455570,"tag","Tag",79,"no"
455570,"other","Others",79,"no"
359271,"tag","Tag",79,"no"
359271,"tag","Tag",79,"no"
359271,"tag","Tag",79,"no"
359271,"tag","Tag",79,"no"
359271,"other","Others",79,"no"
141171,"other","Others",79,"no"
141299,"tag","Tag",79,"no"
141299,"tag","Tag",79,"no"
141299,"tag","Tag",79,"no"
141299,"tag","Tag",79,"no"
141166,"other","Others",79,"no"
141166,"tag","Tag",79,"no"
141166,"tag","Tag",79,"no"
141166,"tag","Tag",79,"no"
141166,"tag","Tag",79,"no"
141166,"tag","Tag",79,"no"
141307,"tag","Tag",79,"no"
141307,"tag","Tag",79,"no"
141307,"tag","Tag",79,"no"
141307,"other","Others",79,"no"
141166,"tag","Tag",79,"no"
141171,"other","Others",79,"no"
610967,"other","Others",79,"no"
610967,"other","Others",79,"no"
611122,"slogan","SITS",79,"no"
611122,"tag","Tag",79,"no"
611122,"tag","Tag",79,"no"
611122,"tag","Tag",79,"no"
611122,"tag","Tag",79,"no"
611122,"tag","Tag",79,"no"
359271,"tag","Tag",79,"no"
627619,"other","Others",79,"no"
627619,"other","Others",79,"no"
141299,"tag","Tag",79,"no"
610967,"other","Others",79,"no"
610967,"tag","Tag",79,"no"
611122,"slogan","SITS",79,"no"
455570,"other","Others",79,"no"
359271,"tag","Tag",79,"no"
359271,"other","Others",79,"no"
611122,"throw up","SITS",79,"no"
611122,"tag","Tag",79,"no"
141003,"other","Others",176,"no"
141003,"other","Others",176,"no"
141003,"other","Others",176,"no"
141003,"slogan","SITS",176,"no"
141040,"slogan","SITS",176,"no"
611013,"tag","Tag",176,"no"
611013,"tag","Tag",176,"no"
611013,"tag","Tag",176,"no"
611013,"tag","Tag",176,"no"
141040,"tag","Tag",176,"no"
145714,"tag","Tag",177,"no"
358812,"stencil","SITS",177,"no"
358812,"tag","Tag",177,"no"
358811,"slogan","SITS",177,"no"
145211,"tag","Tag",177,"no"
145211,"tag","Tag",177,"no"
145714,"tag","Tag",177,"no"
145714,"tag","Tag",177,"no"
145211,"tag","Tag",177,"no"
145714,"tag","Tag",177,"no"
145319,"illustration","SITS",177,"no"
145198,"tag","Tag",177,"no"
145198,"tag","Tag",177,"no"
145213,"other","Others",177,"no"
145198,"tag","Tag",177,"no"
145410,"tag","Tag",177,"no"
145211,"tag","Tag",177,"no"
145198,"tag","Tag",177,"no"
145198,"tag","Tag",177,"no"
145198,"tag","Tag",177,"no"
145373,"tag","Tag",177,"no"
145373,"tag","Tag",177,"no"
145373,"tag","Tag",177,"no"
145205,"illustration","SITS",177,"no"
145213,"other","Others",177,"no"
145213,"tag","Tag",177,"no"
358811,"tag","Tag",177,"no"
358811,"tag","Tag",177,"no"
358809,"tag","Tag",177,"no"
145198,"tag","Tag",177,"no"
358809,"tag","Tag",177,"no"
358809,"tag","Tag",177,"no"
358809,"illustration","SITS",177,"no"
358809,"tag","Tag",177,"no"
145337,"other","Others",177,"yes"
358810,"tag","Tag",177,"no"
358809,"other","Others",177,"no"
145404,"tag","Tag",177,"no"
145211,"tag","Tag",177,"no"
358808,"tag","Tag",177,"no"
145211,"tag","Tag",177,"no"
358810,"tag","Tag",177,"no"
145404,"tag","Tag",177,"no"
145373,"tag","Tag",177,"no"
358808,"tag","Tag",177,"no"
358808,"other","Others",177,"no"
358808,"tag","Tag",177,"no"
358808,"tag","Tag",177,"no"
358808,"tag","Tag",177,"no"
145211,"tag","Tag",177,"no"
358808,"tag","Tag",177,"no"
145211,"tag","Tag",177,"no"
145404,"tag","Tag",177,"no"
145404,"tag","Tag",177,"no"
145337,"illustration","SITS",177,"no"
145198,"tag","Tag",177,"no"
145198,"tag","Tag",177,"no"
145198,"tag","Tag",177,"no"
145198,"tag","Tag",177,"no"
358809,"tag","Tag",177,"no"
145198,"stencil","SITS",177,"no"
145198,"tag","Tag",177,"no"
145198,"tag","Tag",177,"no"
145213,"tag","Tag",177,"no"
145205,"tag","Tag",177,"no"
145373,"tag","Tag",177,"no"
145373,"illustration","SITS",177,"no"
145373,"tag","Tag",177,"no"
145211,"tag","Tag",177,"no"
145337,"tag","Tag",177,"no"
145319,"tag","Tag",177,"no"
145410,"tag","Tag",177,"no"
145211,"tag","Tag",177,"no"
145198,"tag","Tag",177,"no"
145211,"illustration","SITS",177,"no"
145198,"tag","Tag",177,"no"
145319,"tag","Tag",177,"no"
145319,"other","Others",177,"no"
145211,"tag","Tag",177,"no"
145714,"tag","Tag",177,"no"
145211,"tag","Tag",177,"no"
145714,"stencil","SITS",177,"no"
358812,"tag","Tag",177,"no"
358812,"tag","Tag",177,"no"
358812,"tag","Tag",177,"no"
145205,"tag","Tag",177,"no"
358809,"tag","Tag",177,"no"
358812,"tag","Tag",177,"no"
140888,"tag","Tag",181,"no"
140888,"tag","Tag",181,"no"
140888,"tag","Tag",181,"no"
140888,"tag","Tag",181,"no"
140888,"tag","Tag",181,"no"
140888,"illustration","SITS",181,"no"
140888,"tag","Tag",181,"no"
140888,"tag","Tag",181,"no"
140888,"tag","Tag",181,"no"
140888,"tag","Tag",181,"no"
140888,"tag","Tag",181,"no"
140888,"tag","Tag",181,"no"
141104,"tag","Tag",181,"no"
141104,"tag","Tag",181,"no"
141104,"tag","Tag",181,"no"
141104,"tag","Tag",181,"no"
141104,"tag","Tag",181,"no"
141104,"tag","Tag",181,"no"
141104,"tag","Tag",181,"no"
141104,"slogan","SITS",181,"no"
141104,"tag","Tag",181,"no"
141104,"other","Others",181,"no"
141104,"slogan","SITS",181,"no"
141104,"slogan","SITS",181,"no"
141104,"tag","Tag",181,"no"
141104,"slogan","SITS",181,"no"
141104,"tag","Tag",181,"no"
141104,"tag","Tag",181,"no"
140849,"slogan","SITS",181,"no"
140849,"other","Others",181,"no"
140849,"other","Others",181,"no"
140849,"tag","Tag",181,"yes"
530249,"illustration","SITS",181,"no"
530249,"illustration","SITS",181,"no"
530249,"illustration","SITS",181,"no"
530249,"other","Others",181,"no"
530249,"illustration","SITS",181,"no"
530249,"tag","Tag",181,"no"
530249,"tag","Tag",181,"no"
140989,"stencil","SITS",181,"no"
140989,"illustration","SITS",181,"no"
140989,"tag","Tag",181,"no"
140989,"tag","Tag",181,"no"
140989,"tag","Tag",181,"no"
140989,"tag","Tag",181,"no"
140989,"tag","Tag",181,"no"
140989,"tag","Tag",181,"no"
140989,"tag","Tag",181,"no"
140989,"tag","Tag",181,"no"
140989,"tag","Tag",181,"no"
140989,"tag","Tag",181,"no"
140989,"slogan","SITS",181,"no"
140989,"tag","Tag",181,"no"
140989,"tag","Tag",181,"no"
140989,"tag","Tag",181,"no"
140989,"slogan","SITS",181,"no"
140989,"tag","Tag",181,"no"
140989,"tag","Tag",181,"no"
140989,"other","Others",181,"no"
140989,"tag","Tag",181,"no"
140989,"tag","Tag",181,"no"
140989,"tag","Tag",181,"no"
140989,"tag","Tag",181,"no"
140989,"other","Others",181,"no"
140989,"slogan","SITS",181,"no"
358604,"tag","Tag",181,"no"
358604,"tag","Tag",181,"no"
358604,"slogan","SITS",181,"yes"
358604,"tag","Tag",181,"no"
358604,"tag","Tag",181,"no"
358604,"stencil","SITS",181,"no"
358604,"tag","Tag",181,"no"
358604,"tag","Tag",181,"no"
358604,"tag","Tag",181,"no"
358604,"tag","Tag",181,"yes"
358604,"tag","Tag",181,"no"
358604,"tag","Tag",181,"no"
358604,"tag","Tag",181,"no"
358606,"tag","Tag",181,"no"
358606,"other","Others",181,"no"
358608,"tag","Tag",181,"no"
358608,"tag","Tag",181,"no"
358608,"tag","Tag",181,"yes"
358608,"tag","Tag",181,"no"
358608,"tag","Tag",181,"no"
358608,"slogan","SITS",181,"no"
358608,"tag","Tag",181,"no"
358608,"tag","Tag",181,"no"
140913,"tag","Tag",181,"no"
140913,"other","Others",181,"no"
140913,"slogan","SITS",181,"no"
611139,"slogan","SITS",181,"no"
611139,"tag","Tag",181,"no"
611139,"tag","Tag",181,"no"
611139,"tag","Tag",181,"no"
611139,"tag","Tag",181,"no"
611139,"illustration","SITS",181,"no"
611139,"tag","Tag",181,"no"
611139,"tag","Tag",181,"no"
611139,"tag","Tag",181,"no"
611139,"tag","Tag",181,"no"
611139,"tag","Tag",181,"no"
611139,"tag","Tag",181,"no"
141618,"tag","Tag",181,"no"
141618,"illustration","SITS",181,"no"
141618,"tag","Tag",181,"no"
141618,"tag","Tag",181,"no"
141618,"tag","Tag",181,"no"
141618,"tag","Tag",181,"no"
141618,"tag","Tag",181,"no"
141618,"tag","Tag",181,"no"
141618,"tag","Tag",181,"no"
141618,"tag","Tag",181,"no"
141618,"tag","Tag",181,"no"
141618,"tag","Tag",181,"no"
141618,"tag","Tag",181,"no"
141618,"tag","Tag",181,"no"
141618,"tag","Tag",181,"no"
141618,"tag","Tag",181,"no"
141618,"tag","Tag",181,"no"
141618,"tag","Tag",181,"no"
141618,"tag","Tag",181,"no"
141618,"tag","Tag",181,"no"
141618,"tag","Tag",181,"no"
141618,"tag","Tag",181,"no"
141618,"tag","Tag",181,"no"
141618,"tag","Tag",181,"no"
141618,"tag","Tag",181,"no"
141618,"illustration","SITS",181,"yes"
141618,"tag","Tag",181,"no"
141618,"tag","Tag",181,"no"
141618,"illustration","SITS",181,"no"
141618,"tag","Tag",181,"no"
141618,"tag","Tag",181,"no"
141618,"illustration","SITS",181,"no"
141618,"tag","Tag",181,"no"
141618,"tag","Tag",181,"no"
627696,"tag","Tag",6,"no"
627696,"tag","Tag",6,"no"
627696,"tag","Tag",6,"no"
627696,"tag","Tag",6,"no"
627696,"other","Others",6,"no"
627696,"tag","Tag",6,"no"
627696,"illustration","SITS",6,"no"
627696,"tag","Tag",6,"no"
627696,"tag","Tag",6,"no"
627696,"tag","Tag",6,"no"
627696,"tag","Tag",6,"no"
627696,"tag","Tag",6,"no"
627696,"tag","Tag",6,"no"
627696,"stencil","SITS",6,"no"
627696,"tag","Tag",6,"no"
627696,"tag","Tag",6,"no"
627696,"tag","Tag",6,"no"
627696,"tag","Tag",6,"no"
627696,"tag","Tag",6,"no"
627696,"tag","Tag",6,"no"
627696,"other","Others",6,"no"
627696,"illustration","SITS",6,"no"
627696,"stencil","SITS",6,"no"
627696,"tag","Tag",6,"no"
627696,"tag","Tag",6,"no"
627696,"tag","Tag",6,"no"
21740,"slogan","SITS",6,"no"
141676,"tag","Tag",6,"no"
141676,"tag","Tag",6,"yes"
141676,"tag","Tag",6,"yes"
141676,"throw up","SITS",6,"no"
141676,"illustration","SITS",6,"no"
141676,"tag","Tag",6,"no"
141676,"other","Others",6,"no"
141676,"other","Others",6,"no"
141676,"other","Others",6,"no"
141690,"tag","Tag",6,"no"
141690,"throw up","SITS",6,"no"
141690,"tag","Tag",6,"no"
611334,"tag","Tag",6,"no"
611334,"tag","Tag",6,"no"
611334,"tag","Tag",6,"no"
611334,"tag","Tag",6,"no"
611334,"tag","Tag",6,"no"
611334,"tag","Tag",6,"no"
611334,"stencil","SITS",6,"no"
141014,"tag","Tag",6,"no"
141014,"tag","Tag",6,"no"
141014,"illustration","SITS",6,"no"
141014,"tag","Tag",6,"no"
141014,"tag","Tag",6,"no"
141014,"tag","Tag",6,"no"
141014,"tag","Tag",6,"no"
141014,"throw up","SITS",6,"no"
141041,"other","Others",6,"no"
141041,"tag","Tag",6,"no"
141041,"masterpiece","Masterpiece",6,"no"
141041,"masterpiece","Masterpiece",6,"no"
141041,"slogan","SITS",6,"no"
627696,"illustration","SITS",6,"no"
627696,"tag","Tag",6,"no"
627696,"illustration","SITS",6,"no"
141676,"tag","Tag",6,"no"
610956,"tag","Tag",6,"no"
141014,"tag","Tag",6,"no"
627696,"tag","Tag",6,"no"
627696,"tag","Tag",6,"no"
627696,"illustration","SITS",6,"no"
141676,"tag","Tag",6,"no"
21740,"tag","Tag",6,"no"
611334,"tag","Tag",6,"no"
611059,"tag","Tag",6,"no"
141014,"illustration","SITS",6,"no"
141014,"other","Others",6,"no"
611059,"tag","Tag",6,"no"
611059,"tag","Tag",6,"no"
611059,"tag","Tag",6,"no"
140601,"tag","Tag",118,"no"
140601,"tag","Tag",118,"no"
140601,"tag","Tag",118,"no"
140601,"tag","Tag",118,"no"
140478,"tag","Tag",118,"no"
140478,"tag","Tag",118,"no"
140478,"slogan","SITS",118,"no"
140478,"tag","Tag",118,"no"
140478,"tag","Tag",118,"no"
140478,"tag","Tag",118,"no"
140478,"tag","Tag",118,"no"
140478,"tag","Tag",118,"no"
140478,"tag","Tag",118,"no"
140478,"tag","Tag",118,"no"
140478,"tag","Tag",118,"no"
140478,"tag","Tag",118,"no"
140478,"tag","Tag",118,"no"
140478,"illustration","SITS",118,"no"
140478,"tag","Tag",118,"no"
140478,"tag","Tag",118,"no"
140478,"tag","Tag",118,"no"
140478,"slogan","SITS",118,"no"
140478,"tag","Tag",118,"no"
140478,"tag","Tag",118,"no"
140478,"tag","Tag",118,"no"
140478,"tag","Tag",118,"no"
140478,"tag","Tag",118,"no"
140478,"tag","Tag",118,"no"
140478,"tag","Tag",118,"no"
140478,"tag","Tag",118,"no"
140478,"other","Others",118,"no"
140478,"stencil","SITS",118,"no"
140478,"tag","Tag",118,"no"
140478,"tag","Tag",118,"no"
140596,"illustration","SITS",118,"no"
140596,"tag","Tag",118,"no"
140596,"tag","Tag",118,"no"
140596,"tag","Tag",118,"no"
140596,"tag","Tag",118,"no"
140596,"tag","Tag",118,"no"
140596,"other","Others",118,"no"
140596,"stencil","SITS",118,"no"
610549,"other","Others",118,"no"
610549,"other","Others",118,"no"
610549,"other","Others",118,"no"
140581,"tag","Tag",118,"no"
359311,"illustration","SITS",118,"no"
359311,"illustration","SITS",118,"no"
359311,"other","Others",118,"no"
145587,"other","Others",118,"no"
145587,"other","Others",118,"no"
145587,"tag","Tag",118,"no"
145587,"other","Others",118,"no"
145771,"other","Others",118,"no"
145771,"other","Others",118,"no"
145771,"other","Others",118,"no"
145771,"tag","Tag",118,"no"
145770,"illustration","SITS",118,"no"
145590,"tag","Tag",118,"no"
145590,"tag","Tag",118,"no"
358804,"other","Others",118,"no"
358804,"tag","Tag",118,"no"
358804,"tag","Tag",118,"no"
358804,"tag","Tag",118,"no"
358804,"tag","Tag",118,"no"
358804,"tag","Tag",118,"no"
358804,"other","Others",118,"no"
358804,"tag","Tag",118,"no"
358804,"tag","Tag",118,"no"
358804,"other","Others",118,"no"
358804,"other","Others",118,"no"
358804,"other","Others",118,"no"
358804,"other","Others",118,"no"
145726,"tag","Tag",118,"no"
145726,"tag","Tag",118,"no"
145726,"tag","Tag",118,"no"
145726,"tag","Tag",118,"no"
145726,"tag","Tag",118,"no"
145726,"tag","Tag",118,"no"
145726,"tag","Tag",118,"no"
145726,"tag","Tag",118,"no"
145726,"tag","Tag",118,"no"
145726,"tag","Tag",118,"no"
145726,"tag","Tag",118,"yes"
145726,"tag","Tag",118,"no"
145726,"tag","Tag",118,"no"
145726,"other","Others",118,"no"
145726,"other","Others",118,"no"
145726,"tag","Tag",118,"no"
145726,"tag","Tag",118,"no"
145726,"other","Others",118,"no"
145726,"tag","Tag",118,"no"
145726,"illustration","SITS",118,"no"
145566,"tag","Tag",118,"no"
145566,"tag","Tag",118,"no"
140601,"tag","Tag",118,"no"
140601,"tag","Tag",118,"no"
140478,"tag","Tag",118,"no"
140478,"tag","Tag",118,"no"
140478,"tag","Tag",118,"no"
140478,"tag","Tag",118,"no"
610549,"other","Others",118,"no"
140581,"tag","Tag",118,"no"
140581,"tag","Tag",118,"no"
140478,"tag","Tag",118,"no"
140596,"other","Others",118,"no"
359311,"other","Others",118,"no"
359311,"other","Others",118,"no"
145771,"tag","Tag",118,"no"
145770,"illustration","SITS",118,"no"
145726,"throw up","SITS",118,"no"
145566,"illustration","SITS",118,"no"
140478,"throw up","SITS",118,"no"
140596,"other","Others",118,"no"
140581,"tag","Tag",118,"no"
140581,"tag","Tag",118,"no"
145590,"throw up","SITS",118,"no"
140687,"tag","Tag",28,"no"
140687,"tag","Tag",28,"no"
140687,"tag","Tag",28,"no"
140687,"tag","Tag",28,"no"
140687,"tag","Tag",28,"no"
140687,"other","Others",28,"no"
140477,"tag","Tag",28,"no"
140477,"tag","Tag",28,"no"
140682,"tag","Tag",28,"no"
140682,"tag","Tag",28,"no"
140682,"tag","Tag",28,"no"
140682,"tag","Tag",28,"no"
140682,"tag","Tag",28,"no"
140682,"tag","Tag",28,"no"
610648,"tag","Tag",28,"yes"
610648,"tag","Tag",28,"yes"
610648,"tag","Tag",28,"yes"
610648,"tag","Tag",28,"no"
610648,"tag","Tag",28,"no"
140679,"tag","Tag",28,"no"
140679,"tag","Tag",28,"no"
140679,"tag","Tag",28,"no"
140679,"tag","Tag",28,"no"
140681,"tag","Tag",28,"no"
140681,"tag","Tag",28,"no"
140681,"tag","Tag",28,"no"
140681,"tag","Tag",28,"no"
140681,"tag","Tag",28,"no"
140681,"tag","Tag",28,"no"
610605,"stencil","SITS",28,"no"
610605,"tag","Tag",28,"no"
610605,"tag","Tag",28,"no"
610605,"tag","Tag",28,"no"
610605,"tag","Tag",28,"no"
140676,"tag","Tag",28,"no"
140672,"tag","Tag",28,"no"
140673,"tag","Tag",28,"no"
140673,"tag","Tag",28,"no"
140673,"tag","Tag",28,"no"
140673,"tag","Tag",28,"no"
140673,"tag","Tag",28,"no"
140673,"tag","Tag",28,"no"
140673,"tag","Tag",28,"no"
140673,"tag","Tag",28,"no"
140673,"tag","Tag",28,"no"
140673,"tag","Tag",28,"no"
140406,"tag","Tag",28,"no"
140406,"tag","Tag",28,"no"
140406,"tag","Tag",28,"no"
140406,"tag","Tag",28,"no"
140406,"stencil","SITS",28,"no"
146510,"tag","Tag",28,"no"
146510,"tag","Tag",28,"no"
146510,"tag","Tag",28,"yes"
146510,"tag","Tag",28,"no"
146510,"tag","Tag",28,"no"
146510,"other","Others",28,"no"
146510,"tag","Tag",28,"no"
146510,"tag","Tag",28,"no"
146510,"other","Others",28,"no"
146510,"tag","Tag",28,"no"
146510,"tag","Tag",28,"no"
146510,"other","Others",28,"no"
140673,"tag","Tag",28,"no"
140676,"tag","Tag",28,"no"
140676,"tag","Tag",28,"no"
140682,"tag","Tag",28,"no"
140688,"tag","Tag",28,"no"
146510,"tag","Tag",28,"no"
140676,"other","Others",28,"no"
140688,"tag","Tag",28,"no"
146510,"tag","Tag",28,"no"
140687,"tag","Tag",28,"no"
611261,"tag","Tag",182,"no"
611261,"tag","Tag",182,"no"
611261,"tag","Tag",182,"no"
611261,"tag","Tag",182,"no"
611261,"tag","Tag",182,"no"
611261,"tag","Tag",182,"no"
611261,"tag","Tag",182,"no"
611261,"tag","Tag",182,"no"
611109,"tag","Tag",182,"no"
611109,"tag","Tag",182,"no"
611109,"tag","Tag",182,"no"
358609,"tag","Tag",182,"no"
141206,"stencil","SITS",182,"no"
3995,"other","Others",63,"no"
3995,"other","Others",63,"no"
3995,"other","Others",63,"no"
3995,"other","Others",63,"no"
3995,"tag","Tag",63,"no"
3995,"tag","Tag",63,"no"
3995,"other","Others",63,"no"
3995,"tag","Tag",63,"no"
3995,"other","Others",63,"no"
3995,"other","Others",63,"no"
3995,"tag","Tag",63,"no"
3995,"throw up","SITS",63,"no"
3995,"tag","Tag",63,"no"
3995,"other","Others",63,"no"
530361,"other","Others",63,"no"
530361,"other","Others",63,"no"
530361,"tag","Tag",63,"no"
530361,"tag","Tag",63,"no"
530361,"other","Others",63,"no"
530361,"other","Others",63,"no"
530361,"other","Others",63,"yes"
530361,"tag","Tag",63,"yes"
530361,"other","Others",63,"no"
455512,"other","Others",64,"no"
455512,"other","Others",64,"no"
455512,"other","Others",64,"no"
455512,"tag","Tag",64,"no"
455512,"other","Others",64,"no"
455512,"other","Others",64,"no"
455512,"other","Others",64,"no"
455512,"other","Others",64,"no"
455512,"other","Others",64,"no"
455512,"other","Others",64,"no"
455512,"illustration","SITS",64,"no"
611169,"tag","Tag",63,"no"
611169,"tag","Tag",63,"no"
611169,"tag","Tag",63,"no"
611169,"tag","Tag",63,"no"
611169,"tag","Tag",63,"no"
611169,"tag","Tag",63,"no"
611169,"illustration","SITS",63,"no"
611169,"illustration","SITS",63,"no"
611169,"tag","Tag",63,"no"
611169,"other","Others",63,"no"
611169,"tag","Tag",63,"no"
611169,"other","Others",63,"no"
141991,"tag","Tag",64,"no"
141991,"tag","Tag",64,"no"
145212,"tag","Tag",64,"no"
145212,"other","Others",64,"no"
145212,"tag","Tag",64,"no"
145212,"stencil","SITS",64,"no"
145212,"tag","Tag",64,"no"
145212,"tag","Tag",64,"no"
145212,"tag","Tag",64,"no"
145212,"other","Others",64,"no"
145212,"other","Others",64,"no"
145212,"tag","Tag",64,"no"
145212,"other","Others",64,"no"
145212,"tag","Tag",64,"no"
145212,"illustration","SITS",64,"no"
145212,"throw up","SITS",64,"no"
145212,"tag","Tag",64,"no"
145212,"other","Others",64,"no"
145212,"other","Others",64,"no"
145212,"other","Others",64,"no"
145425,"tag","Tag",64,"no"
145425,"tag","Tag",64,"no"
145425,"tag","Tag",64,"no"
145425,"other","Others",64,"no"
145425,"other","Others",64,"no"
145425,"tag","Tag",64,"no"
145425,"tag","Tag",64,"no"
145425,"tag","Tag",64,"no"
145425,"tag","Tag",64,"no"
145425,"tag","Tag",64,"no"
145425,"tag","Tag",64,"no"
145425,"other","Others",64,"no"
145397,"tag","Tag",64,"no"
145397,"tag","Tag",64,"no"
145397,"tag","Tag",64,"no"
145397,"tag","Tag",64,"no"
145397,"tag","Tag",64,"no"
145397,"other","Others",64,"no"
145397,"other","Others",64,"no"
145397,"illustration","SITS",64,"no"
145397,"other","Others",64,"no"
145397,"other","Others",64,"no"
145397,"other","Others",64,"no"
145397,"other","Others",64,"no"
145397,"other","Others",64,"no"
145397,"other","Others",64,"no"
145397,"other","Others",64,"no"
145397,"other","Others",64,"no"
145397,"other","Others",64,"no"
145397,"tag","Tag",64,"no"
145397,"other","Others",64,"no"
145397,"other","Others",64,"no"
145397,"other","Others",64,"no"
145397,"other","Others",64,"no"
145397,"other","Others",64,"no"
145397,"other","Others",64,"no"
145397,"other","Others",64,"no"
145397,"other","Others",64,"no"
145397,"other","Others",64,"no"
145397,"other","Others",64,"no"
145397,"illustration","SITS",64,"no"
145397,"tag","Tag",64,"no"
145397,"tag","Tag",64,"no"
145397,"other","Others",64,"no"
145416,"stencil","SITS",63,"no"
610698,"masterpiece","Masterpiece",63,"no"
610698,"tag","Tag",63,"no"
610698,"other","Others",63,"no"
610698,"other","Others",63,"no"
610698,"other","Others",63,"no"
610698,"tag","Tag",63,"no"
610698,"tag","Tag",63,"no"
610698,"other","Others",63,"no"
610698,"tag","Tag",63,"no"
610698,"illustration","SITS",63,"no"
610698,"tag","Tag",63,"no"
610698,"illustration","SITS",63,"no"
610698,"tag","Tag",63,"no"
610698,"tag","Tag",63,"yes"
610698,"other","Others",63,"no"
610698,"tag","Tag",63,"no"
610698,"tag","Tag",63,"no"
610698,"tag","Tag",63,"no"
610698,"tag","Tag",63,"no"
610698,"tag","Tag",63,"no"
610698,"illustration","SITS",63,"no"
610698,"illustration","SITS",63,"no"
610698,"stencil","SITS",63,"no"
610698,"tag","Tag",63,"no"
610698,"tag","Tag",63,"no"
610698,"other","Others",63,"no"
610698,"other","Others",63,"no"
610698,"other","Others",63,"no"
610698,"tag","Tag",63,"no"
610698,"tag","Tag",63,"no"
610698,"tag","Tag",63,"yes"
610698,"tag","Tag",63,"no"
610698,"tag","Tag",63,"no"
610698,"other","Others",63,"no"
610698,"other","Others",63,"no"
610698,"other","Others",63,"no"
610698,"tag","Tag",63,"no"
610698,"other","Others",63,"no"
610698,"illustration","SITS",63,"no"
610698,"illustration","SITS",63,"no"
610698,"other","Others",63,"no"
610698,"illustration","SITS",63,"no"
610698,"other","Others",63,"no"
610698,"illustration","SITS",63,"no"
610698,"tag","Tag",63,"no"
610698,"tag","Tag",63,"no"
610698,"tag","Tag",63,"no"
610698,"tag","Tag",63,"no"
610698,"other","Others",63,"no"
610698,"other","Others",63,"no"
610698,"tag","Tag",63,"no"
610698,"tag","Tag",63,"no"
610698,"tag","Tag",63,"no"
610698,"tag","Tag",63,"no"
610698,"tag","Tag",63,"no"
610698,"other","Others",63,"no"
610698,"illustration","SITS",63,"no"
610698,"tag","Tag",63,"no"
610698,"tag","Tag",63,"no"
610698,"tag","Tag",63,"no"
610698,"tag","Tag",63,"no"
610698,"other","Others",63,"no"
610698,"other","Others",63,"no"
610698,"other","Others",63,"no"
610698,"other","Others",63,"no"
610698,"tag","Tag",63,"no"
610698,"tag","Tag",63,"no"
610698,"tag","Tag",63,"no"
610698,"tag","Tag",63,"no"
610698,"other","Others",63,"no"
610698,"tag","Tag",63,"no"
610698,"other","Others",63,"no"
610698,"illustration","SITS",63,"no"
610698,"illustration","SITS",63,"no"
610698,"other","Others",63,"no"
610698,"other","Others",63,"no"
610698,"illustration","SITS",63,"no"
610698,"tag","Tag",63,"no"
610698,"tag","Tag",63,"no"
610698,"tag","Tag",63,"no"
610698,"tag","Tag",63,"no"
610698,"other","Others",63,"no"
610698,"tag","Tag",63,"no"
610698,"tag","Tag",63,"no"
610698,"illustration","SITS",63,"no"
610698,"tag","Tag",63,"no"
610698,"other","Others",63,"no"
610698,"other","Others",63,"no"
610698,"illustration","SITS",63,"no"
610776,"tag","Tag",64,"no"
610776,"other","Others",64,"no"
610776,"tag","Tag",64,"no"
610776,"other","Others",64,"no"
610776,"other","Others",64,"no"
610776,"other","Others",64,"no"
610776,"other","Others",64,"no"
610776,"other","Others",64,"no"
610776,"tag","Tag",64,"no"
610776,"tag","Tag",64,"no"
610776,"tag","Tag",64,"no"
610776,"illustration","SITS",64,"no"
610776,"other","Others",64,"no"
610776,"tag","Tag",64,"no"
610776,"tag","Tag",64,"no"
610776,"tag","Tag",64,"no"
610776,"tag","Tag",64,"no"
610776,"tag","Tag",64,"no"
610776,"other","Others",64,"no"
610776,"tag","Tag",64,"no"
610776,"stencil","SITS",64,"no"
610776,"other","Others",64,"no"
610776,"illustration","SITS",64,"no"
610776,"tag","Tag",64,"no"
610776,"other","Others",64,"no"
610776,"tag","Tag",64,"no"
610776,"tag","Tag",64,"no"
610776,"tag","Tag",64,"no"
610776,"throw up","SITS",64,"no"
610776,"tag","Tag",64,"no"
610776,"tag","Tag",64,"no"
610776,"throw up","SITS",64,"no"
610776,"tag","Tag",64,"no"
610776,"tag","Tag",64,"no"
610776,"tag","Tag",64,"no"
610776,"tag","Tag",64,"no"
610776,"tag","Tag",64,"no"
610776,"tag","Tag",64,"no"
610776,"tag","Tag",64,"no"
610776,"tag","Tag",64,"no"
610776,"stencil","SITS",64,"no"
610776,"tag","Tag",64,"no"
610776,"tag","Tag",64,"no"
610776,"tag","Tag",64,"no"
610776,"tag","Tag",64,"no"
610776,"tag","Tag",64,"no"
610776,"tag","Tag",64,"no"
610776,"other","Others",64,"no"
610776,"illustration","SITS",64,"no"
610776,"tag","Tag",64,"no"
610776,"tag","Tag",64,"no"
610776,"illustration","SITS",64,"yes"
610776,"tag","Tag",64,"no"
610776,"tag","Tag",64,"no"
610776,"tag","Tag",64,"no"
610776,"tag","Tag",64,"no"
610776,"tag","Tag",64,"no"
610776,"tag","Tag",64,"no"
610776,"tag","Tag",64,"no"
610776,"tag","Tag",64,"no"
610776,"other","Others",64,"no"
610776,"tag","Tag",64,"no"
610776,"tag","Tag",64,"no"
610776,"tag","Tag",64,"no"
610776,"tag","Tag",64,"no"
610776,"tag","Tag",64,"no"
610776,"tag","Tag",64,"no"
610776,"other","Others",64,"no"
610776,"tag","Tag",64,"no"
610776,"tag","Tag",64,"no"
610776,"tag","Tag",64,"no"
610776,"tag","Tag",64,"no"
610776,"tag","Tag",64,"no"
610776,"other","Others",64,"no"
610776,"tag","Tag",64,"no"
610776,"tag","Tag",64,"no"
610776,"tag","Tag",64,"no"
610776,"tag","Tag",64,"no"
610776,"tag","Tag",64,"no"
610776,"tag","Tag",64,"no"
610776,"tag","Tag",64,"yes"
610776,"tag","Tag",64,"no"
610776,"other","Others",64,"no"
610776,"other","Others",64,"no"
610776,"tag","Tag",64,"no"
610776,"tag","Tag",64,"no"
610776,"tag","Tag",64,"no"
610776,"tag","Tag",64,"no"
610776,"tag","Tag",64,"no"
610776,"tag","Tag",64,"no"
140439,"tag","Tag",68,"no"
140439,"tag","Tag",68,"no"
140439,"tag","Tag",68,"no"
140439,"tag","Tag",68,"no"
140439,"tag","Tag",68,"no"
140439,"other","Others",68,"no"
140439,"other","Others",68,"no"
611238,"tag","Tag",68,"no"
611238,"tag","Tag",68,"no"
611238,"tag","Tag",68,"no"
611238,"tag","Tag",68,"no"
611238,"tag","Tag",68,"no"
140438,"other","Others",68,"no"
140438,"other","Others",68,"no"
140438,"other","Others",68,"no"
140438,"other","Others",68,"no"
140438,"other","Others",68,"no"
140438,"other","Others",68,"no"
140438,"other","Others",68,"no"
140438,"other","Others",68,"no"
140438,"other","Others",68,"no"
140438,"other","Others",68,"no"
140438,"other","Others",68,"no"
140569,"tag","Tag",68,"no"
140569,"other","Others",68,"no"
140569,"tag","Tag",68,"no"
140569,"tag","Tag",68,"no"
140569,"other","Others",68,"no"
140569,"tag","Tag",68,"no"
21598,"tag","Tag",68,"no"
21598,"tag","Tag",68,"no"
21598,"tag","Tag",68,"no"
140829,"tag","Tag",68,"no"
140829,"tag","Tag",68,"no"
140829,"tag","Tag",68,"no"
610968,"other","Others",68,"no"
610968,"other","Others",68,"no"
610968,"other","Others",68,"no"
610968,"tag","Tag",68,"no"
610968,"other","Others",68,"no"
610968,"other","Others",68,"no"
610968,"other","Others",68,"no"
610968,"tag","Tag",68,"no"
610968,"other","Others",68,"no"
610968,"other","Others",68,"no"
610968,"tag","Tag",68,"no"
610968,"tag","Tag",68,"no"
610968,"tag","Tag",68,"no"
610968,"tag","Tag",68,"no"
610968,"tag","Tag",68,"no"
610968,"tag","Tag",68,"no"
610968,"tag","Tag",68,"no"
610968,"tag","Tag",68,"no"
610968,"illustration","SITS",68,"no"
610968,"other","Others",68,"no"
610968,"tag","Tag",68,"no"
610968,"tag","Tag",68,"no"
610968,"other","Others",68,"no"
145557,"illustration","SITS",68,"no"
145557,"tag","Tag",68,"no"
145557,"tag","Tag",68,"no"
145557,"tag","Tag",68,"no"
145557,"tag","Tag",68,"no"
145557,"tag","Tag",68,"no"
145557,"tag","Tag",68,"no"
140830,"tag","Tag",68,"no"
140830,"other","Others",68,"no"
140830,"throw up","SITS",68,"no"
140830,"tag","Tag",68,"no"
140830,"tag","Tag",68,"no"
140830,"other","Others",68,"no"
140830,"stencil","SITS",68,"no"
140830,"tag","Tag",68,"no"
611095,"tag","Tag",114,"no"
611095,"tag","Tag",114,"yes"
611095,"tag","Tag",114,"yes"
611095,"tag","Tag",114,"no"
611095,"other","Others",114,"no"
611095,"other","Others",114,"no"
611095,"tag","Tag",114,"no"
611095,"tag","Tag",114,"no"
611095,"slogan","SITS",114,"no"
611095,"tag","Tag",114,"no"
611095,"tag","Tag",114,"no"
611095,"slogan","SITS",114,"no"
611095,"other","Others",114,"no"
611095,"other","Others",114,"no"
611095,"tag","Tag",114,"no"
358818,"other","Others",114,"no"
611190,"other","Others",114,"no"
144139,"tag","Tag",114,"no"
144139,"tag","Tag",114,"no"
144139,"tag","Tag",114,"no"
143802,"tag","Tag",114,"no"
143802,"tag","Tag",114,"no"
143802,"other","Others",114,"no"
143802,"tag","Tag",114,"no"
143802,"tag","Tag",114,"no"
143802,"tag","Tag",114,"no"
143802,"tag","Tag",114,"no"
144148,"tag","Tag",114,"no"
144148,"tag","Tag",114,"no"
144148,"slogan","SITS",114,"no"
144148,"other","Others",114,"no"
144148,"tag","Tag",114,"no"
144148,"tag","Tag",114,"no"
144148,"tag","Tag",114,"no"
144148,"tag","Tag",114,"no"
611094,"tag","Tag",114,"no"
611094,"tag","Tag",114,"yes"
611094,"other","Others",114,"no"
611094,"other","Others",114,"no"
611094,"tag","Tag",114,"no"
611094,"other","Others",114,"no"
611094,"tag","Tag",114,"no"
611094,"tag","Tag",114,"no"
611094,"tag","Tag",114,"no"
611094,"tag","Tag",114,"no"
611094,"tag","Tag",114,"no"
611094,"tag","Tag",114,"no"
611094,"tag","Tag",114,"no"
611094,"tag","Tag",114,"no"
611094,"other","Others",114,"no"
611095,"other","Others",114,"no"
611095,"other","Others",114,"no"
611095,"other","Others",114,"no"
611095,"other","Others",114,"no"
358818,"other","Others",114,"no"
144148,"tag","Tag",114,"no"
611094,"tag","Tag",114,"no"
611094,"tag","Tag",114,"no"
611094,"other","Others",114,"no"
611094,"other","Others",114,"no"
611094,"tag","Tag",114,"no"
611094,"tag","Tag",114,"no"
611095,"other","Others",114,"no"
611095,"other","Others",114,"no"
611095,"other","Others",114,"no"
358818,"other","Others",114,"no"
611190,"other","Others",114,"no"
144139,"other","Others",114,"no"
143802,"tag","Tag",114,"no"
144148,"tag","Tag",114,"no"
144148,"tag","Tag",114,"no"
144148,"other","Others",114,"no"
611094,"other","Others",114,"no"
611094,"other","Others",114,"no"
611094,"other","Others",114,"no"
611095,"other","Others",114,"no"
611095,"tag","Tag",114,"no"
611095,"other","Others",114,"no"
611095,"other","Others",114,"no"
611094,"tag","Tag",114,"no"
611094,"other","Others",114,"no"
611094,"other","Others",114,"no"
611094,"tag","Tag",114,"no"
610697,"tag","Tag",97,"no"
610629,"tag","Tag",97,"no"
610629,"tag","Tag",97,"no"
610629,"tag","Tag",97,"no"
610629,"tag","Tag",97,"yes"
610629,"tag","Tag",97,"yes"
610629,"tag","Tag",97,"no"
610629,"tag","Tag",97,"no"
610629,"tag","Tag",97,"no"
610629,"tag","Tag",97,"no"
610629,"tag","Tag",97,"no"
610629,"tag","Tag",97,"no"
610629,"tag","Tag",97,"no"
610629,"tag","Tag",97,"no"
610629,"tag","Tag",97,"no"
559473,"tag","Tag",97,"no"
559473,"tag","Tag",97,"no"
559473,"tag","Tag",97,"no"
559473,"tag","Tag",97,"no"
559473,"slogan","SITS",97,"no"
559473,"tag","Tag",97,"no"
559473,"tag","Tag",97,"no"
559473,"illustration","SITS",97,"no"
559473,"tag","Tag",97,"no"
559473,"slogan","SITS",97,"no"
610681,"tag","Tag",97,"no"
610681,"illustration","SITS",97,"no"
610681,"tag","Tag",97,"no"
610681,"tag","Tag",97,"no"
610681,"tag","Tag",97,"no"
610681,"tag","Tag",97,"no"
610681,"tag","Tag",97,"no"
610681,"tag","Tag",97,"no"
610681,"tag","Tag",97,"no"
610681,"tag","Tag",97,"no"
610681,"tag","Tag",97,"no"
610681,"tag","Tag",97,"no"
610681,"tag","Tag",97,"yes"
610681,"tag","Tag",97,"no"
610681,"tag","Tag",97,"no"
610681,"tag","Tag",97,"no"
610681,"tag","Tag",97,"no"
610681,"tag","Tag",97,"no"
610681,"tag","Tag",97,"no"
610681,"tag","Tag",97,"no"
610681,"tag","Tag",97,"no"
610681,"tag","Tag",97,"no"
610681,"tag","Tag",97,"no"
610681,"tag","Tag",97,"no"
610681,"illustration","SITS",97,"no"
610681,"tag","Tag",97,"no"
610681,"tag","Tag",97,"no"
610681,"tag","Tag",97,"no"
610681,"slogan","SITS",97,"no"
610681,"tag","Tag",97,"no"
610681,"tag","Tag",97,"no"
610681,"tag","Tag",97,"no"
610681,"tag","Tag",97,"no"
610681,"tag","Tag",97,"no"
610681,"tag","Tag",97,"no"
610681,"tag","Tag",97,"no"
610681,"throw up","SITS",97,"no"
610681,"tag","Tag",97,"no"
610681,"tag","Tag",97,"no"
610681,"tag","Tag",97,"no"
610681,"tag","Tag",97,"no"
140491,"tag","Tag",97,"no"
140491,"tag","Tag",97,"no"
140491,"tag","Tag",97,"no"
140491,"tag","Tag",97,"no"
140491,"tag","Tag",97,"no"
140491,"tag","Tag",97,"no"
140491,"tag","Tag",97,"no"
140491,"tag","Tag",97,"no"
140491,"tag","Tag",97,"no"
140491,"tag","Tag",97,"no"
140491,"tag","Tag",97,"no"
140491,"tag","Tag",97,"no"
140491,"tag","Tag",97,"no"
140491,"tag","Tag",97,"no"
140491,"tag","Tag",97,"no"
140491,"tag","Tag",97,"no"
140491,"tag","Tag",97,"no"
140491,"tag","Tag",97,"no"
140491,"tag","Tag",97,"no"
610661,"tag","Tag",97,"no"
610661,"tag","Tag",97,"no"
610661,"tag","Tag",97,"no"
610661,"tag","Tag",97,"no"
140788,"tag","Tag",97,"no"
140788,"illustration","SITS",97,"no"
140788,"tag","Tag",97,"no"
140788,"tag","Tag",97,"no"
140788,"slogan","SITS",97,"no"
140788,"tag","Tag",97,"no"
140788,"tag","Tag",97,"no"
140788,"tag","Tag",97,"no"
140788,"tag","Tag",97,"no"
140788,"tag","Tag",97,"no"
140788,"tag","Tag",97,"no"
140788,"tag","Tag",97,"no"
140788,"tag","Tag",97,"no"
140788,"throw up","SITS",97,"no"
140788,"tag","Tag",97,"no"
140788,"tag","Tag",97,"no"
140788,"tag","Tag",97,"no"
140788,"tag","Tag",97,"no"
140788,"tag","Tag",97,"no"
140788,"illustration","SITS",97,"no"
140788,"illustration","SITS",97,"no"
140788,"tag","Tag",97,"no"
140788,"illustration","SITS",97,"no"
140788,"tag","Tag",97,"no"
140788,"tag","Tag",97,"no"
140788,"tag","Tag",97,"no"
140788,"tag","Tag",97,"no"
140788,"tag","Tag",97,"no"
140788,"slogan","SITS",97,"no"
140788,"tag","Tag",97,"no"
140788,"tag","Tag",97,"yes"
140788,"tag","Tag",97,"no"
140788,"tag","Tag",97,"no"
140788,"tag","Tag",97,"no"
140788,"tag","Tag",97,"no"
140788,"tag","Tag",97,"no"
140788,"tag","Tag",97,"no"
140788,"throw up","SITS",97,"no"
140788,"tag","Tag",97,"no"
140822,"tag","Tag",97,"no"
140822,"tag","Tag",97,"no"
140822,"tag","Tag",97,"no"
140822,"masterpiece","Masterpiece",97,"no"
140822,"tag","Tag",97,"no"
140822,"tag","Tag",97,"no"
140822,"tag","Tag",97,"no"
610705,"tag","Tag",97,"no"
610705,"tag","Tag",97,"no"
610705,"tag","Tag",97,"no"
610705,"tag","Tag",97,"no"
610705,"slogan","SITS",97,"no"
610705,"tag","Tag",97,"no"
610705,"tag","Tag",97,"no"
610705,"tag","Tag",97,"no"
610705,"throw up","SITS",97,"no"
610705,"stencil","SITS",97,"no"
610705,"tag","Tag",97,"no"
610705,"other","Others",97,"no"
610705,"tag","Tag",97,"no"
610705,"throw up","SITS",97,"no"
610705,"tag","Tag",97,"no"
610705,"tag","Tag",97,"no"
610705,"tag","Tag",97,"no"
610705,"tag","Tag",97,"yes"
610705,"tag","Tag",97,"no"
530365,"tag","Tag",97,"no"
530365,"tag","Tag",97,"no"
530365,"tag","Tag",97,"no"
530365,"tag","Tag",97,"no"
530365,"tag","Tag",97,"no"
530365,"slogan","SITS",97,"no"
530365,"tag","Tag",97,"no"
530365,"tag","Tag",97,"no"
610622,"tag","Tag",97,"no"
610622,"tag","Tag",97,"no"
610622,"tag","Tag",97,"no"
610622,"tag","Tag",97,"no"
610622,"tag","Tag",97,"no"
610622,"tag","Tag",97,"no"
610622,"tag","Tag",97,"no"
610622,"stencil","SITS",97,"no"
610622,"tag","Tag",97,"no"
610622,"tag","Tag",97,"no"
140455,"tag","Tag",25,"no"
140455,"tag","Tag",25,"no"
140455,"tag","Tag",25,"no"
140455,"other","Others",25,"no"
140455,"tag","Tag",25,"no"
140455,"illustration","SITS",25,"no"
140455,"illustration","SITS",25,"no"
140455,"slogan","SITS",25,"no"
140455,"illustration","SITS",25,"no"
140455,"other","Others",25,"no"
140455,"other","Others",25,"no"
140455,"tag","Tag",25,"no"
140455,"tag","Tag",25,"no"
140455,"tag","Tag",25,"no"
140455,"tag","Tag",25,"no"
140455,"tag","Tag",25,"no"
140455,"tag","Tag",25,"no"
140615,"other","Others",25,"no"
140615,"illustration","SITS",25,"no"
140615,"other","Others",25,"no"
610554,"other","Others",25,"no"
610554,"other","Others",25,"no"
145206,"other","Others",25,"no"
145206,"slogan","SITS",25,"no"
145206,"tag","Tag",25,"no"
145206,"other","Others",25,"no"
145206,"slogan","SITS",25,"no"
145206,"other","Others",25,"no"
145206,"tag","Tag",25,"no"
145206,"slogan","SITS",25,"no"
145206,"slogan","SITS",25,"no"
145206,"tag","Tag",25,"no"
145206,"stencil","SITS",25,"no"
145206,"tag","Tag",25,"no"
145206,"tag","Tag",25,"no"
145206,"tag","Tag",25,"no"
145347,"tag","Tag",25,"no"
145347,"tag","Tag",25,"no"
145360,"slogan","SITS",25,"no"
145360,"tag","Tag",25,"no"
145360,"tag","Tag",25,"no"
55449,"tag","Tag",25,"no"
55449,"illustration","SITS",25,"no"
55449,"illustration","SITS",25,"no"
55449,"tag","Tag",25,"no"
55449,"slogan","SITS",25,"no"
55449,"tag","Tag",25,"no"
55449,"tag","Tag",25,"no"
55449,"tag","Tag",25,"no"
55449,"tag","Tag",25,"no"
55449,"tag","Tag",25,"no"
55449,"tag","Tag",25,"no"
55449,"tag","Tag",25,"no"
55449,"tag","Tag",25,"no"
55449,"tag","Tag",25,"no"
55449,"illustration","SITS",25,"no"
55449,"slogan","SITS",25,"no"
55449,"throw up","SITS",25,"no"
55449,"tag","Tag",25,"no"
55449,"tag","Tag",25,"no"
610985,"tag","Tag",25,"yes"
610985,"tag","Tag",25,"no"
610985,"slogan","SITS",25,"no"
610985,"tag","Tag",25,"no"
610985,"tag","Tag",25,"yes"
610985,"illustration","SITS",25,"no"
610985,"tag","Tag",25,"no"
610985,"tag","Tag",25,"no"
610985,"tag","Tag",25,"no"
610985,"tag","Tag",25,"no"
610985,"illustration","SITS",25,"no"
610985,"illustration","SITS",25,"no"
610985,"tag","Tag",25,"no"
610985,"tag","Tag",25,"no"
610985,"illustration","SITS",25,"no"
610985,"tag","Tag",25,"no"
610985,"tag","Tag",25,"no"
610985,"tag","Tag",25,"no"
610985,"other","Others",25,"no"
610985,"other","Others",25,"no"
610985,"tag","Tag",25,"no"
610985,"tag","Tag",25,"no"
610985,"tag","Tag",25,"no"
610985,"other","Others",25,"no"
610985,"tag","Tag",25,"no"
610985,"slogan","SITS",25,"no"
610985,"tag","Tag",25,"no"
610985,"tag","Tag",25,"no"
610985,"slogan","SITS",25,"no"
610985,"tag","Tag",25,"no"
610985,"tag","Tag",25,"no"
145713,"tag","Tag",25,"no"
145713,"tag","Tag",25,"no"
145713,"tag","Tag",25,"no"
145713,"tag","Tag",25,"no"
358814,"tag","Tag",25,"no"
358814,"slogan","SITS",25,"no"
358814,"tag","Tag",25,"no"
358814,"tag","Tag",25,"no"
358814,"tag","Tag",25,"no"
359119,"tag","Tag",193,"no"
610984,"tag","Tag",193,"no"
627904,"illustration","SITS",193,"no"
627904,"illustration","SITS",193,"no"
627581,"tag","Tag",193,"no"
627717,"tag","Tag",193,"no"
627717,"illustration","SITS",193,"no"
611162,"tag","Tag",193,"no"
611162,"slogan","SITS",193,"no"
611162,"tag","Tag",193,"no"
611162,"tag","Tag",193,"no"
611162,"tag","Tag",193,"no"
611162,"tag","Tag",193,"no"
611162,"tag","Tag",193,"no"
140527,"tag","Tag",193,"no"
140528,"tag","Tag",193,"no"
140524,"tag","Tag",193,"no"
611162,"illustration","SITS",193,"no"
610691,"stencil","SITS",26,"no"
610691,"tag","Tag",26,"no"
610691,"tag","Tag",26,"no"
610691,"illustration","SITS",26,"no"
627793,"illustration","SITS",26,"no"
627793,"illustration","SITS",26,"no"
627793,"throw up","SITS",26,"no"
627793,"tag","Tag",26,"no"
627793,"tag","Tag",26,"no"
627793,"tag","Tag",26,"no"
140815,"tag","Tag",26,"no"
140754,"tag","Tag",26,"no"
140754,"tag","Tag",26,"no"
140754,"tag","Tag",26,"no"
140754,"illustration","SITS",26,"no"
140417,"tag","Tag",26,"no"
140417,"tag","Tag",26,"no"
140417,"throw up","SITS",26,"no"
140417,"tag","Tag",26,"no"
140417,"tag","Tag",26,"no"
140816,"slogan","SITS",26,"no"
140816,"tag","Tag",26,"no"
140816,"tag","Tag",26,"no"
140816,"tag","Tag",26,"no"
140753,"tag","Tag",26,"no"
140753,"tag","Tag",26,"no"
140752,"tag","Tag",26,"no"
140752,"illustration","SITS",26,"no"
140818,"other","Others",26,"no"
140818,"tag","Tag",26,"no"
610620,"tag","Tag",26,"no"
610620,"tag","Tag",26,"no"
610620,"illustration","SITS",26,"no"
610620,"slogan","SITS",26,"no"
610620,"tag","Tag",26,"no"
610620,"tag","Tag",26,"no"
610620,"tag","Tag",26,"no"
610620,"tag","Tag",26,"no"
140749,"tag","Tag",26,"no"
140749,"tag","Tag",26,"no"
140749,"illustration","SITS",26,"no"
140749,"illustration","SITS",26,"no"
610620,"slogan","SITS",26,"no"
140818,"tag","Tag",26,"no"
140816,"tag","Tag",26,"no"
140417,"tag","Tag",26,"no"
627793,"stencil","SITS",26,"no"
610691,"tag","Tag",26,"no"
145728,"tag","Tag",115,"no"
145728,"other","Others",115,"no"
145564,"tag","Tag",115,"no"
145564,"tag","Tag",115,"no"
145564,"tag","Tag",115,"no"
145564,"tag","Tag",115,"no"
145564,"tag","Tag",115,"no"
145564,"other","Others",115,"no"
145564,"tag","Tag",115,"no"
145564,"tag","Tag",115,"no"
145564,"tag","Tag",115,"no"
145576,"tag","Tag",115,"no"
145754,"tag","Tag",115,"no"
145584,"tag","Tag",115,"no"
145584,"tag","Tag",115,"no"
145584,"other","Others",115,"no"
145584,"tag","Tag",115,"no"
145774,"tag","Tag",115,"no"
145593,"other","Others",115,"no"
145768,"illustration","SITS",115,"no"
145768,"tag","Tag",115,"no"
145768,"tag","Tag",115,"no"
145755,"other","Others",115,"no"
140427,"tag","Tag",195,"no"
140427,"tag","Tag",195,"no"
140427,"illustration","SITS",195,"no"
140551,"illustration","SITS",195,"no"
140551,"tag","Tag",195,"no"
140551,"other","Others",195,"no"
140553,"stencil","SITS",195,"no"
140555,"tag","Tag",195,"no"
140555,"tag","Tag",195,"no"
140555,"tag","Tag",195,"no"
140555,"tag","Tag",195,"no"
140555,"illustration","SITS",195,"no"
140555,"illustration","SITS",195,"no"
140555,"tag","Tag",195,"no"
140555,"tag","Tag",195,"no"
140555,"tag","Tag",195,"yes"
140555,"tag","Tag",195,"no"
140555,"slogan","SITS",195,"no"
140555,"illustration","SITS",195,"no"
140555,"tag","Tag",195,"no"
140555,"tag","Tag",195,"no"
140555,"tag","Tag",195,"no"
140555,"tag","Tag",195,"no"
140555,"tag","Tag",195,"no"
140555,"tag","Tag",195,"no"
140555,"other","Others",195,"no"
140555,"other","Others",195,"no"
140555,"other","Others",195,"no"
140555,"other","Others",195,"no"
140555,"other","Others",195,"no"
140555,"other","Others",195,"no"
140555,"other","Others",195,"no"
140555,"other","Others",195,"no"
140555,"other","Others",195,"no"
140555,"other","Others",195,"no"
140555,"other","Others",195,"no"
140555,"other","Others",195,"no"
140555,"other","Others",195,"no"
140555,"other","Others",195,"yes"
140555,"other","Others",195,"no"
140555,"other","Others",195,"yes"
140555,"other","Others",195,"no"
140555,"other","Others",195,"no"
140555,"other","Others",195,"no"
140555,"other","Others",195,"no"
140555,"other","Others",195,"no"
140555,"other","Others",195,"no"
140555,"other","Others",195,"no"
140555,"other","Others",195,"no"
140555,"other","Others",195,"no"
140555,"other","Others",195,"no"
140555,"other","Others",195,"no"
140555,"other","Others",195,"no"
140555,"other","Others",195,"no"
140555,"other","Others",195,"no"
140555,"other","Others",195,"no"
140555,"other","Others",195,"no"
140555,"other","Others",195,"yes"
140555,"other","Others",195,"yes"
140555,"other","Others",195,"no"
140555,"other","Others",195,"no"
140555,"other","Others",195,"no"
140555,"other","Others",195,"no"
140555,"other","Others",195,"no"
140555,"other","Others",195,"yes"
140555,"other","Others",195,"yes"
140555,"other","Others",195,"yes"
140555,"other","Others",195,"yes"
140555,"other","Others",195,"no"
140555,"other","Others",195,"no"
140555,"other","Others",195,"no"
140555,"other","Others",195,"no"
140555,"other","Others",195,"no"
140555,"other","Others",195,"no"
140555,"other","Others",195,"no"
140555,"other","Others",195,"no"
140555,"other","Others",195,"no"
140555,"other","Others",195,"yes"
140555,"other","Others",195,"yes"
140555,"other","Others",195,"yes"
140555,"other","Others",195,"yes"
140555,"other","Others",195,"yes"
140555,"other","Others",195,"no"
140555,"other","Others",195,"no"
140555,"other","Others",195,"no"
140555,"other","Others",195,"no"
140555,"other","Others",195,"no"
140555,"tag","Tag",195,"no"
140555,"tag","Tag",195,"no"
140556,"tag","Tag",195,"no"
140556,"tag","Tag",195,"no"
140558,"tag","Tag",195,"no"
140558,"tag","Tag",195,"no"
140558,"tag","Tag",195,"no"
140558,"other","Others",195,"no"
140558,"slogan","SITS",195,"no"
140558,"other","Others",195,"no"
140558,"tag","Tag",195,"no"
140558,"tag","Tag",195,"no"
140558,"tag","Tag",195,"no"
140558,"tag","Tag",195,"no"
140558,"tag","Tag",195,"yes"
140558,"tag","Tag",195,"no"
140558,"tag","Tag",195,"no"
140558,"tag","Tag",195,"no"
140558,"tag","Tag",195,"no"
140558,"stencil","SITS",195,"no"
140558,"tag","Tag",195,"no"
140558,"tag","Tag",195,"no"
140558,"tag","Tag",195,"no"
140558,"tag","Tag",195,"no"
140558,"tag","Tag",195,"no"
140558,"tag","Tag",195,"no"
140558,"tag","Tag",195,"yes"
140558,"tag","Tag",195,"no"
140558,"tag","Tag",195,"no"
140558,"tag","Tag",195,"no"
140558,"other","Others",195,"no"
140558,"tag","Tag",195,"no"
140558,"tag","Tag",195,"no"
140909,"tag","Tag",195,"no"
140909,"illustration","SITS",195,"no"
140909,"other","Others",195,"no"
140909,"tag","Tag",195,"no"
140909,"tag","Tag",195,"no"
140909,"illustration","SITS",195,"no"
140909,"tag","Tag",195,"yes"
140909,"tag","Tag",195,"no"
140909,"slogan","SITS",195,"no"
140909,"tag","Tag",195,"no"
140909,"tag","Tag",195,"no"
140909,"tag","Tag",195,"no"
140909,"tag","Tag",195,"no"
140909,"tag","Tag",195,"no"
140909,"tag","Tag",195,"no"
140909,"tag","Tag",195,"no"
140909,"tag","Tag",195,"no"
140909,"tag","Tag",195,"no"
140909,"slogan","SITS",195,"no"
140909,"tag","Tag",195,"no"
140909,"tag","Tag",195,"no"
141100,"tag","Tag",195,"no"
141100,"tag","Tag",195,"no"
141100,"tag","Tag",195,"no"
141100,"tag","Tag",195,"no"
141100,"illustration","SITS",195,"no"
141100,"tag","Tag",195,"no"
141100,"illustration","SITS",195,"no"
141100,"tag","Tag",195,"no"
141149,"tag","Tag",195,"no"
141149,"tag","Tag",195,"no"
141149,"tag","Tag",195,"no"
141149,"tag","Tag",195,"no"
141149,"tag","Tag",195,"no"
141149,"tag","Tag",195,"no"
141149,"tag","Tag",195,"no"
141149,"tag","Tag",195,"no"
141149,"tag","Tag",195,"no"
141149,"stencil","SITS",195,"no"
141149,"tag","Tag",195,"no"
141149,"tag","Tag",195,"no"
141149,"tag","Tag",195,"no"
141149,"tag","Tag",195,"no"
141149,"tag","Tag",195,"no"
141149,"tag","Tag",195,"no"
141149,"throw up","SITS",195,"no"
141149,"tag","Tag",195,"yes"
141149,"tag","Tag",195,"no"
141149,"tag","Tag",195,"no"
141149,"tag","Tag",195,"no"
141149,"tag","Tag",195,"no"
141149,"tag","Tag",195,"no"
141149,"throw up","SITS",195,"no"
141149,"tag","Tag",195,"no"
141149,"tag","Tag",195,"no"
141149,"tag","Tag",195,"no"
141149,"tag","Tag",195,"no"
141149,"tag","Tag",195,"no"
141149,"tag","Tag",195,"no"
141149,"slogan","SITS",195,"no"
141149,"tag","Tag",195,"no"
141149,"illustration","SITS",195,"no"
141149,"tag","Tag",195,"no"
141149,"throw up","SITS",195,"no"
141149,"illustration","SITS",195,"no"
141149,"tag","Tag",195,"no"
141149,"tag","Tag",195,"no"
141149,"illustration","SITS",195,"no"
141149,"tag","Tag",195,"no"
141149,"tag","Tag",195,"no"
141149,"tag","Tag",195,"no"
141149,"tag","Tag",195,"no"
141149,"tag","Tag",195,"no"
141149,"tag","Tag",195,"no"
141149,"tag","Tag",195,"no"
141149,"masterpiece","Masterpiece",195,"no"
141149,"tag","Tag",195,"no"
141149,"slogan","SITS",195,"no"
610914,"tag","Tag",195,"no"
610914,"tag","Tag",195,"no"
610914,"tag","Tag",195,"no"
610914,"other","Others",195,"no"
610988,"tag","Tag",195,"no"
610988,"other","Others",195,"no"
610988,"tag","Tag",195,"no"
611120,"tag","Tag",195,"no"
611120,"tag","Tag",195,"no"
611120,"other","Others",195,"no"
611120,"illustration","SITS",195,"no"
611120,"tag","Tag",195,"yes"
611120,"tag","Tag",195,"no"
611120,"tag","Tag",195,"no"
611120,"slogan","SITS",195,"no"
611203,"throw up","SITS",195,"no"
611203,"illustration","SITS",195,"no"
611203,"other","Others",195,"yes"
611203,"other","Others",195,"no"
611203,"tag","Tag",195,"no"
611203,"tag","Tag",195,"no"
611203,"tag","Tag",195,"no"
611203,"tag","Tag",195,"no"
611203,"illustration","SITS",195,"yes"
611203,"tag","Tag",195,"no"
611203,"tag","Tag",195,"no"
611203,"tag","Tag",195,"no"
611203,"tag","Tag",195,"no"
611203,"other","Others",195,"no"
611203,"other","Others",195,"no"
611203,"other","Others",195,"no"
611203,"other","Others",195,"no"
611203,"other","Others",195,"no"
611203,"other","Others",195,"no"
611203,"other","Others",195,"no"
611203,"tag","Tag",195,"no"
611203,"stencil","SITS",195,"no"
611203,"tag","Tag",195,"no"
611203,"other","Others",195,"no"
611203,"other","Others",195,"no"
611203,"other","Others",195,"no"
611203,"other","Others",195,"no"
627811,"tag","Tag",195,"no"
627811,"stencil","SITS",195,"no"
627811,"illustration","SITS",195,"no"
627811,"masterpiece","Masterpiece",195,"no"
627811,"tag","Tag",195,"no"
627811,"illustration","SITS",195,"no"
627811,"stencil","SITS",195,"no"
627811,"tag","Tag",195,"no"
627811,"tag","Tag",195,"no"
627811,"tag","Tag",195,"no"
627811,"tag","Tag",195,"no"
627811,"tag","Tag",195,"no"
627811,"tag","Tag",195,"no"
627811,"tag","Tag",195,"no"
627811,"tag","Tag",195,"no"
627811,"tag","Tag",195,"no"
627811,"tag","Tag",195,"no"
627811,"tag","Tag",195,"no"
627811,"tag","Tag",195,"no"
627811,"tag","Tag",195,"no"
627811,"tag","Tag",195,"no"
627811,"tag","Tag",195,"no"
627811,"tag","Tag",195,"no"
627811,"slogan","SITS",195,"no"
627811,"tag","Tag",195,"no"
627811,"tag","Tag",195,"no"
627811,"tag","Tag",195,"no"
627811,"tag","Tag",195,"no"
627811,"illustration","SITS",195,"no"
627811,"tag","Tag",195,"no"
627811,"tag","Tag",195,"no"
627811,"tag","Tag",195,"no"
627811,"slogan","SITS",195,"no"
627811,"slogan","SITS",195,"no"
627811,"slogan","SITS",195,"no"
627811,"tag","Tag",195,"no"
536,"masterpiece","Masterpiece",80,"no"
536,"masterpiece","Masterpiece",80,"yes"
536,"tag","Tag",80,"yes"
536,"tag","Tag",80,"yes"
536,"slogan","SITS",80,"yes"
536,"tag","Tag",80,"no"
536,"tag","Tag",80,"no"
536,"tag","Tag",80,"no"
536,"tag","Tag",80,"no"
536,"tag","Tag",80,"no"
536,"tag","Tag",80,"yes"
536,"tag","Tag",80,"yes"
536,"tag","Tag",80,"yes"
536,"tag","Tag",80,"no"
536,"tag","Tag",80,"no"
536,"tag","Tag",80,"no"
536,"tag","Tag",80,"no"
536,"tag","Tag",80,"no"
536,"tag","Tag",80,"no"
536,"tag","Tag",80,"no"
536,"tag","Tag",80,"no"
536,"masterpiece","Masterpiece",80,"yes"
536,"tag","Tag",80,"no"
536,"tag","Tag",80,"yes"
536,"tag","Tag",80,"no"
536,"tag","Tag",80,"no"
536,"tag","Tag",80,"no"
536,"tag","Tag",80,"no"
536,"slogan","SITS",80,"yes"
536,"tag","Tag",80,"no"
536,"tag","Tag",80,"no"
536,"stencil","SITS",80,"no"
536,"tag","Tag",80,"no"
536,"tag","Tag",80,"yes"
536,"throw up","SITS",80,"no"
536,"slogan","SITS",80,"yes"
536,"tag","Tag",80,"yes"
536,"tag","Tag",80,"no"
536,"illustration","SITS",80,"no"
536,"tag","Tag",80,"no"
536,"slogan","SITS",80,"yes"
536,"tag","Tag",80,"no"
536,"tag","Tag",80,"no"
536,"throw up","SITS",80,"no"
536,"tag","Tag",80,"no"
536,"tag","Tag",80,"yes"
536,"illustration","SITS",80,"no"
536,"tag","Tag",80,"no"
536,"tag","Tag",80,"no"
536,"tag","Tag",80,"no"
536,"stencil","SITS",80,"no"
536,"tag","Tag",80,"no"
536,"slogan","SITS",80,"yes"
3762,"other","Others",80,"no"
3762,"tag","Tag",80,"no"
3762,"tag","Tag",80,"no"
3762,"tag","Tag",80,"no"
3762,"tag","Tag",80,"no"
3762,"illustration","SITS",80,"no"
3762,"slogan","SITS",80,"no"
3762,"tag","Tag",80,"no"
3762,"tag","Tag",80,"no"
3762,"tag","Tag",80,"no"
3762,"tag","Tag",80,"no"
3762,"illustration","SITS",80,"no"
3762,"tag","Tag",80,"no"
3763,"masterpiece","Masterpiece",80,"no"
3773,"other","Others",80,"no"
3773,"tag","Tag",80,"no"
4001,"tag","Tag",80,"no"
4001,"other","Others",80,"no"
4001,"tag","Tag",80,"no"
4001,"tag","Tag",80,"no"
4001,"tag","Tag",80,"no"
4001,"masterpiece","Masterpiece",80,"no"
4001,"tag","Tag",80,"no"
4001,"tag","Tag",80,"no"
4001,"other","Others",80,"no"
4001,"slogan","SITS",80,"no"
4001,"tag","Tag",80,"no"
4001,"tag","Tag",80,"no"
33883,"masterpiece","Masterpiece",80,"no"
33883,"tag","Tag",80,"no"
33883,"tag","Tag",80,"no"
33889,"tag","Tag",80,"no"
33927,"illustration","SITS",80,"no"
33927,"tag","Tag",80,"no"
34669,"tag","Tag",80,"no"
34669,"tag","Tag",80,"no"
34669,"slogan","SITS",80,"no"
34669,"tag","Tag",80,"no"
34669,"tag","Tag",80,"no"
140836,"other","Others",80,"no"
140836,"tag","Tag",80,"no"
140836,"other","Others",80,"no"
140836,"tag","Tag",80,"no"
140900,"slogan","SITS",80,"no"
140900,"tag","Tag",80,"no"
140900,"tag","Tag",80,"no"
140900,"tag","Tag",80,"no"
140900,"tag","Tag",80,"no"
140900,"tag","Tag",80,"no"
140900,"tag","Tag",80,"no"
140900,"other","Others",80,"no"
140900,"tag","Tag",80,"no"
140900,"illustration","SITS",80,"no"
140974,"other","Others",80,"no"
140974,"stencil","SITS",80,"no"
140974,"stencil","SITS",80,"no"
140974,"stencil","SITS",80,"no"
140974,"stencil","SITS",80,"no"
140974,"stencil","SITS",80,"no"
140974,"tag","Tag",80,"no"
140974,"slogan","SITS",80,"no"
141026,"tag","Tag",80,"no"
141026,"tag","Tag",80,"no"
141026,"tag","Tag",80,"no"
141026,"tag","Tag",80,"no"
141026,"tag","Tag",80,"no"
141026,"tag","Tag",80,"no"
141026,"other","Others",80,"no"
141085,"slogan","SITS",80,"no"
141085,"other","Others",80,"no"
141125,"tag","Tag",80,"no"
141125,"other","Others",80,"no"
141125,"other","Others",80,"no"
141125,"tag","Tag",80,"no"
141125,"tag","Tag",80,"no"
141125,"tag","Tag",80,"no"
141125,"tag","Tag",80,"no"
141125,"tag","Tag",80,"yes"
141125,"tag","Tag",80,"no"
141125,"tag","Tag",80,"no"
141125,"other","Others",80,"yes"
141125,"illustration","SITS",80,"no"
141125,"tag","Tag",80,"no"
141125,"illustration","SITS",80,"no"
141157,"tag","Tag",80,"no"
141157,"tag","Tag",80,"no"
141157,"tag","Tag",80,"no"
141157,"tag","Tag",80,"no"
141157,"slogan","SITS",80,"no"
141157,"tag","Tag",80,"no"
141157,"tag","Tag",80,"no"
141157,"tag","Tag",80,"no"
141157,"tag","Tag",80,"no"
141157,"tag","Tag",80,"no"
140498,"tag","Tag",196,"no"
140499,"tag","Tag",196,"no"
140499,"other","Others",196,"no"
140499,"other","Others",196,"no"
140499,"tag","Tag",196,"no"
140499,"tag","Tag",196,"no"
140499,"other","Others",196,"no"
140499,"tag","Tag",196,"no"
140499,"tag","Tag",196,"no"
140499,"tag","Tag",196,"no"
140499,"tag","Tag",196,"no"
140499,"tag","Tag",196,"no"
140499,"tag","Tag",196,"no"
140499,"illustration","SITS",196,"no"
140499,"tag","Tag",196,"no"
140499,"tag","Tag",196,"no"
140499,"tag","Tag",196,"no"
140499,"tag","Tag",196,"no"
140499,"tag","Tag",196,"no"
140499,"tag","Tag",196,"no"
140499,"tag","Tag",196,"yes"
140499,"tag","Tag",196,"no"
140499,"tag","Tag",196,"no"
140499,"tag","Tag",196,"no"
140499,"tag","Tag",196,"no"
140499,"illustration","SITS",196,"no"
140499,"slogan","SITS",196,"no"
140499,"tag","Tag",196,"no"
140499,"illustration","SITS",196,"no"
140499,"tag","Tag",196,"no"
140499,"tag","Tag",196,"no"
140499,"tag","Tag",196,"no"
140499,"illustration","SITS",196,"no"
140499,"tag","Tag",196,"no"
140499,"tag","Tag",196,"no"
140499,"tag","Tag",196,"yes"
140499,"tag","Tag",196,"no"
140499,"tag","Tag",196,"no"
140499,"tag","Tag",196,"no"
140499,"tag","Tag",196,"no"
140499,"tag","Tag",196,"yes"
140499,"tag","Tag",196,"no"
140499,"tag","Tag",196,"no"
140499,"tag","Tag",196,"no"
140499,"tag","Tag",196,"no"
140499,"tag","Tag",196,"no"
140499,"tag","Tag",196,"no"
140499,"tag","Tag",196,"no"
140499,"tag","Tag",196,"no"
140499,"tag","Tag",196,"no"
140499,"illustration","SITS",196,"no"
140444,"other","Others",196,"no"
140498,"other","Others",196,"no"
610678,"tag","Tag",196,"no"
610678,"tag","Tag",196,"no"
610678,"tag","Tag",196,"no"
610678,"tag","Tag",196,"no"
610678,"other","Others",196,"no"
610678,"tag","Tag",196,"no"
610678,"tag","Tag",196,"no"
610678,"tag","Tag",196,"no"
610678,"tag","Tag",196,"no"
610678,"tag","Tag",196,"no"
610678,"tag","Tag",196,"no"
610678,"slogan","SITS",196,"no"
610678,"slogan","SITS",196,"no"
610678,"slogan","SITS",196,"no"
610678,"tag","Tag",196,"no"
610678,"tag","Tag",196,"no"
610678,"tag","Tag",196,"no"
610678,"tag","Tag",196,"no"
610678,"tag","Tag",196,"no"
610678,"tag","Tag",196,"no"
610678,"tag","Tag",196,"no"
610678,"tag","Tag",196,"no"
610678,"tag","Tag",196,"no"
610678,"tag","Tag",196,"no"
610678,"tag","Tag",196,"no"
610678,"illustration","SITS",196,"no"
610678,"tag","Tag",196,"no"
610678,"tag","Tag",196,"no"
610678,"tag","Tag",196,"yes"
610678,"tag","Tag",196,"no"
610678,"tag","Tag",196,"no"
610678,"tag","Tag",196,"no"
610678,"tag","Tag",196,"no"
610678,"tag","Tag",196,"no"
610678,"tag","Tag",196,"no"
610678,"tag","Tag",196,"no"
610678,"tag","Tag",196,"no"
610678,"tag","Tag",196,"no"
610678,"tag","Tag",196,"no"
610678,"tag","Tag",196,"no"
610678,"illustration","SITS",196,"no"
610678,"tag","Tag",196,"no"
610678,"tag","Tag",196,"no"
610678,"tag","Tag",196,"no"
610678,"stencil","SITS",196,"no"
610678,"other","Others",196,"no"
358698,"illustration","SITS",196,"no"
358698,"tag","Tag",196,"no"
358698,"tag","Tag",196,"no"
358698,"tag","Tag",196,"no"
358698,"tag","Tag",196,"no"
358698,"tag","Tag",196,"no"
358698,"illustration","SITS",196,"no"
358698,"tag","Tag",196,"no"
358698,"tag","Tag",196,"no"
140791,"tag","Tag",196,"no"
140566,"illustration","SITS",196,"no"
140566,"tag","Tag",196,"no"
140566,"illustration","SITS",196,"no"
21681,"tag","Tag",196,"no"
21681,"tag","Tag",196,"no"
21681,"tag","Tag",196,"no"
140903,"tag","Tag",196,"no"
140903,"tag","Tag",196,"no"
611149,"tag","Tag",196,"no"
611149,"stencil","SITS",196,"no"
611149,"other","Others",196,"no"
611149,"other","Others",196,"no"
611149,"tag","Tag",196,"no"
611149,"tag","Tag",196,"no"
611149,"tag","Tag",196,"no"
611149,"tag","Tag",196,"no"
610678,"tag","Tag",196,"no"
610678,"tag","Tag",196,"no"
610678,"tag","Tag",196,"no"
140499,"tag","Tag",196,"no"
610678,"illustration","SITS",196,"no"
610678,"other","Others",196,"no"
610678,"tag","Tag",196,"no"
610678,"stencil","SITS",196,"no"
610678,"stencil","SITS",196,"no"
610678,"stencil","SITS",196,"no"
610678,"masterpiece","Masterpiece",196,"no"
610678,"masterpiece","Masterpiece",196,"no"
610678,"tag","Tag",196,"no"
140566,"tag","Tag",196,"no"
140566,"tag","Tag",196,"no"
21681,"other","Others",196,"no"
140835,"tag","Tag",196,"no"
140835,"tag","Tag",196,"no"
140835,"tag","Tag",196,"no"
140835,"tag","Tag",196,"no"
611149,"other","Others",196,"no"
140835,"tag","Tag",196,"no"
140819,"stencil","SITS",197,"no"
140819,"tag","Tag",197,"no"
140819,"tag","Tag",197,"no"
140819,"tag","Tag",197,"no"
140819,"tag","Tag",197,"no"
140819,"tag","Tag",197,"no"
140819,"tag","Tag",197,"no"
140819,"tag","Tag",197,"no"
140819,"tag","Tag",197,"no"
140819,"tag","Tag",197,"yes"
140819,"tag","Tag",197,"yes"
140819,"tag","Tag",197,"no"
140819,"illustration","SITS",197,"no"
358610,"tag","Tag",152,"no"
358610,"tag","Tag",152,"no"
358610,"other","Others",152,"no"
358610,"illustration","SITS",152,"no"
358610,"tag","Tag",152,"no"
358610,"tag","Tag",152,"no"
358610,"tag","Tag",152,"no"
358610,"other","Others",152,"no"
141573,"other","Others",152,"no"
141573,"other","Others",152,"no"
141573,"other","Others",152,"no"
141573,"other","Others",152,"no"
141573,"tag","Tag",152,"no"
141573,"tag","Tag",152,"no"
141573,"tag","Tag",152,"no"
141573,"tag","Tag",152,"no"
141573,"tag","Tag",152,"no"
141573,"tag","Tag",152,"no"
141573,"tag","Tag",152,"no"
141573,"tag","Tag",152,"no"
141573,"tag","Tag",152,"no"
141573,"tag","Tag",152,"no"
358611,"tag","Tag",152,"no"
358611,"tag","Tag",152,"no"
358611,"tag","Tag",152,"no"
358611,"other","Others",152,"no"
141536,"tag","Tag",152,"no"
627544,"tag","Tag",10,"no"
627544,"tag","Tag",10,"no"
627544,"tag","Tag",10,"no"
627544,"tag","Tag",10,"no"
627544,"tag","Tag",10,"no"
627544,"tag","Tag",10,"no"
627544,"tag","Tag",10,"no"
627544,"tag","Tag",10,"no"
627544,"tag","Tag",10,"no"
627544,"tag","Tag",10,"no"
627544,"tag","Tag",10,"no"
627544,"other","Others",10,"no"
143805,"tag","Tag",10,"no"
143805,"tag","Tag",10,"no"
143805,"tag","Tag",10,"no"
143805,"tag","Tag",10,"no"
143805,"tag","Tag",10,"no"
143805,"tag","Tag",10,"no"
143805,"tag","Tag",10,"no"
143805,"tag","Tag",10,"no"
143805,"tag","Tag",10,"no"
143805,"tag","Tag",10,"no"
143805,"tag","Tag",10,"no"
143805,"other","Others",10,"no"
144151,"tag","Tag",10,"no"
144151,"tag","Tag",10,"no"
144151,"tag","Tag",10,"no"
144151,"tag","Tag",10,"no"
144151,"tag","Tag",10,"no"
144151,"tag","Tag",10,"no"
144151,"other","Others",10,"no"
145719,"tag","Tag",10,"no"
145719,"tag","Tag",10,"no"
145719,"tag","Tag",10,"no"
145719,"tag","Tag",10,"no"
145719,"tag","Tag",10,"no"
145719,"tag","Tag",10,"no"
145719,"tag","Tag",10,"no"
145719,"tag","Tag",10,"no"
145719,"other","Others",10,"no"
144143,"tag","Tag",10,"no"
144143,"tag","Tag",10,"no"
144143,"tag","Tag",10,"no"
144143,"tag","Tag",10,"yes"
144143,"tag","Tag",10,"no"
144143,"tag","Tag",10,"no"
144143,"tag","Tag",10,"no"
144143,"tag","Tag",10,"yes"
144143,"tag","Tag",10,"no"
144143,"tag","Tag",10,"no"
144143,"tag","Tag",10,"no"
144143,"tag","Tag",10,"no"
144143,"tag","Tag",10,"no"
144143,"tag","Tag",10,"no"
144143,"tag","Tag",10,"yes"
144143,"tag","Tag",10,"no"
144143,"tag","Tag",10,"no"
144143,"throw up","SITS",10,"no"
144143,"tag","Tag",10,"no"
144143,"tag","Tag",10,"yes"
144143,"tag","Tag",10,"yes"
144143,"other","Others",10,"no"
144143,"illustration","SITS",10,"no"
144143,"other","Others",10,"no"
144143,"other","Others",10,"no"
144143,"tag","Tag",10,"no"
144143,"other","Others",10,"no"
144143,"other","Others",10,"no"
144143,"other","Others",10,"no"
144143,"other","Others",10,"no"
611200,"other","Others",10,"no"
611200,"tag","Tag",10,"no"
611200,"tag","Tag",10,"no"
611200,"illustration","SITS",10,"no"
611200,"illustration","SITS",10,"no"
611200,"illustration","SITS",10,"no"
611200,"tag","Tag",10,"no"
611200,"tag","Tag",10,"no"
611200,"other","Others",10,"no"
611200,"illustration","SITS",10,"no"
611200,"other","Others",10,"no"
611200,"other","Others",10,"no"
611200,"other","Others",10,"no"
611200,"other","Others",10,"no"
611200,"illustration","SITS",10,"no"
611200,"other","Others",10,"no"
611200,"other","Others",10,"no"
611200,"illustration","SITS",10,"no"
611200,"other","Others",10,"no"
611200,"tag","Tag",10,"no"
141619,"tag","Tag",23,"no"
141619,"tag","Tag",23,"no"
141619,"tag","Tag",23,"yes"
141619,"tag","Tag",23,"yes"
141619,"other","Others",23,"no"
141619,"tag","Tag",23,"yes"
141619,"tag","Tag",23,"no"
141619,"tag","Tag",23,"no"
21741,"tag","Tag",23,"no"
141244,"tag","Tag",23,"no"
141244,"tag","Tag",23,"no"
141244,"tag","Tag",23,"no"
141244,"tag","Tag",23,"no"
146520,"slogan","SITS",23,"no"
146520,"tag","Tag",23,"no"
146520,"tag","Tag",23,"no"
611188,"tag","Tag",23,"no"
611188,"other","Others",23,"no"
611188,"tag","Tag",23,"no"
611188,"other","Others",23,"no"
611188,"tag","Tag",23,"no"
611188,"tag","Tag",23,"no"
611188,"tag","Tag",23,"no"
611188,"tag","Tag",23,"no"
611188,"tag","Tag",23,"no"
611188,"throw up","SITS",23,"no"
611188,"tag","Tag",23,"yes"
611188,"tag","Tag",23,"no"
611188,"tag","Tag",23,"no"
611188,"other","Others",23,"no"
611188,"tag","Tag",23,"no"
611188,"tag","Tag",23,"no"
611188,"throw up","SITS",23,"no"
611188,"tag","Tag",23,"no"
611188,"tag","Tag",23,"no"
611188,"tag","Tag",23,"no"
611188,"tag","Tag",23,"no"
611188,"throw up","SITS",23,"no"
611188,"tag","Tag",23,"no"
611188,"tag","Tag",23,"no"
611188,"tag","Tag",23,"no"
611188,"tag","Tag",23,"no"
611188,"tag","Tag",23,"no"
611188,"tag","Tag",23,"no"
611188,"tag","Tag",23,"no"
611188,"tag","Tag",23,"no"
611188,"tag","Tag",23,"no"
611188,"tag","Tag",23,"no"
611188,"other","Others",23,"no"
611188,"tag","Tag",23,"no"
611188,"tag","Tag",23,"no"
611188,"other","Others",23,"no"
611188,"other","Others",23,"no"
611188,"tag","Tag",23,"no"
611188,"tag","Tag",23,"no"
611188,"other","Others",23,"no"
140887,"tag","Tag",23,"no"
140887,"tag","Tag",23,"no"
140887,"tag","Tag",23,"no"
140887,"tag","Tag",23,"no"
140887,"other","Others",23,"no"
140887,"tag","Tag",23,"no"
140887,"tag","Tag",23,"no"
140887,"tag","Tag",23,"no"
140887,"tag","Tag",23,"no"
140887,"tag","Tag",23,"no"
140963,"tag","Tag",23,"no"
140963,"tag","Tag",23,"no"
140963,"tag","Tag",23,"no"
140963,"tag","Tag",23,"no"
140963,"tag","Tag",23,"no"
140963,"other","Others",23,"no"
140963,"tag","Tag",23,"no"
140963,"tag","Tag",23,"no"
140963,"throw up","SITS",23,"no"
140963,"tag","Tag",23,"no"
140963,"tag","Tag",23,"no"
140963,"tag","Tag",23,"no"
140963,"tag","Tag",23,"no"
140963,"tag","Tag",23,"no"
140963,"tag","Tag",23,"no"
140963,"tag","Tag",23,"no"
140963,"tag","Tag",23,"no"
140963,"tag","Tag",23,"no"
140963,"tag","Tag",23,"no"
140963,"tag","Tag",23,"no"
140963,"other","Others",23,"no"
140963,"tag","Tag",23,"no"
140990,"other","Others",23,"no"
140990,"other","Others",23,"no"
140990,"tag","Tag",23,"no"
140990,"tag","Tag",23,"no"
140990,"other","Others",23,"no"
140990,"other","Others",23,"no"
140990,"other","Others",23,"no"
140990,"tag","Tag",23,"no"
140990,"other","Others",23,"no"
140990,"tag","Tag",23,"no"
140990,"tag","Tag",23,"no"
140990,"tag","Tag",23,"no"
140990,"tag","Tag",23,"no"
140990,"tag","Tag",23,"no"
140990,"tag","Tag",23,"no"
140990,"tag","Tag",23,"no"
140990,"tag","Tag",23,"no"
140990,"tag","Tag",23,"no"
140990,"tag","Tag",23,"no"
140990,"tag","Tag",23,"no"
140990,"tag","Tag",23,"no"
140990,"tag","Tag",23,"no"
140990,"tag","Tag",23,"no"
140990,"tag","Tag",23,"no"
140990,"tag","Tag",23,"no"
140990,"other","Others",23,"no"
140990,"tag","Tag",23,"no"
140990,"tag","Tag",23,"no"
140990,"tag","Tag",23,"no"
140990,"other","Others",23,"no"
140990,"tag","Tag",23,"no"
140990,"tag","Tag",23,"no"
140990,"tag","Tag",23,"no"
140990,"tag","Tag",23,"no"
140990,"tag","Tag",23,"no"
611160,"tag","Tag",194,"no"
611252,"other","Others",194,"no"
140440,"tag","Tag",194,"no"
140480,"illustration","SITS",194,"no"
140480,"tag","Tag",194,"no"
140480,"other","Others",194,"no"
140480,"other","Others",194,"no"
140441,"tag","Tag",194,"no"
140441,"other","Others",194,"no"
140549,"tag","Tag",194,"no"
140549,"tag","Tag",194,"no"
140549,"tag","Tag",194,"no"
140550,"illustration","SITS",194,"no"
140550,"tag","Tag",194,"no"
140550,"stencil","SITS",194,"no"
140550,"slogan","SITS",194,"no"
141394,"tag","Tag",194,"no"
141394,"slogan","SITS",194,"no"
141394,"tag","Tag",194,"no"
141394,"tag","Tag",194,"no"
141394,"slogan","SITS",194,"no"
141394,"tag","Tag",194,"no"
141394,"slogan","SITS",194,"no"
141394,"illustration","SITS",194,"no"
141394,"tag","Tag",194,"no"
141394,"tag","Tag",194,"no"
141394,"tag","Tag",194,"no"
141394,"tag","Tag",194,"no"
611160,"tag","Tag",194,"no"
140440,"illustration","SITS",194,"no"
611160,"other","Others",194,"no"
140547,"tag","Tag",194,"no"
140547,"slogan","SITS",194,"no"
358699,"other","Others",194,"no"
140557,"slogan","SITS",194,"no"
140550,"slogan","SITS",194,"no"
140550,"illustration","SITS",194,"no"
140557,"other","Others",194,"no"
140571,"tag","Tag",22,"no"
140571,"tag","Tag",22,"no"
140571,"tag","Tag",22,"no"
140571,"tag","Tag",22,"no"
140571,"slogan","SITS",22,"no"
610558,"tag","Tag",22,"no"
610558,"tag","Tag",22,"no"
140573,"tag","Tag",22,"no"
140576,"tag","Tag",22,"no"
140575,"tag","Tag",22,"no"
140575,"illustration","SITS",22,"no"
140575,"tag","Tag",22,"no"
140575,"tag","Tag",22,"no"
140575,"tag","Tag",22,"no"
140575,"other","Others",22,"no"
140575,"slogan","SITS",22,"no"
140575,"slogan","SITS",22,"yes"
140575,"tag","Tag",22,"no"
140575,"slogan","SITS",22,"no"
140575,"tag","Tag",22,"no"
140575,"tag","Tag",22,"no"
140575,"tag","Tag",22,"no"
140460,"tag","Tag",22,"no"
140460,"tag","Tag",22,"no"
140460,"tag","Tag",22,"no"
140460,"tag","Tag",22,"no"
140460,"tag","Tag",22,"no"
140460,"tag","Tag",22,"no"
140460,"slogan","SITS",22,"no"
140460,"tag","Tag",22,"no"
140460,"illustration","SITS",22,"no"
140460,"slogan","SITS",22,"no"
140460,"illustration","SITS",22,"no"
140460,"tag","Tag",22,"no"
140460,"masterpiece","Masterpiece",22,"no"
140460,"tag","Tag",22,"no"
140460,"illustration","SITS",22,"no"
140460,"masterpiece","Masterpiece",22,"no"
140460,"illustration","SITS",22,"no"
140460,"masterpiece","Masterpiece",22,"no"
140460,"illustration","SITS",22,"no"
140460,"tag","Tag",22,"no"
140460,"tag","Tag",22,"no"
140460,"tag","Tag",22,"no"
140460,"throw up","SITS",22,"no"
140460,"tag","Tag",22,"no"
358815,"tag","Tag",22,"no"
358815,"tag","Tag",22,"yes"
358815,"tag","Tag",22,"no"
358815,"tag","Tag",22,"no"
358815,"tag","Tag",22,"no"
358815,"tag","Tag",22,"no"
358815,"tag","Tag",22,"no"
358815,"tag","Tag",22,"no"
358815,"tag","Tag",22,"no"
358815,"tag","Tag",22,"yes"
358815,"tag","Tag",22,"no"
358815,"tag","Tag",22,"no"
358815,"tag","Tag",22,"no"
358815,"tag","Tag",22,"no"
358815,"tag","Tag",22,"no"
358815,"tag","Tag",22,"no"
358815,"tag","Tag",22,"no"
358815,"tag","Tag",22,"no"
358815,"tag","Tag",22,"no"
358815,"tag","Tag",22,"no"
358815,"tag","Tag",22,"no"
358815,"tag","Tag",22,"no"
358815,"tag","Tag",22,"no"
358815,"tag","Tag",22,"no"
358815,"other","Others",22,"no"
358815,"tag","Tag",22,"no"
358815,"tag","Tag",22,"no"
358815,"tag","Tag",22,"no"
358815,"tag","Tag",22,"no"
358815,"tag","Tag",22,"no"
611134,"other","Others",22,"no"
611134,"other","Others",22,"no"
145708,"other","Others",22,"no"
145708,"other","Others",22,"no"
145708,"tag","Tag",22,"yes"
145708,"other","Others",22,"no"
145708,"tag","Tag",22,"no"
145708,"other","Others",22,"no"
145708,"other","Others",22,"no"
140484,"other","Others",22,"no"
140484,"tag","Tag",22,"no"
140484,"other","Others",22,"no"
141217,"illustration","SITS",83,"no"
141476,"tag","Tag",83,"no"
141476,"other","Others",83,"no"
141476,"tag","Tag",83,"no"
21699,"tag","Tag",83,"no"
21699,"tag","Tag",83,"no"
21699,"tag","Tag",83,"no"
21699,"tag","Tag",83,"no"
21699,"tag","Tag",83,"no"
21699,"tag","Tag",83,"no"
21699,"tag","Tag",83,"no"
21699,"slogan","SITS",83,"no"
21699,"slogan","SITS",83,"no"
21699,"slogan","SITS",83,"no"
21699,"tag","Tag",83,"no"
21699,"throw up","SITS",83,"yes"
21699,"tag","Tag",83,"no"
21699,"tag","Tag",83,"no"
21699,"tag","Tag",83,"no"
21699,"throw up","SITS",83,"yes"
21699,"tag","Tag",83,"yes"
21699,"illustration","SITS",83,"no"
21699,"tag","Tag",83,"yes"
21699,"tag","Tag",83,"yes"
21699,"illustration","SITS",83,"yes"
21699,"slogan","SITS",83,"yes"
21699,"illustration","SITS",83,"no"
21699,"illustration","SITS",83,"no"
21699,"tag","Tag",83,"yes"
21699,"tag","Tag",83,"no"
21699,"masterpiece","Masterpiece",83,"yes"
21699,"tag","Tag",83,"yes"
21699,"masterpiece","Masterpiece",83,"no"
21699,"tag","Tag",83,"yes"
21699,"throw up","SITS",83,"yes"
21699,"masterpiece","Masterpiece",83,"yes"
21699,"slogan","SITS",83,"no"
21699,"illustration","SITS",83,"yes"
21699,"other","Others",83,"yes"
21699,"illustration","SITS",83,"no"
21699,"masterpiece","Masterpiece",83,"yes"
21699,"masterpiece","Masterpiece",83,"no"
21699,"tag","Tag",83,"no"
21699,"masterpiece","Masterpiece",83,"no"
21699,"throw up","SITS",83,"no"
21699,"tag","Tag",83,"no"
21699,"tag","Tag",83,"yes"
21699,"slogan","SITS",83,"yes"
21699,"tag","Tag",83,"yes"
21699,"illustration","SITS",83,"yes"
21699,"tag","Tag",83,"no"
21699,"illustration","SITS",83,"no"
21699,"tag","Tag",83,"yes"
21699,"tag","Tag",83,"no"
21699,"masterpiece","Masterpiece",83,"no"
21699,"masterpiece","Masterpiece",83,"no"
21699,"masterpiece","Masterpiece",83,"yes"
141577,"slogan","SITS",83,"no"
141577,"other","Others",83,"no"
141577,"other","Others",83,"no"
141577,"other","Others",83,"no"
141577,"other","Others",83,"no"
141577,"tag","Tag",83,"no"
141577,"tag","Tag",83,"no"
141577,"tag","Tag",83,"no"
610942,"other","Others",83,"no"
610942,"other","Others",83,"no"
610942,"other","Others",83,"no"
141589,"tag","Tag",83,"no"
141589,"tag","Tag",83,"no"
141589,"other","Others",83,"no"
141589,"illustration","SITS",83,"no"
141589,"illustration","SITS",83,"no"
141589,"illustration","SITS",83,"no"
141217,"illustration","SITS",83,"no"
21699,"tag","Tag",83,"no"
21699,"tag","Tag",83,"no"
21699,"tag","Tag",83,"no"
21699,"tag","Tag",83,"yes"
21699,"tag","Tag",83,"no"
21699,"tag","Tag",83,"no"
21699,"tag","Tag",83,"yes"
610942,"tag","Tag",83,"no"
610942,"tag","Tag",83,"no"
610942,"tag","Tag",83,"no"
141589,"illustration","SITS",83,"no"
141589,"illustration","SITS",83,"no"
141589,"illustration","SITS",83,"no"
141589,"illustration","SITS",83,"no"
141589,"tag","Tag",83,"no"
610942,"tag","Tag",83,"no"
610942,"illustration","SITS",83,"no"
610942,"tag","Tag",83,"no"
610942,"tag","Tag",83,"no"
141589,"tag","Tag",83,"no"
141464,"illustration","SITS",198,"no"
141164,"tag","Tag",198,"no"
141164,"tag","Tag",198,"no"
141164,"tag","Tag",198,"no"
141164,"other","Others",198,"no"
141164,"other","Others",198,"no"
141164,"tag","Tag",198,"no"
141164,"tag","Tag",198,"no"
141164,"tag","Tag",198,"no"
141164,"tag","Tag",198,"yes"
141164,"tag","Tag",198,"yes"
141164,"tag","Tag",198,"no"
141164,"tag","Tag",198,"no"
141164,"tag","Tag",198,"no"
141164,"tag","Tag",198,"no"
627526,"tag","Tag",198,"no"
627526,"tag","Tag",198,"no"
627526,"tag","Tag",198,"no"
627526,"other","Others",198,"no"
627526,"illustration","SITS",198,"no"
627526,"tag","Tag",198,"no"
627526,"tag","Tag",198,"no"
627526,"tag","Tag",198,"no"
627526,"tag","Tag",198,"no"
627526,"tag","Tag",198,"no"
627526,"other","Others",198,"no"
627526,"tag","Tag",198,"no"
627526,"tag","Tag",198,"no"
627526,"tag","Tag",198,"no"
627526,"throw up","SITS",198,"no"
627526,"tag","Tag",198,"no"
627526,"tag","Tag",198,"no"
627868,"slogan","SITS",198,"no"
627868,"tag","Tag",198,"no"
627868,"tag","Tag",198,"no"
627868,"tag","Tag",198,"yes"
627868,"other","Others",198,"no"
627868,"tag","Tag",198,"no"
627868,"tag","Tag",198,"no"
627868,"tag","Tag",198,"no"
627868,"tag","Tag",198,"no"
627868,"tag","Tag",198,"no"
627868,"tag","Tag",198,"no"
627868,"tag","Tag",198,"no"
627868,"other","Others",198,"no"
627868,"tag","Tag",198,"no"
627868,"tag","Tag",198,"no"
627868,"tag","Tag",198,"no"
627868,"tag","Tag",198,"no"
627868,"illustration","SITS",198,"no"
627868,"other","Others",198,"no"
627868,"tag","Tag",198,"no"
627868,"tag","Tag",198,"no"
627868,"tag","Tag",198,"no"
627868,"tag","Tag",198,"no"
627868,"tag","Tag",198,"no"
627868,"tag","Tag",198,"no"
627868,"slogan","SITS",198,"no"
627868,"tag","Tag",198,"no"
627868,"tag","Tag",198,"no"
627868,"tag","Tag",198,"no"
627868,"other","Others",198,"no"
627868,"tag","Tag",198,"no"
627868,"tag","Tag",198,"no"
627868,"tag","Tag",198,"no"
627868,"tag","Tag",198,"no"
627868,"tag","Tag",198,"yes"
627868,"tag","Tag",198,"no"
627868,"tag","Tag",198,"no"
627868,"tag","Tag",198,"no"
627868,"tag","Tag",198,"no"
627868,"tag","Tag",198,"no"
627868,"throw up","SITS",198,"no"
627868,"tag","Tag",198,"no"
627868,"tag","Tag",198,"no"
627868,"tag","Tag",198,"yes"
627868,"throw up","SITS",198,"yes"
627868,"tag","Tag",198,"yes"
627868,"tag","Tag",198,"yes"
627868,"tag","Tag",198,"no"
627868,"illustration","SITS",198,"yes"
627868,"tag","Tag",198,"no"
627868,"tag","Tag",198,"yes"
627868,"tag","Tag",198,"yes"
627868,"tag","Tag",198,"no"
627868,"throw up","SITS",198,"yes"
627868,"tag","Tag",198,"no"
627868,"tag","Tag",198,"no"
140934,"tag","Tag",75,"no"
140984,"tag","Tag",75,"no"
140984,"tag","Tag",75,"no"
140984,"tag","Tag",75,"no"
140984,"slogan","SITS",75,"no"
140984,"tag","Tag",75,"no"
140984,"tag","Tag",75,"no"
140984,"tag","Tag",75,"no"
140984,"tag","Tag",75,"no"
140984,"tag","Tag",75,"no"
140984,"tag","Tag",75,"no"
140984,"tag","Tag",75,"yes"
140984,"tag","Tag",75,"yes"
140984,"slogan","SITS",75,"yes"
140984,"tag","Tag",75,"no"
140984,"illustration","SITS",75,"no"
140984,"tag","Tag",75,"no"
140984,"slogan","SITS",75,"no"
140984,"illustration","SITS",75,"no"
140984,"tag","Tag",75,"no"
140984,"throw up","SITS",75,"yes"
140984,"tag","Tag",75,"no"
140984,"tag","Tag",75,"no"
140984,"tag","Tag",75,"no"
140984,"tag","Tag",75,"no"
140984,"tag","Tag",75,"no"
140984,"tag","Tag",75,"no"
140984,"tag","Tag",75,"no"
140984,"tag","Tag",75,"no"
140933,"tag","Tag",75,"no"
140933,"tag","Tag",75,"no"
140933,"throw up","SITS",75,"no"
140933,"tag","Tag",75,"no"
140933,"tag","Tag",75,"no"
140933,"tag","Tag",75,"no"
140933,"tag","Tag",75,"no"
141020,"tag","Tag",75,"no"
141020,"illustration","SITS",75,"no"
141020,"other","Others",75,"no"
141020,"other","Others",75,"no"
141043,"tag","Tag",75,"no"
141043,"tag","Tag",75,"yes"
141043,"illustration","SITS",75,"no"
611224,"other","Others",75,"no"
611224,"tag","Tag",75,"no"
611224,"other","Others",75,"no"
611224,"other","Others",75,"no"
141979,"tag","Tag",75,"no"
141979,"throw up","SITS",75,"no"
141979,"tag","Tag",75,"no"
141979,"tag","Tag",75,"no"
141979,"tag","Tag",75,"no"
141979,"tag","Tag",75,"no"
141979,"tag","Tag",75,"yes"
141979,"tag","Tag",75,"no"
141979,"tag","Tag",75,"no"
141979,"tag","Tag",75,"no"
141979,"tag","Tag",75,"no"
141979,"tag","Tag",75,"no"
141979,"tag","Tag",75,"no"
141709,"tag","Tag",75,"no"
141709,"slogan","SITS",75,"no"
141709,"slogan","SITS",75,"no"
141709,"tag","Tag",75,"no"
141709,"other","Others",75,"no"
3972,"tag","Tag",8,"no"
3972,"tag","Tag",8,"no"
3972,"other","Others",8,"no"
3972,"tag","Tag",8,"no"
3972,"tag","Tag",8,"no"
3972,"other","Others",8,"no"
3972,"tag","Tag",8,"no"
3972,"tag","Tag",8,"no"
3972,"tag","Tag",8,"no"
3972,"tag","Tag",8,"no"
3972,"tag","Tag",8,"no"
3972,"other","Others",8,"no"
3972,"other","Others",8,"no"
3972,"tag","Tag",8,"no"
3972,"other","Others",8,"no"
3972,"slogan","SITS",8,"no"
3972,"slogan","SITS",8,"no"
3972,"tag","Tag",8,"no"
3972,"tag","Tag",8,"no"
3972,"other","Others",8,"no"
3972,"slogan","SITS",8,"no"
3979,"other","Others",8,"no"
3979,"tag","Tag",8,"no"
3979,"tag","Tag",8,"no"
3979,"illustration","SITS",8,"no"
3979,"other","Others",8,"no"
3979,"other","Others",8,"no"
3979,"slogan","SITS",8,"no"
3979,"tag","Tag",8,"no"
4000,"other","Others",8,"no"
4000,"illustration","SITS",8,"no"
4000,"illustration","SITS",8,"no"
4000,"slogan","SITS",8,"no"
4000,"tag","Tag",8,"no"
4000,"tag","Tag",8,"no"
4000,"tag","Tag",8,"yes"
4000,"tag","Tag",8,"yes"
4000,"tag","Tag",8,"no"
4000,"tag","Tag",8,"no"
4000,"tag","Tag",8,"no"
4000,"tag","Tag",8,"no"
4000,"tag","Tag",8,"no"
4000,"tag","Tag",8,"no"
4000,"tag","Tag",8,"no"
4000,"tag","Tag",8,"no"
4000,"tag","Tag",8,"no"
4000,"illustration","SITS",8,"no"
4000,"tag","Tag",8,"no"
4000,"tag","Tag",8,"no"
4000,"illustration","SITS",8,"no"
4000,"other","Others",8,"no"
4000,"tag","Tag",8,"no"
4000,"tag","Tag",8,"no"
33919,"tag","Tag",8,"no"
33919,"other","Others",8,"no"
33919,"tag","Tag",8,"no"
33919,"tag","Tag",8,"yes"
33919,"tag","Tag",8,"yes"
33919,"tag","Tag",8,"no"
33919,"illustration","SITS",8,"no"
33919,"tag","Tag",8,"no"
33919,"tag","Tag",8,"no"
33919,"slogan","SITS",8,"no"
33919,"tag","Tag",8,"no"
33919,"tag","Tag",8,"no"
33919,"tag","Tag",8,"no"
33919,"illustration","SITS",8,"no"
33919,"tag","Tag",8,"no"
33919,"tag","Tag",8,"no"
33919,"tag","Tag",8,"no"
33919,"slogan","SITS",8,"no"
33919,"other","Others",8,"no"
33919,"tag","Tag",8,"no"
33919,"other","Others",8,"no"
33919,"slogan","SITS",8,"no"
33919,"tag","Tag",8,"no"
33919,"tag","Tag",8,"no"
3790,"tag","Tag",8,"no"
3790,"tag","Tag",8,"no"
3790,"tag","Tag",8,"no"
114867,"tag","Tag",8,"no"
114867,"tag","Tag",8,"no"
3990,"other","Others",8,"no"
3990,"stencil","SITS",8,"no"
3990,"other","Others",8,"no"
3990,"tag","Tag",8,"no"
3990,"illustration","SITS",8,"no"
3964,"stencil","SITS",8,"no"
3964,"tag","Tag",8,"no"
3964,"other","Others",8,"no"
3964,"tag","Tag",8,"no"
3964,"tag","Tag",8,"no"
559475,"tag","Tag",8,"no"
559475,"tag","Tag",8,"no"
559475,"tag","Tag",8,"no"
559475,"tag","Tag",8,"no"
559475,"tag","Tag",8,"no"
627892,"other","Others",8,"no"
627892,"tag","Tag",8,"no"
627892,"tag","Tag",8,"no"
627892,"tag","Tag",8,"no"
627892,"tag","Tag",8,"no"
627892,"tag","Tag",8,"no"
627892,"tag","Tag",8,"no"
627892,"tag","Tag",8,"no"
627892,"tag","Tag",8,"no"
627892,"other","Others",8,"no"
3974,"illustration","SITS",8,"no"
90559,"tag","Tag",8,"no"
90559,"tag","Tag",8,"no"
90559,"tag","Tag",8,"no"
90562,"tag","Tag",8,"no"
90562,"slogan","SITS",8,"no"
90562,"other","Others",8,"no"
90562,"illustration","SITS",8,"no"
90562,"illustration","SITS",8,"no"
90562,"other","Others",8,"no"
90562,"tag","Tag",8,"no"
141388,"other","Others",168,"no"
141388,"tag","Tag",168,"no"
141388,"other","Others",168,"no"
141388,"other","Others",168,"no"
141388,"tag","Tag",168,"no"
141353,"other","Others",169,"no"
141353,"other","Others",169,"no"
141353,"other","Others",169,"no"
141353,"other","Others",169,"no"
141353,"other","Others",169,"no"
141353,"other","Others",169,"no"
141436,"tag","Tag",168,"no"
141436,"slogan","SITS",168,"no"
141436,"other","Others",168,"no"
141436,"other","Others",168,"no"
141436,"other","Others",168,"no"
141436,"other","Others",168,"no"
141436,"other","Others",168,"no"
141436,"other","Others",168,"no"
141436,"tag","Tag",168,"no"
141436,"other","Others",168,"no"
141225,"other","Others",168,"no"
141225,"illustration","SITS",168,"no"
141225,"other","Others",168,"no"
141225,"other","Others",168,"no"
141225,"tag","Tag",168,"no"
141225,"tag","Tag",168,"no"
141225,"stencil","SITS",168,"no"
141225,"other","Others",168,"no"
141225,"throw up","SITS",168,"no"
141225,"tag","Tag",168,"no"
141225,"other","Others",168,"no"
141225,"other","Others",168,"no"
141225,"other","Others",168,"no"
141225,"tag","Tag",168,"no"
141225,"throw up","SITS",168,"no"
141225,"other","Others",168,"no"
141225,"other","Others",168,"no"
141225,"other","Others",168,"no"
141225,"other","Others",168,"no"
141225,"other","Others",168,"no"
141225,"other","Others",168,"no"
141225,"tag","Tag",168,"no"
141225,"other","Others",168,"no"
141225,"other","Others",168,"no"
141225,"other","Others",168,"no"
141225,"other","Others",168,"no"
141225,"other","Others",168,"no"
141225,"other","Others",168,"no"
141225,"other","Others",168,"no"
141225,"other","Others",168,"no"
141225,"tag","Tag",168,"no"
141225,"other","Others",168,"no"
141225,"other","Others",168,"no"
141225,"other","Others",168,"no"
141225,"tag","Tag",168,"no"
141225,"other","Others",168,"no"
141225,"other","Others",168,"no"
141225,"other","Others",168,"no"
141225,"other","Others",168,"no"
141225,"other","Others",168,"no"
141225,"other","Others",168,"no"
141225,"other","Others",168,"no"
141225,"other","Others",168,"no"
141225,"other","Others",168,"no"
141225,"other","Others",168,"no"
141225,"other","Others",168,"no"
141225,"other","Others",168,"no"
141225,"other","Others",168,"no"
141225,"other","Others",168,"no"
141567,"other","Others",168,"no"
141567,"other","Others",168,"no"
141567,"other","Others",168,"no"
141567,"other","Others",168,"no"
141567,"other","Others",168,"no"
141567,"other","Others",168,"no"
141567,"slogan","SITS",168,"no"
141567,"other","Others",168,"no"
141549,"stencil","SITS",168,"no"
141549,"other","Others",168,"no"
141549,"other","Others",168,"no"
141549,"other","Others",168,"no"
141549,"other","Others",168,"no"
141549,"other","Others",168,"no"
141549,"other","Others",168,"no"
141575,"other","Others",168,"no"
141575,"other","Others",168,"no"
141575,"other","Others",168,"no"
141535,"tag","Tag",168,"no"
141535,"other","Others",168,"no"
141535,"tag","Tag",168,"no"
141535,"other","Others",168,"no"
141535,"other","Others",168,"no"
141535,"tag","Tag",168,"no"
141535,"slogan","SITS",168,"no"
141535,"other","Others",168,"no"
141535,"other","Others",168,"no"
141535,"slogan","SITS",168,"no"
141535,"other","Others",168,"no"
141535,"other","Others",168,"no"
141522,"tag","Tag",168,"no"
141522,"tag","Tag",168,"no"
141522,"tag","Tag",168,"no"
141522,"other","Others",168,"no"
141522,"tag","Tag",168,"no"
141522,"other","Others",168,"no"
141522,"tag","Tag",168,"no"
141522,"tag","Tag",168,"no"
141522,"tag","Tag",168,"no"
141522,"tag","Tag",168,"no"
141522,"other","Others",168,"no"
141522,"other","Others",168,"no"
141522,"other","Others",168,"no"
141522,"tag","Tag",168,"no"
141522,"tag","Tag",168,"no"
141522,"other","Others",168,"no"
141522,"other","Others",168,"no"
141522,"tag","Tag",168,"no"
141522,"other","Others",168,"no"
141522,"other","Others",168,"no"
141522,"other","Others",168,"no"
141545,"other","Others",168,"no"
141545,"other","Others",168,"no"
141545,"other","Others",168,"no"
358557,"other","Others",168,"no"
358557,"other","Others",168,"no"
610996,"tag","Tag",164,"no"
610996,"slogan","SITS",164,"no"
610996,"tag","Tag",164,"no"
610996,"tag","Tag",164,"no"
610996,"tag","Tag",164,"no"
610996,"tag","Tag",164,"no"
610996,"tag","Tag",164,"no"
610996,"slogan","SITS",164,"no"
610996,"tag","Tag",164,"no"
610996,"tag","Tag",164,"no"
610996,"tag","Tag",164,"no"
610996,"tag","Tag",164,"no"
610996,"tag","Tag",164,"no"
610996,"tag","Tag",164,"no"
610996,"tag","Tag",164,"no"
610996,"tag","Tag",164,"no"
610996,"tag","Tag",164,"no"
610996,"tag","Tag",164,"no"
610996,"tag","Tag",164,"no"
610996,"tag","Tag",164,"no"
610996,"slogan","SITS",164,"no"
610996,"tag","Tag",164,"no"
610996,"tag","Tag",164,"no"
21593,"tag","Tag",164,"no"
21593,"stencil","SITS",164,"no"
21593,"tag","Tag",164,"no"
21593,"stencil","SITS",164,"no"
21593,"tag","Tag",164,"no"
21593,"tag","Tag",164,"no"
358684,"tag","Tag",164,"no"
358684,"tag","Tag",164,"no"
358684,"stencil","SITS",164,"no"
358684,"other","Others",164,"no"
358684,"slogan","SITS",164,"no"
358684,"illustration","SITS",164,"no"
358684,"tag","Tag",164,"no"
358684,"tag","Tag",164,"no"
358684,"tag","Tag",164,"no"
358684,"tag","Tag",164,"no"
141080,"tag","Tag",164,"no"
140992,"throw up","SITS",164,"no"
140992,"throw up","SITS",164,"no"
140992,"throw up","SITS",164,"no"
140992,"tag","Tag",164,"no"
140992,"tag","Tag",164,"no"
140992,"tag","Tag",164,"no"
140992,"slogan","SITS",164,"yes"
140992,"tag","Tag",164,"no"
141113,"tag","Tag",164,"yes"
141113,"masterpiece","Masterpiece",164,"no"
141113,"other","Others",164,"no"
141113,"tag","Tag",164,"no"
141113,"throw up","SITS",164,"no"
141113,"tag","Tag",164,"no"
141113,"tag","Tag",164,"no"
141113,"tag","Tag",164,"no"
141113,"tag","Tag",164,"no"
141113,"tag","Tag",164,"yes"
141113,"tag","Tag",164,"yes"
141113,"tag","Tag",164,"yes"
141113,"tag","Tag",164,"yes"
141113,"tag","Tag",164,"no"
141113,"tag","Tag",164,"no"
141113,"tag","Tag",164,"no"
141113,"tag","Tag",164,"no"
141113,"throw up","SITS",164,"yes"
141113,"tag","Tag",164,"yes"
141113,"stencil","SITS",164,"no"
141113,"tag","Tag",164,"no"
141113,"tag","Tag",164,"no"
141113,"tag","Tag",164,"no"
141113,"tag","Tag",164,"no"
141113,"tag","Tag",164,"no"
141113,"tag","Tag",164,"no"
141113,"tag","Tag",164,"no"
141113,"tag","Tag",164,"no"
141094,"tag","Tag",164,"no"
141094,"tag","Tag",164,"no"
141094,"tag","Tag",164,"no"
141094,"tag","Tag",164,"no"
141094,"tag","Tag",164,"no"
141094,"tag","Tag",164,"no"
141094,"tag","Tag",164,"no"
141094,"tag","Tag",164,"no"
141094,"tag","Tag",164,"no"
141094,"tag","Tag",164,"no"
141094,"tag","Tag",164,"no"
141094,"stencil","SITS",164,"no"
141094,"illustration","SITS",164,"no"
141094,"tag","Tag",164,"no"
141094,"tag","Tag",164,"no"
141094,"other","Others",164,"no"
140870,"tag","Tag",164,"no"
140870,"tag","Tag",164,"no"
140870,"tag","Tag",164,"no"
140870,"tag","Tag",164,"no"
140870,"tag","Tag",164,"no"
140870,"throw up","SITS",164,"no"
140870,"tag","Tag",164,"no"
140870,"tag","Tag",164,"no"
140870,"slogan","SITS",164,"no"
140870,"tag","Tag",164,"no"
140870,"tag","Tag",164,"no"
140870,"tag","Tag",164,"no"
140870,"tag","Tag",164,"no"
140870,"tag","Tag",164,"no"
140870,"tag","Tag",164,"no"
140870,"tag","Tag",164,"no"
140870,"tag","Tag",164,"no"
140870,"tag","Tag",164,"no"
141072,"tag","Tag",164,"no"
140889,"illustration","SITS",164,"no"
140889,"tag","Tag",164,"no"
140889,"tag","Tag",164,"no"
140889,"tag","Tag",164,"no"
140889,"tag","Tag",164,"no"
140889,"tag","Tag",164,"no"
140889,"tag","Tag",164,"no"
140889,"tag","Tag",164,"no"
140889,"tag","Tag",164,"no"
140889,"tag","Tag",164,"no"
140889,"tag","Tag",164,"no"
140889,"tag","Tag",164,"no"
140889,"tag","Tag",164,"no"
140889,"tag","Tag",164,"no"
140889,"tag","Tag",164,"no"
140889,"tag","Tag",164,"no"
140889,"tag","Tag",164,"no"
140889,"tag","Tag",164,"no"
140889,"tag","Tag",164,"no"
140889,"tag","Tag",164,"no"
141046,"tag","Tag",164,"no"
611231,"tag","Tag",164,"no"
611231,"tag","Tag",164,"no"
611231,"illustration","SITS",164,"no"
611231,"tag","Tag",164,"no"
611231,"tag","Tag",164,"no"
611231,"tag","Tag",164,"no"
611231,"tag","Tag",164,"no"
611231,"tag","Tag",164,"no"
611231,"tag","Tag",164,"no"
611231,"tag","Tag",164,"no"
611231,"tag","Tag",164,"no"
611231,"tag","Tag",164,"no"
611231,"tag","Tag",164,"no"
611219,"tag","Tag",164,"no"
611219,"tag","Tag",164,"no"
611219,"tag","Tag",164,"no"
611219,"tag","Tag",164,"no"
611219,"tag","Tag",164,"no"
611219,"tag","Tag",164,"no"
611219,"tag","Tag",164,"no"
611219,"tag","Tag",164,"no"
611219,"tag","Tag",164,"no"
611219,"tag","Tag",164,"no"
611219,"tag","Tag",164,"no"
611219,"tag","Tag",164,"yes"
611219,"tag","Tag",164,"yes"
611219,"tag","Tag",164,"no"
611219,"tag","Tag",164,"no"
611219,"tag","Tag",164,"no"
611219,"tag","Tag",164,"no"
611219,"throw up","SITS",164,"no"
611219,"throw up","SITS",164,"no"
611219,"illustration","SITS",164,"no"
611219,"tag","Tag",164,"no"
611219,"illustration","SITS",164,"yes"
611219,"tag","Tag",164,"yes"
611186,"tag","Tag",164,"no"
611186,"stencil","SITS",164,"no"
141106,"tag","Tag",164,"no"
141106,"throw up","SITS",164,"no"
141106,"tag","Tag",164,"no"
141106,"slogan","SITS",164,"no"
141106,"tag","Tag",164,"no"
141106,"tag","Tag",164,"no"
141106,"tag","Tag",164,"no"
141106,"tag","Tag",164,"no"
141106,"tag","Tag",164,"no"
141106,"tag","Tag",164,"no"
141106,"tag","Tag",164,"no"
141106,"tag","Tag",164,"no"
141106,"tag","Tag",164,"no"
141106,"tag","Tag",164,"no"
141106,"tag","Tag",164,"no"
141106,"stencil","SITS",164,"no"
141106,"tag","Tag",164,"no"
141106,"tag","Tag",164,"no"
141106,"tag","Tag",164,"no"
141106,"tag","Tag",164,"no"
141106,"tag","Tag",164,"no"
141106,"tag","Tag",164,"no"
141106,"tag","Tag",164,"no"
141106,"tag","Tag",164,"no"
141106,"tag","Tag",164,"no"
141106,"tag","Tag",164,"no"
141106,"slogan","SITS",164,"no"
141106,"tag","Tag",164,"no"
141106,"tag","Tag",164,"no"
141106,"tag","Tag",164,"no"
141106,"tag","Tag",164,"no"
141106,"tag","Tag",164,"no"
141106,"tag","Tag",164,"no"
141106,"tag","Tag",164,"no"
141106,"tag","Tag",164,"no"
141106,"tag","Tag",164,"no"
141106,"tag","Tag",164,"no"
141106,"tag","Tag",164,"no"
141106,"tag","Tag",164,"no"
141106,"tag","Tag",164,"no"
141106,"tag","Tag",164,"no"
141106,"tag","Tag",164,"no"
141106,"tag","Tag",164,"no"
141106,"tag","Tag",164,"no"
141106,"tag","Tag",164,"no"
141106,"tag","Tag",164,"no"
141106,"tag","Tag",164,"no"
141106,"tag","Tag",164,"no"
141106,"tag","Tag",164,"no"
141106,"other","Others",164,"no"
141106,"tag","Tag",164,"no"
140929,"tag","Tag",164,"no"
140929,"tag","Tag",164,"no"
140929,"tag","Tag",164,"no"
140929,"tag","Tag",164,"no"
140929,"tag","Tag",164,"no"
140929,"tag","Tag",164,"no"
140929,"tag","Tag",164,"no"
140929,"throw up","SITS",164,"no"
140929,"illustration","SITS",164,"no"
140929,"tag","Tag",164,"no"
141061,"tag","Tag",164,"no"
141061,"tag","Tag",164,"no"
141061,"tag","Tag",164,"no"
141061,"tag","Tag",164,"no"
140969,"tag","Tag",164,"no"
140969,"slogan","SITS",164,"no"
140969,"tag","Tag",164,"no"
140969,"throw up","SITS",164,"yes"
140969,"illustration","SITS",164,"no"
140969,"tag","Tag",164,"no"
140969,"tag","Tag",164,"no"
140969,"tag","Tag",164,"no"
140969,"tag","Tag",164,"no"
140969,"tag","Tag",164,"no"
140969,"tag","Tag",164,"no"
140969,"tag","Tag",164,"no"
140969,"tag","Tag",164,"no"
140969,"tag","Tag",164,"no"
140969,"tag","Tag",164,"no"
140969,"tag","Tag",164,"no"
140969,"tag","Tag",164,"no"
140969,"tag","Tag",164,"no"
140969,"tag","Tag",164,"no"
140969,"throw up","SITS",164,"no"
140969,"tag","Tag",164,"no"
140969,"tag","Tag",164,"no"
140885,"illustration","SITS",207,"no"
140965,"tag","Tag",207,"no"
140965,"tag","Tag",207,"no"
140843,"tag","Tag",207,"no"
140843,"tag","Tag",207,"no"
140843,"tag","Tag",207,"no"
140843,"tag","Tag",207,"no"
141111,"tag","Tag",207,"no"
141111,"tag","Tag",207,"no"
141111,"tag","Tag",207,"no"
141111,"tag","Tag",207,"no"
141111,"tag","Tag",207,"no"
141111,"tag","Tag",207,"no"
141111,"tag","Tag",207,"no"
141111,"tag","Tag",207,"no"
611229,"tag","Tag",207,"no"
611229,"stencil","SITS",207,"no"
611229,"stencil","SITS",207,"no"
611229,"slogan","SITS",207,"no"
611229,"tag","Tag",207,"no"
610926,"tag","Tag",207,"no"
610926,"stencil","SITS",207,"no"
141132,"tag","Tag",207,"no"
141132,"tag","Tag",207,"no"
141132,"tag","Tag",207,"no"
141132,"tag","Tag",207,"no"
141132,"tag","Tag",207,"no"
140965,"tag","Tag",207,"no"
140843,"tag","Tag",207,"no"
611229,"slogan","SITS",207,"no"
611229,"slogan","SITS",207,"no"
140847,"tag","Tag",124,"no"
140847,"other","Others",124,"no"
140847,"tag","Tag",124,"no"
140847,"other","Others",124,"no"
140847,"other","Others",124,"no"
140847,"slogan","SITS",124,"no"
140847,"illustration","SITS",124,"no"
140847,"slogan","SITS",124,"no"
140847,"tag","Tag",124,"no"
140847,"illustration","SITS",124,"no"
140847,"other","Others",124,"no"
140847,"tag","Tag",124,"no"
140847,"tag","Tag",124,"no"
140847,"masterpiece","Masterpiece",124,"no"
140847,"illustration","SITS",124,"no"
140847,"illustration","SITS",124,"no"
140847,"masterpiece","Masterpiece",124,"no"
140847,"illustration","SITS",124,"no"
140847,"tag","Tag",124,"no"
140847,"slogan","SITS",124,"no"
140847,"tag","Tag",124,"no"
140847,"tag","Tag",124,"no"
140847,"other","Others",124,"no"
140847,"tag","Tag",124,"no"
140847,"tag","Tag",124,"no"
140847,"tag","Tag",124,"no"
140847,"tag","Tag",124,"no"
140847,"tag","Tag",124,"no"
140847,"tag","Tag",124,"no"
140847,"tag","Tag",124,"no"
140847,"tag","Tag",124,"no"
141017,"slogan","SITS",124,"no"
141017,"slogan","SITS",124,"yes"
141017,"masterpiece","Masterpiece",124,"no"
141017,"tag","Tag",124,"no"
141017,"tag","Tag",124,"no"
141017,"tag","Tag",124,"yes"
141017,"tag","Tag",124,"yes"
141155,"tag","Tag",124,"no"
141155,"tag","Tag",124,"no"
141155,"tag","Tag",124,"no"
141155,"tag","Tag",124,"no"
141155,"tag","Tag",124,"no"
141155,"illustration","SITS",124,"no"
141155,"tag","Tag",124,"no"
141155,"tag","Tag",124,"no"
141155,"tag","Tag",124,"no"
141155,"tag","Tag",124,"yes"
627867,"tag","Tag",124,"no"
627867,"tag","Tag",124,"no"
627867,"tag","Tag",124,"no"
627867,"tag","Tag",124,"no"
627867,"tag","Tag",124,"no"
627867,"slogan","SITS",124,"no"
627867,"tag","Tag",124,"no"
627867,"tag","Tag",124,"no"
627867,"tag","Tag",124,"no"
627867,"tag","Tag",124,"no"
627867,"illustration","SITS",124,"no"
627867,"tag","Tag",124,"no"
627867,"other","Others",124,"no"
627867,"tag","Tag",124,"no"
627867,"tag","Tag",124,"no"
627867,"tag","Tag",124,"no"
627867,"other","Others",124,"no"
627867,"slogan","SITS",124,"no"
627867,"tag","Tag",124,"no"
627867,"tag","Tag",124,"no"
627867,"tag","Tag",124,"no"
627867,"tag","Tag",124,"no"
627867,"tag","Tag",124,"no"
627867,"slogan","SITS",124,"no"
627867,"tag","Tag",124,"no"
627867,"tag","Tag",124,"no"
627867,"other","Others",124,"no"
627867,"other","Others",124,"no"
627867,"tag","Tag",124,"no"
627867,"tag","Tag",124,"no"
627867,"tag","Tag",124,"no"
627867,"other","Others",124,"no"
627867,"other","Others",124,"no"
627867,"other","Others",124,"yes"
627867,"tag","Tag",124,"no"
627867,"tag","Tag",124,"no"
627867,"tag","Tag",124,"no"
627867,"tag","Tag",124,"no"
627867,"tag","Tag",124,"no"
627867,"tag","Tag",124,"no"
627867,"illustration","SITS",124,"no"
627867,"slogan","SITS",124,"no"
627867,"tag","Tag",124,"no"
627867,"other","Others",124,"no"
627867,"tag","Tag",124,"no"
627867,"tag","Tag",124,"no"
627867,"other","Others",124,"no"
627867,"other","Others",124,"no"
627867,"other","Others",124,"no"
627867,"tag","Tag",124,"no"
627867,"illustration","SITS",124,"no"
627867,"slogan","SITS",124,"no"
627867,"tag","Tag",124,"no"
627867,"tag","Tag",124,"no"
611023,"other","Others",124,"no"
611023,"other","Others",124,"no"
611023,"tag","Tag",124,"no"
141036,"illustration","SITS",124,"no"
141036,"illustration","SITS",124,"no"
141036,"tag","Tag",124,"no"
141036,"tag","Tag",124,"no"
141036,"tag","Tag",124,"no"
141036,"illustration","SITS",124,"no"
141036,"illustration","SITS",124,"no"
141036,"tag","Tag",124,"no"
141036,"tag","Tag",124,"no"
141036,"tag","Tag",124,"no"
141036,"tag","Tag",124,"no"
141036,"illustration","SITS",124,"no"
141036,"tag","Tag",124,"no"
141036,"tag","Tag",124,"no"
141015,"slogan","SITS",70,"no"
21594,"tag","Tag",70,"no"
21594,"tag","Tag",70,"no"
358688,"slogan","SITS",70,"no"
358688,"tag","Tag",70,"no"
358688,"tag","Tag",70,"yes"
358688,"tag","Tag",70,"no"
358688,"tag","Tag",70,"no"
358688,"tag","Tag",70,"no"
358688,"tag","Tag",70,"no"
358688,"tag","Tag",70,"no"
359268,"illustration","SITS",70,"no"
359268,"tag","Tag",70,"no"
359268,"tag","Tag",70,"no"
359268,"slogan","SITS",70,"no"
359268,"tag","Tag",70,"no"
359268,"tag","Tag",70,"no"
359268,"tag","Tag",70,"no"
140715,"tag","Tag",70,"no"
140715,"tag","Tag",70,"no"
140715,"tag","Tag",70,"no"
140715,"tag","Tag",70,"no"
140715,"tag","Tag",70,"no"
140715,"tag","Tag",70,"no"
140715,"tag","Tag",70,"no"
140715,"tag","Tag",70,"no"
140715,"tag","Tag",70,"no"
140715,"tag","Tag",70,"no"
140715,"tag","Tag",70,"no"
140715,"tag","Tag",70,"no"
140805,"tag","Tag",70,"no"
140805,"slogan","SITS",70,"no"
140805,"tag","Tag",70,"no"
140805,"tag","Tag",70,"no"
140805,"tag","Tag",70,"no"
140805,"tag","Tag",70,"no"
140805,"tag","Tag",70,"no"
140805,"tag","Tag",70,"no"
140805,"tag","Tag",70,"no"
140805,"illustration","SITS",70,"no"
140805,"tag","Tag",70,"no"
140805,"illustration","SITS",70,"no"
140716,"illustration","SITS",70,"no"
140716,"slogan","SITS",70,"no"
140716,"tag","Tag",70,"no"
140716,"illustration","SITS",70,"no"
140716,"slogan","SITS",70,"no"
140716,"slogan","SITS",70,"no"
611043,"tag","Tag",70,"no"
611043,"tag","Tag",70,"no"
140918,"slogan","SITS",70,"no"
140918,"slogan","SITS",70,"no"
530371,"slogan","SITS",70,"no"
530371,"slogan","SITS",70,"no"
530371,"slogan","SITS",70,"no"
530371,"slogan","SITS",70,"no"
530371,"tag","Tag",70,"no"
530371,"tag","Tag",70,"no"
530371,"slogan","SITS",70,"no"
530371,"slogan","SITS",70,"no"
530371,"slogan","SITS",70,"no"
530371,"slogan","SITS",70,"no"
530371,"slogan","SITS",70,"no"
530371,"slogan","SITS",70,"no"
530371,"illustration","SITS",70,"no"
359115,"illustration","SITS",70,"no"
359115,"tag","Tag",70,"no"
359115,"slogan","SITS",70,"no"
359115,"slogan","SITS",70,"no"
359115,"slogan","SITS",70,"no"
359115,"tag","Tag",70,"no"
359115,"slogan","SITS",70,"no"
359115,"slogan","SITS",70,"no"
359115,"tag","Tag",70,"no"
359115,"tag","Tag",70,"no"
21594,"tag","Tag",70,"no"
21594,"tag","Tag",70,"no"
21594,"slogan","SITS",70,"no"
21594,"tag","Tag",70,"no"
21594,"tag","Tag",70,"no"
21594,"slogan","SITS",70,"no"
21594,"slogan","SITS",70,"no"
21594,"slogan","SITS",70,"no"
21594,"slogan","SITS",70,"no"
21594,"illustration","SITS",70,"no"
21594,"stencil","SITS",70,"no"
21594,"slogan","SITS",70,"no"
21594,"slogan","SITS",70,"no"
21594,"slogan","SITS",70,"no"
144060,"slogan","SITS",119,"no"
144060,"tag","Tag",119,"no"
144060,"tag","Tag",119,"no"
144060,"tag","Tag",119,"no"
144060,"tag","Tag",119,"no"
144060,"slogan","SITS",119,"no"
144060,"tag","Tag",119,"no"
144060,"tag","Tag",119,"no"
144060,"tag","Tag",119,"no"
144060,"slogan","SITS",119,"no"
144060,"tag","Tag",119,"no"
144060,"tag","Tag",119,"no"
144060,"tag","Tag",119,"no"
144060,"tag","Tag",119,"no"
144060,"tag","Tag",119,"no"
144060,"tag","Tag",119,"no"
144060,"tag","Tag",119,"no"
144060,"tag","Tag",119,"no"
144060,"tag","Tag",119,"no"
144060,"tag","Tag",119,"no"
144060,"masterpiece","Masterpiece",119,"no"
144060,"masterpiece","Masterpiece",119,"no"
144060,"tag","Tag",119,"no"
144060,"tag","Tag",119,"no"
144060,"masterpiece","Masterpiece",119,"no"
144060,"tag","Tag",119,"no"
144060,"tag","Tag",119,"no"
144060,"tag","Tag",119,"no"
144060,"tag","Tag",119,"no"
144060,"tag","Tag",119,"no"
144060,"tag","Tag",119,"no"
144060,"tag","Tag",119,"no"
141528,"tag","Tag",119,"no"
141528,"tag","Tag",119,"no"
141528,"slogan","SITS",119,"no"
141528,"tag","Tag",119,"no"
141528,"tag","Tag",119,"no"
141528,"tag","Tag",119,"no"
141528,"tag","Tag",119,"no"
140518,"tag","Tag",119,"no"
140518,"tag","Tag",119,"no"
140523,"masterpiece","Masterpiece",119,"no"
140523,"tag","Tag",119,"no"
140523,"tag","Tag",119,"no"
140523,"tag","Tag",119,"no"
611048,"tag","Tag",119,"no"
611048,"tag","Tag",119,"no"
611048,"throw up","SITS",119,"no"
611048,"tag","Tag",119,"no"
611048,"tag","Tag",119,"no"
611048,"tag","Tag",119,"no"
611048,"tag","Tag",119,"no"
611048,"tag","Tag",119,"no"
611048,"tag","Tag",119,"no"
611048,"tag","Tag",119,"no"
611048,"tag","Tag",119,"no"
611048,"tag","Tag",119,"no"
611048,"tag","Tag",119,"no"
611048,"tag","Tag",119,"no"
611048,"tag","Tag",119,"no"
611048,"illustration","SITS",119,"no"
611048,"tag","Tag",119,"no"
611048,"tag","Tag",119,"no"
611029,"slogan","SITS",119,"no"
611029,"tag","Tag",119,"no"
611029,"tag","Tag",119,"no"
611029,"tag","Tag",119,"no"
611029,"tag","Tag",119,"no"
611029,"tag","Tag",119,"no"
611198,"tag","Tag",119,"no"
611198,"tag","Tag",119,"no"
611198,"tag","Tag",119,"no"
611198,"tag","Tag",119,"no"
611198,"tag","Tag",119,"no"
611198,"tag","Tag",119,"no"
140519,"tag","Tag",119,"no"
140398,"tag","Tag",119,"no"
140398,"slogan","SITS",119,"no"
140522,"masterpiece","Masterpiece",119,"no"
140522,"slogan","SITS",119,"no"
140522,"tag","Tag",119,"no"
140522,"tag","Tag",119,"no"
140522,"tag","Tag",119,"no"
140522,"tag","Tag",119,"no"
140522,"tag","Tag",119,"no"
611230,"tag","Tag",119,"no"
611198,"tag","Tag",119,"no"
145420,"tag","Tag",166,"no"
145420,"other","Others",166,"no"
145420,"other","Others",166,"no"
145420,"illustration","SITS",166,"no"
145252,"tag","Tag",166,"no"
145252,"other","Others",166,"no"
145252,"tag","Tag",166,"no"
145252,"tag","Tag",166,"no"
145252,"tag","Tag",166,"no"
145252,"tag","Tag",166,"no"
145252,"tag","Tag",166,"no"
145252,"other","Others",166,"no"
145252,"tag","Tag",166,"no"
145252,"other","Others",166,"no"
145252,"tag","Tag",166,"no"
145264,"tag","Tag",166,"no"
145264,"tag","Tag",166,"no"
145264,"tag","Tag",166,"no"
145476,"tag","Tag",166,"no"
145476,"tag","Tag",166,"no"
145476,"tag","Tag",166,"no"
145494,"tag","Tag",166,"no"
145504,"other","Others",166,"no"
145504,"tag","Tag",166,"no"
145504,"tag","Tag",166,"no"
145504,"tag","Tag",166,"no"
145504,"tag","Tag",166,"no"
145504,"tag","Tag",166,"no"
145504,"tag","Tag",166,"no"
145504,"tag","Tag",166,"no"
145504,"tag","Tag",166,"no"
145504,"tag","Tag",166,"no"
145504,"tag","Tag",166,"no"
145504,"tag","Tag",166,"no"
145504,"illustration","SITS",166,"no"
145504,"tag","Tag",166,"no"
145504,"tag","Tag",166,"no"
145504,"tag","Tag",166,"no"
145504,"tag","Tag",166,"no"
145504,"other","Others",166,"no"
23197,"tag","Tag",166,"no"
23197,"illustration","SITS",166,"no"
23197,"tag","Tag",166,"no"
23197,"tag","Tag",166,"no"
23197,"other","Others",166,"no"
455564,"tag","Tag",31,"no"
455564,"tag","Tag",31,"no"
455564,"throw up","SITS",31,"no"
455564,"tag","Tag",31,"no"
455564,"tag","Tag",31,"no"
627779,"tag","Tag",31,"no"
627779,"tag","Tag",31,"no"
627779,"tag","Tag",31,"no"
627779,"tag","Tag",31,"yes"
627779,"tag","Tag",31,"yes"
627779,"tag","Tag",31,"yes"
627779,"tag","Tag",31,"yes"
627779,"tag","Tag",31,"no"
627779,"tag","Tag",31,"no"
140538,"tag","Tag",31,"no"
140538,"tag","Tag",31,"yes"
140538,"tag","Tag",31,"no"
140538,"slogan","SITS",31,"no"
140538,"tag","Tag",31,"no"
140538,"tag","Tag",31,"no"
140538,"stencil","SITS",31,"no"
140538,"slogan","SITS",31,"no"
140538,"slogan","SITS",31,"no"
140538,"tag","Tag",31,"no"
140538,"tag","Tag",31,"no"
140538,"tag","Tag",31,"no"
140538,"tag","Tag",31,"no"
140538,"slogan","SITS",31,"no"
140538,"tag","Tag",31,"no"
140538,"illustration","SITS",31,"no"
140538,"tag","Tag",31,"no"
140538,"tag","Tag",31,"no"
140538,"tag","Tag",31,"no"
140538,"tag","Tag",31,"no"
140538,"tag","Tag",31,"no"
140539,"tag","Tag",31,"no"
140539,"tag","Tag",31,"no"
140539,"tag","Tag",31,"no"
140539,"tag","Tag",31,"yes"
140539,"tag","Tag",31,"no"
140539,"tag","Tag",31,"no"
140539,"tag","Tag",31,"no"
140539,"tag","Tag",31,"no"
140539,"tag","Tag",31,"no"
140539,"tag","Tag",31,"no"
140539,"other","Others",31,"yes"
140539,"tag","Tag",31,"no"
140539,"tag","Tag",31,"no"
140539,"tag","Tag",31,"no"
140539,"tag","Tag",31,"no"
140539,"tag","Tag",31,"no"
140539,"tag","Tag",31,"no"
140539,"tag","Tag",31,"no"
140539,"tag","Tag",31,"no"
140539,"tag","Tag",31,"no"
140539,"tag","Tag",31,"no"
140539,"tag","Tag",31,"no"
140539,"other","Others",31,"no"
140539,"other","Others",31,"no"
140539,"tag","Tag",31,"no"
140539,"tag","Tag",31,"no"
140539,"slogan","SITS",31,"no"
140539,"slogan","SITS",31,"no"
140539,"tag","Tag",31,"no"
140539,"tag","Tag",31,"no"
140539,"tag","Tag",31,"no"
140539,"tag","Tag",31,"no"
140539,"tag","Tag",31,"no"
140539,"slogan","SITS",31,"no"
140537,"tag","Tag",31,"no"
140537,"illustration","SITS",31,"no"
140535,"tag","Tag",31,"no"
140535,"tag","Tag",31,"no"
140535,"tag","Tag",31,"yes"
140535,"tag","Tag",31,"no"
140535,"tag","Tag",31,"no"
140535,"tag","Tag",31,"no"
140535,"tag","Tag",31,"no"
140535,"tag","Tag",31,"no"
140535,"tag","Tag",31,"yes"
140535,"tag","Tag",31,"no"
140535,"tag","Tag",31,"no"
140535,"tag","Tag",31,"no"
140536,"slogan","SITS",31,"no"
140536,"tag","Tag",31,"no"
140536,"tag","Tag",31,"no"
140536,"tag","Tag",31,"no"
140536,"illustration","SITS",31,"no"
140536,"tag","Tag",31,"no"
140536,"tag","Tag",31,"no"
140449,"tag","Tag",31,"no"
140449,"slogan","SITS",31,"no"
140533,"tag","Tag",31,"no"
140533,"slogan","SITS",31,"no"
140534,"tag","Tag",31,"no"
140534,"tag","Tag",31,"no"
140532,"other","Others",31,"no"
140532,"other","Others",31,"no"
610653,"other","Others",125,"no"
610653,"other","Others",125,"no"
610653,"slogan","SITS",125,"no"
610653,"tag","Tag",125,"no"
610653,"tag","Tag",125,"no"
610653,"other","Others",125,"no"
610653,"slogan","SITS",125,"no"
610653,"slogan","SITS",125,"no"
610653,"slogan","SITS",125,"no"
610653,"other","Others",125,"no"
610653,"tag","Tag",125,"no"
610653,"tag","Tag",125,"no"
610653,"other","Others",125,"no"
610653,"other","Others",125,"no"
140942,"tag","Tag",125,"no"
140942,"other","Others",125,"no"
140942,"other","Others",125,"no"
140942,"other","Others",125,"no"
140942,"slogan","SITS",125,"no"
140942,"other","Others",125,"no"
141090,"other","Others",125,"no"
141090,"tag","Tag",125,"no"
141090,"tag","Tag",125,"no"
141090,"tag","Tag",125,"no"
141090,"tag","Tag",125,"no"
141090,"other","Others",125,"no"
141090,"tag","Tag",125,"no"
358676,"tag","Tag",125,"no"
358676,"illustration","SITS",125,"no"
358676,"tag","Tag",125,"no"
140702,"other","Others",125,"no"
140702,"other","Others",125,"no"
140702,"tag","Tag",125,"no"
140702,"other","Others",125,"no"
140702,"illustration","SITS",125,"no"
3914,"tag","Tag",125,"no"
3914,"slogan","SITS",125,"no"
3914,"tag","Tag",125,"no"
3914,"tag","Tag",125,"no"
3914,"tag","Tag",125,"no"
358670,"other","Others",125,"no"
358670,"other","Others",125,"no"
530376,"tag","Tag",125,"no"
530376,"tag","Tag",125,"no"
530376,"tag","Tag",125,"no"
530376,"slogan","SITS",125,"no"
530376,"tag","Tag",125,"no"
530376,"tag","Tag",125,"no"
530376,"tag","Tag",125,"no"
530376,"other","Others",125,"no"
530376,"other","Others",125,"no"
358677,"tag","Tag",125,"no"
140977,"other","Others",125,"no"
358672,"other","Others",125,"no"
358671,"tag","Tag",125,"no"
358671,"tag","Tag",125,"no"
358671,"tag","Tag",125,"no"
358671,"tag","Tag",125,"no"
358671,"other","Others",125,"no"
358671,"tag","Tag",125,"no"
358671,"other","Others",125,"no"
358671,"tag","Tag",125,"no"
358671,"tag","Tag",125,"no"
358671,"illustration","SITS",125,"no"
358671,"other","Others",125,"no"
358671,"tag","Tag",125,"no"
358671,"other","Others",125,"no"
358671,"illustration","SITS",125,"no"
358671,"illustration","SITS",125,"no"
358671,"tag","Tag",125,"yes"
141142,"other","Others",125,"no"
141142,"tag","Tag",125,"no"
141142,"tag","Tag",125,"no"
141142,"tag","Tag",125,"no"
141142,"slogan","SITS",125,"no"
141142,"masterpiece","Masterpiece",125,"yes"
141142,"tag","Tag",125,"no"
141142,"tag","Tag",125,"no"
141146,"other","Others",125,"no"
141146,"slogan","SITS",125,"no"
610653,"other","Others",125,"no"
140702,"other","Others",125,"no"
3914,"other","Others",125,"no"
3914,"illustration","SITS",125,"no"
3914,"other","Others",125,"no"
530376,"other","Others",125,"no"
530376,"tag","Tag",125,"no"
358671,"slogan","SITS",125,"no"
358671,"tag","Tag",125,"no"
358671,"tag","Tag",125,"no"
141142,"slogan","SITS",125,"no"
141142,"tag","Tag",125,"no"
141142,"tag","Tag",125,"no"
141142,"slogan","SITS",125,"no"
140941,"tag","Tag",125,"no"
358671,"tag","Tag",125,"no"
141142,"tag","Tag",125,"no"
141142,"tag","Tag",125,"no"
141146,"tag","Tag",125,"no"
610653,"slogan","SITS",125,"no"
610653,"tag","Tag",125,"no"
610653,"tag","Tag",125,"no"
141142,"slogan","SITS",125,"no"
141068,"tag","Tag",199,"no"
141068,"tag","Tag",199,"no"
141068,"tag","Tag",199,"no"
141068,"tag","Tag",199,"no"
141068,"tag","Tag",199,"no"
141068,"other","Others",199,"no"
141068,"other","Others",199,"no"
141068,"tag","Tag",199,"no"
141068,"throw up","SITS",199,"yes"
141068,"other","Others",199,"yes"
141068,"tag","Tag",199,"no"
141068,"tag","Tag",199,"no"
141068,"tag","Tag",199,"no"
141068,"tag","Tag",199,"no"
141068,"tag","Tag",199,"no"
141068,"illustration","SITS",199,"no"
141068,"tag","Tag",199,"no"
141068,"tag","Tag",199,"no"
358603,"tag","Tag",199,"no"
358603,"tag","Tag",199,"no"
358603,"tag","Tag",199,"no"
358603,"tag","Tag",199,"yes"
358603,"tag","Tag",199,"no"
358603,"tag","Tag",199,"no"
358603,"tag","Tag",199,"no"
358603,"tag","Tag",199,"no"
358603,"tag","Tag",199,"no"
358603,"tag","Tag",199,"no"
358603,"tag","Tag",199,"no"
358603,"tag","Tag",199,"no"
358603,"tag","Tag",199,"no"
358603,"tag","Tag",199,"no"
141011,"tag","Tag",199,"no"
141011,"tag","Tag",199,"no"
141011,"tag","Tag",199,"no"
358692,"tag","Tag",199,"no"
358692,"tag","Tag",199,"no"
140968,"tag","Tag",199,"no"
140968,"tag","Tag",199,"no"
611189,"tag","Tag",199,"no"
611189,"tag","Tag",199,"no"
610923,"tag","Tag",90,"no"
610923,"tag","Tag",90,"no"
610923,"tag","Tag",90,"no"
610923,"tag","Tag",90,"no"
610923,"tag","Tag",90,"no"
610923,"other","Others",90,"no"
610923,"tag","Tag",90,"no"
610923,"tag","Tag",90,"no"
610923,"tag","Tag",90,"no"
140867,"tag","Tag",90,"no"
140951,"slogan","SITS",90,"no"
140951,"slogan","SITS",90,"no"
140951,"tag","Tag",90,"no"
140951,"throw up","SITS",90,"no"
140951,"tag","Tag",90,"no"
140951,"slogan","SITS",90,"no"
140951,"tag","Tag",90,"no"
455514,"throw up","SITS",90,"no"
455514,"tag","Tag",90,"no"
455514,"throw up","SITS",90,"yes"
455514,"tag","Tag",90,"no"
455514,"tag","Tag",90,"no"
455514,"other","Others",90,"no"
455514,"stencil","SITS",90,"no"
140854,"illustration","SITS",90,"no"
140854,"tag","Tag",90,"no"
140854,"tag","Tag",90,"no"
140854,"tag","Tag",90,"no"
627754,"tag","Tag",90,"no"
627754,"tag","Tag",90,"no"
627754,"tag","Tag",90,"no"
627754,"throw up","SITS",90,"no"
627754,"throw up","SITS",90,"no"
627754,"throw up","SITS",90,"no"
627754,"tag","Tag",90,"no"
627754,"tag","Tag",90,"no"
627754,"tag","Tag",90,"no"
627754,"tag","Tag",90,"no"
627754,"tag","Tag",90,"no"
140946,"tag","Tag",90,"no"
140946,"tag","Tag",90,"no"
140946,"tag","Tag",90,"no"
141058,"tag","Tag",90,"no"
140863,"tag","Tag",90,"no"
140863,"tag","Tag",90,"no"
140863,"tag","Tag",90,"no"
140863,"tag","Tag",90,"no"
141005,"throw up","SITS",90,"yes"
141005,"tag","Tag",90,"no"
141005,"other","Others",90,"yes"
141005,"tag","Tag",90,"no"
141005,"tag","Tag",90,"no"
141005,"tag","Tag",90,"no"
141005,"tag","Tag",90,"no"
141005,"tag","Tag",90,"no"
141005,"tag","Tag",90,"no"
141005,"slogan","SITS",90,"no"
141005,"tag","Tag",90,"yes"
141005,"slogan","SITS",90,"yes"
141005,"tag","Tag",90,"no"
141005,"tag","Tag",90,"no"
141005,"tag","Tag",90,"yes"
141005,"tag","Tag",90,"no"
141005,"tag","Tag",90,"no"
141005,"tag","Tag",90,"no"
141005,"tag","Tag",90,"no"
141005,"tag","Tag",90,"no"
141005,"tag","Tag",90,"no"
141005,"tag","Tag",90,"yes"
141005,"tag","Tag",90,"no"
141005,"tag","Tag",90,"no"
141005,"tag","Tag",90,"no"
141005,"tag","Tag",90,"no"
141005,"tag","Tag",90,"no"
141005,"slogan","SITS",90,"no"
141005,"tag","Tag",90,"no"
141005,"tag","Tag",90,"no"
141005,"tag","Tag",90,"no"
141005,"tag","Tag",90,"no"
141005,"tag","Tag",90,"no"
141005,"tag","Tag",90,"no"
141005,"tag","Tag",90,"no"
141005,"tag","Tag",90,"no"
141005,"tag","Tag",90,"no"
141005,"tag","Tag",90,"yes"
141005,"other","Others",90,"yes"
141005,"tag","Tag",90,"no"
141005,"tag","Tag",90,"no"
141005,"tag","Tag",90,"no"
141005,"slogan","SITS",90,"no"
141005,"tag","Tag",90,"no"
141005,"tag","Tag",90,"no"
141005,"other","Others",90,"yes"
141005,"tag","Tag",90,"yes"
141005,"tag","Tag",90,"no"
141005,"tag","Tag",90,"no"
141005,"tag","Tag",90,"no"
141005,"tag","Tag",90,"no"
141005,"tag","Tag",90,"no"
141005,"other","Others",90,"no"
141005,"tag","Tag",90,"yes"
141005,"illustration","SITS",90,"yes"
141005,"illustration","SITS",90,"no"
141005,"tag","Tag",90,"yes"
141005,"illustration","SITS",90,"no"
141005,"masterpiece","Masterpiece",90,"no"
141005,"tag","Tag",90,"no"
141005,"tag","Tag",90,"no"
141005,"slogan","SITS",90,"no"
141005,"tag","Tag",90,"no"
141005,"tag","Tag",90,"no"
141005,"tag","Tag",90,"no"
141005,"illustration","SITS",90,"no"
141005,"tag","Tag",90,"yes"
141005,"illustration","SITS",90,"yes"
141005,"slogan","SITS",90,"no"
141005,"illustration","SITS",90,"no"
141005,"illustration","SITS",90,"no"
141005,"masterpiece","Masterpiece",90,"no"
141005,"tag","Tag",90,"no"
141005,"masterpiece","Masterpiece",90,"no"
141005,"tag","Tag",90,"yes"
141005,"masterpiece","Masterpiece",90,"no"
141005,"illustration","SITS",90,"yes"
141005,"slogan","SITS",90,"no"
141005,"tag","Tag",90,"no"
141005,"tag","Tag",90,"no"
141005,"illustration","SITS",90,"no"
141005,"tag","Tag",90,"yes"
141005,"tag","Tag",90,"no"
141005,"tag","Tag",90,"no"
141005,"illustration","SITS",90,"no"
141005,"illustration","SITS",90,"no"
141005,"masterpiece","Masterpiece",90,"no"
141005,"masterpiece","Masterpiece",90,"no"
141005,"tag","Tag",90,"no"
141005,"masterpiece","Masterpiece",90,"no"
141005,"illustration","SITS",90,"no"
141005,"illustration","SITS",90,"no"
141005,"illustration","SITS",90,"no"
141005,"tag","Tag",90,"no"
141005,"tag","Tag",90,"no"
141005,"stencil","SITS",90,"no"
141005,"tag","Tag",90,"yes"
141005,"slogan","SITS",90,"no"
141005,"tag","Tag",90,"yes"
141005,"tag","Tag",90,"no"
141005,"other","Others",90,"no"
141005,"tag","Tag",90,"no"
141005,"other","Others",90,"no"
141005,"tag","Tag",90,"no"
141005,"tag","Tag",90,"no"
141005,"tag","Tag",90,"no"
141005,"tag","Tag",90,"no"
141005,"throw up","SITS",90,"no"
141005,"throw up","SITS",90,"yes"
141005,"tag","Tag",90,"no"
141005,"tag","Tag",90,"no"
141005,"tag","Tag",90,"no"
141005,"tag","Tag",90,"no"
141005,"tag","Tag",90,"no"
141005,"tag","Tag",90,"no"
141005,"tag","Tag",90,"no"
141005,"tag","Tag",90,"no"
141005,"tag","Tag",90,"yes"
141005,"tag","Tag",90,"no"
141005,"stencil","SITS",90,"no"
141005,"tag","Tag",90,"no"
141005,"tag","Tag",90,"no"
141005,"tag","Tag",90,"no"
141005,"tag","Tag",90,"no"
141005,"throw up","SITS",90,"yes"
141005,"tag","Tag",90,"no"
141005,"tag","Tag",90,"no"
141005,"tag","Tag",90,"no"
141005,"tag","Tag",90,"yes"
141005,"tag","Tag",90,"no"
141005,"tag","Tag",90,"no"
141005,"slogan","SITS",90,"no"
141005,"tag","Tag",90,"yes"
141005,"tag","Tag",90,"yes"
141005,"illustration","SITS",90,"no"
141005,"tag","Tag",90,"no"
141005,"tag","Tag",90,"no"
141005,"tag","Tag",90,"no"
141005,"tag","Tag",90,"no"
141005,"tag","Tag",90,"no"
141005,"tag","Tag",90,"no"
141005,"slogan","SITS",90,"no"
141005,"illustration","SITS",90,"yes"
141005,"tag","Tag",90,"yes"
141005,"tag","Tag",90,"no"
141005,"tag","Tag",90,"yes"
141005,"tag","Tag",90,"no"
141005,"tag","Tag",90,"no"
141005,"tag","Tag",90,"no"
141005,"tag","Tag",90,"no"
141005,"tag","Tag",90,"no"
141005,"tag","Tag",90,"yes"
141005,"tag","Tag",90,"no"
611272,"slogan","SITS",90,"no"
611272,"tag","Tag",90,"no"
611272,"illustration","SITS",90,"no"
611272,"other","Others",90,"yes"
611272,"illustration","SITS",90,"no"
611272,"slogan","SITS",90,"no"
611272,"tag","Tag",90,"yes"
611272,"tag","Tag",90,"no"
611272,"tag","Tag",90,"no"
611272,"tag","Tag",90,"yes"
611272,"tag","Tag",90,"no"
611272,"throw up","SITS",90,"no"
611272,"tag","Tag",90,"yes"
611272,"tag","Tag",90,"no"
611272,"tag","Tag",90,"no"
611272,"tag","Tag",90,"no"
611272,"tag","Tag",90,"no"
611272,"tag","Tag",90,"no"
611272,"tag","Tag",90,"no"
611272,"tag","Tag",90,"no"
611272,"other","Others",90,"yes"
611272,"tag","Tag",90,"no"
611272,"tag","Tag",90,"yes"
611272,"tag","Tag",90,"yes"
611272,"tag","Tag",90,"no"
611272,"tag","Tag",90,"no"
611272,"tag","Tag",90,"no"
611272,"tag","Tag",90,"no"
611272,"tag","Tag",90,"no"
611272,"tag","Tag",90,"no"
611272,"stencil","SITS",90,"no"
611272,"tag","Tag",90,"no"
611272,"tag","Tag",90,"yes"
611272,"tag","Tag",90,"no"
611272,"tag","Tag",90,"no"
611272,"tag","Tag",90,"no"
611272,"throw up","SITS",90,"yes"
611272,"tag","Tag",90,"no"
141074,"tag","Tag",90,"no"
141074,"tag","Tag",90,"no"
141074,"tag","Tag",90,"no"
141074,"other","Others",90,"no"
141074,"tag","Tag",90,"no"
141074,"other","Others",90,"no"
141074,"tag","Tag",90,"no"
141074,"tag","Tag",90,"no"
141074,"slogan","SITS",90,"no"
141074,"tag","Tag",90,"no"
141074,"other","Others",90,"no"
141074,"other","Others",90,"no"
141074,"slogan","SITS",90,"no"
141074,"tag","Tag",90,"yes"
141074,"tag","Tag",90,"no"
141074,"slogan","SITS",90,"yes"
141074,"tag","Tag",90,"no"
141074,"other","Others",90,"no"
141074,"tag","Tag",90,"yes"
141074,"tag","Tag",90,"no"
141074,"tag","Tag",90,"no"
141074,"tag","Tag",90,"no"
141074,"tag","Tag",90,"no"
141074,"tag","Tag",90,"yes"
141074,"other","Others",90,"no"
141074,"illustration","SITS",90,"no"
141074,"tag","Tag",90,"no"
141074,"tag","Tag",90,"no"
141074,"tag","Tag",90,"no"
141074,"tag","Tag",90,"no"
141074,"tag","Tag",90,"no"
141074,"tag","Tag",90,"no"
141074,"tag","Tag",90,"no"
141074,"tag","Tag",90,"no"
141074,"slogan","SITS",90,"no"
141074,"illustration","SITS",90,"no"
141074,"masterpiece","Masterpiece",90,"no"
141074,"masterpiece","Masterpiece",90,"no"
141074,"tag","Tag",90,"no"
3996,"tag","Tag",90,"no"
3996,"slogan","SITS",90,"no"
3996,"other","Others",90,"no"
530373,"other","Others",62,"yes"
530373,"tag","Tag",62,"no"
530373,"other","Others",62,"no"
530373,"tag","Tag",62,"no"
530373,"tag","Tag",62,"no"
530373,"other","Others",62,"no"
530373,"other","Others",62,"no"
530373,"other","Others",62,"no"
530373,"tag","Tag",62,"no"
530373,"other","Others",62,"no"
530373,"tag","Tag",62,"no"
530373,"other","Others",62,"no"
530373,"tag","Tag",62,"no"
530373,"other","Others",62,"no"
530373,"tag","Tag",62,"no"
530373,"tag","Tag",62,"no"
530373,"other","Others",62,"no"
530373,"other","Others",62,"no"
530373,"other","Others",62,"no"
530373,"other","Others",62,"no"
145720,"other","Others",62,"no"
145720,"other","Others",62,"no"
145720,"other","Others",62,"no"
145720,"other","Others",62,"yes"
145720,"other","Others",62,"no"
145720,"other","Others",62,"no"
145720,"other","Others",62,"no"
145720,"other","Others",62,"no"
145720,"tag","Tag",62,"no"
145720,"tag","Tag",62,"no"
145720,"tag","Tag",62,"no"
145720,"tag","Tag",62,"no"
145720,"tag","Tag",62,"no"
145720,"other","Others",62,"yes"
145720,"tag","Tag",62,"no"
145720,"tag","Tag",62,"no"
145559,"tag","Tag",62,"no"
145559,"slogan","SITS",62,"no"
145559,"other","Others",62,"yes"
145559,"other","Others",62,"no"
145717,"other","Others",62,"no"
145717,"tag","Tag",62,"no"
145717,"tag","Tag",62,"no"
145733,"other","Others",62,"no"
145733,"tag","Tag",62,"no"
145733,"tag","Tag",62,"no"
145733,"tag","Tag",62,"no"
145723,"tag","Tag",62,"no"
145570,"other","Others",62,"no"
145570,"tag","Tag",62,"no"
145570,"tag","Tag",62,"no"
145570,"tag","Tag",62,"no"
145570,"other","Others",62,"no"
145570,"other","Others",62,"no"
145570,"stencil","SITS",62,"no"
145570,"other","Others",62,"no"
145570,"other","Others",62,"no"
145570,"tag","Tag",62,"no"
145744,"other","Others",62,"no"
145744,"stencil","SITS",62,"no"
145744,"tag","Tag",62,"no"
145744,"tag","Tag",62,"no"
627584,"tag","Tag",62,"no"
627584,"tag","Tag",62,"no"
627584,"tag","Tag",62,"no"
627584,"tag","Tag",62,"no"
627584,"tag","Tag",62,"no"
627584,"tag","Tag",62,"no"
145736,"tag","Tag",62,"no"
145736,"tag","Tag",62,"no"
145736,"tag","Tag",62,"no"
145736,"tag","Tag",62,"no"
145736,"tag","Tag",62,"no"
145736,"tag","Tag",62,"no"
145736,"tag","Tag",62,"no"
145736,"tag","Tag",62,"no"
145736,"tag","Tag",62,"no"
530373,"other","Others",62,"no"
530373,"other","Others",62,"no"
145720,"other","Others",62,"no"
145720,"other","Others",62,"no"
145717,"other","Others",62,"no"
145717,"other","Others",62,"no"
145733,"other","Others",62,"no"
145570,"other","Others",62,"no"
145570,"stencil","SITS",62,"no"
145570,"tag","Tag",62,"no"
145570,"stencil","SITS",62,"no"
145744,"other","Others",62,"no"
145744,"other","Others",62,"no"
145744,"other","Others",62,"no"
627584,"stencil","SITS",62,"no"
627584,"stencil","SITS",62,"no"
627584,"other","Others",62,"no"
627584,"other","Others",62,"no"
627584,"tag","Tag",62,"no"
530373,"tag","Tag",62,"no"
145720,"tag","Tag",62,"no"
145720,"other","Others",62,"no"
145723,"stencil","SITS",62,"no"
627584,"stencil","SITS",62,"no"
627584,"other","Others",62,"no"
530373,"tag","Tag",62,"no"
145720,"tag","Tag",62,"no"
145720,"tag","Tag",62,"no"
145570,"other","Others",62,"no"
141126,"other","Others",200,"no"
611127,"tag","Tag",200,"no"
611127,"other","Others",200,"no"
611127,"other","Others",200,"no"
610971,"illustration","SITS",200,"no"
610971,"tag","Tag",200,"no"
610971,"other","Others",200,"no"
610971,"tag","Tag",200,"no"
610971,"tag","Tag",200,"no"
610971,"other","Others",200,"no"
610971,"tag","Tag",200,"no"
140861,"tag","Tag",200,"no"
140861,"tag","Tag",200,"no"
140861,"tag","Tag",200,"no"
140861,"tag","Tag",200,"no"
140861,"tag","Tag",200,"no"
140861,"tag","Tag",200,"no"
140861,"tag","Tag",200,"yes"
140861,"tag","Tag",200,"yes"
140861,"tag","Tag",200,"no"
140861,"tag","Tag",200,"no"
141060,"tag","Tag",200,"no"
140988,"tag","Tag",200,"no"
140988,"illustration","SITS",200,"no"
140988,"tag","Tag",200,"no"
140988,"tag","Tag",200,"no"
140988,"tag","Tag",200,"no"
140988,"tag","Tag",200,"no"
140988,"tag","Tag",200,"no"
140988,"tag","Tag",200,"no"
140988,"tag","Tag",200,"no"
140988,"tag","Tag",200,"yes"
140988,"tag","Tag",200,"no"
140988,"illustration","SITS",200,"no"
140988,"throw up","SITS",200,"no"
140988,"tag","Tag",200,"no"
140988,"tag","Tag",200,"no"
140988,"stencil","SITS",200,"no"
140988,"tag","Tag",200,"no"
140988,"slogan","SITS",200,"no"
140988,"tag","Tag",200,"no"
140988,"tag","Tag",200,"no"
140850,"tag","Tag",200,"no"
140850,"tag","Tag",200,"no"
140850,"tag","Tag",200,"no"
140850,"tag","Tag",200,"no"
140850,"tag","Tag",200,"no"
140850,"tag","Tag",200,"no"
140850,"tag","Tag",200,"no"
611143,"tag","Tag",200,"no"
611143,"slogan","SITS",200,"no"
611143,"tag","Tag",200,"no"
611143,"tag","Tag",200,"no"
611143,"tag","Tag",200,"no"
611143,"tag","Tag",200,"no"
611143,"tag","Tag",200,"no"
611143,"tag","Tag",200,"no"
611143,"tag","Tag",200,"no"
611143,"tag","Tag",200,"yes"
611143,"tag","Tag",200,"yes"
611143,"tag","Tag",200,"no"
611143,"slogan","SITS",200,"no"
611143,"tag","Tag",200,"no"
611143,"slogan","SITS",200,"yes"
611143,"tag","Tag",200,"no"
611143,"tag","Tag",200,"no"
611143,"tag","Tag",200,"no"
611143,"tag","Tag",200,"no"
611143,"tag","Tag",200,"no"
611143,"other","Others",200,"yes"
611143,"other","Others",200,"no"
611143,"tag","Tag",200,"no"
611143,"tag","Tag",200,"no"
611143,"throw up","SITS",200,"no"
611143,"tag","Tag",200,"no"
611143,"tag","Tag",200,"no"
611143,"tag","Tag",200,"no"
611143,"tag","Tag",200,"no"
611143,"illustration","SITS",200,"no"
611143,"slogan","SITS",200,"no"
611143,"tag","Tag",200,"yes"
611143,"tag","Tag",200,"no"
611143,"tag","Tag",200,"no"
611143,"tag","Tag",200,"no"
611143,"tag","Tag",200,"no"
611143,"tag","Tag",200,"no"
611143,"tag","Tag",200,"no"
611143,"other","Others",200,"yes"
611143,"tag","Tag",200,"no"
611143,"tag","Tag",200,"yes"
140923,"other","Others",200,"no"
140923,"other","Others",200,"no"
140923,"tag","Tag",200,"no"
140923,"slogan","SITS",200,"no"
140923,"other","Others",200,"no"
140923,"slogan","SITS",200,"no"
140923,"slogan","SITS",200,"no"
141066,"other","Others",200,"no"
141066,"tag","Tag",200,"no"
141066,"slogan","SITS",200,"no"
141066,"tag","Tag",200,"no"
141066,"tag","Tag",200,"no"
141066,"tag","Tag",200,"no"
141066,"tag","Tag",200,"no"
141066,"tag","Tag",200,"no"
141066,"other","Others",200,"no"
141066,"throw up","SITS",200,"no"
141066,"slogan","SITS",200,"no"
141066,"tag","Tag",200,"yes"
141066,"slogan","SITS",200,"yes"
141066,"tag","Tag",200,"no"
141066,"tag","Tag",200,"no"
141066,"tag","Tag",200,"no"
141066,"tag","Tag",200,"no"
141066,"other","Others",200,"no"
141066,"tag","Tag",200,"yes"
141066,"tag","Tag",200,"yes"
141066,"tag","Tag",200,"no"
141066,"tag","Tag",200,"no"
141066,"tag","Tag",200,"yes"
141066,"illustration","SITS",200,"no"
141066,"tag","Tag",200,"yes"
141066,"tag","Tag",200,"yes"
141066,"tag","Tag",200,"no"
141066,"tag","Tag",200,"no"
141066,"tag","Tag",200,"yes"
141066,"tag","Tag",200,"no"
141066,"slogan","SITS",200,"yes"
141066,"illustration","SITS",200,"no"
141066,"tag","Tag",200,"no"
141066,"tag","Tag",200,"no"
141066,"other","Others",200,"yes"
141066,"tag","Tag",200,"no"
141066,"tag","Tag",200,"yes"
141066,"tag","Tag",200,"no"
141066,"tag","Tag",200,"no"
141066,"tag","Tag",200,"no"
141066,"tag","Tag",200,"no"
141066,"slogan","SITS",200,"no"
141066,"tag","Tag",200,"no"
141066,"tag","Tag",200,"no"
141066,"tag","Tag",200,"no"
141066,"tag","Tag",200,"no"
141066,"tag","Tag",200,"no"
141066,"tag","Tag",200,"no"
141066,"illustration","SITS",200,"no"
141066,"tag","Tag",200,"no"
141066,"throw up","SITS",200,"yes"
141066,"tag","Tag",200,"no"
141066,"tag","Tag",200,"no"
141066,"tag","Tag",200,"no"
141066,"tag","Tag",200,"no"
141066,"tag","Tag",200,"no"
141066,"tag","Tag",200,"no"
141066,"tag","Tag",200,"no"
141066,"tag","Tag",200,"no"
141066,"slogan","SITS",200,"no"
141066,"other","Others",200,"no"
141066,"tag","Tag",200,"no"
141066,"tag","Tag",200,"no"
141066,"other","Others",200,"no"
141066,"tag","Tag",200,"no"
141066,"tag","Tag",200,"no"
141066,"tag","Tag",200,"no"
141066,"other","Others",200,"no"
141066,"tag","Tag",200,"no"
141066,"tag","Tag",200,"no"
141066,"tag","Tag",200,"no"
141066,"tag","Tag",200,"no"
141066,"throw up","SITS",200,"no"
141066,"tag","Tag",200,"no"
141066,"tag","Tag",200,"no"
141066,"tag","Tag",200,"no"
141066,"tag","Tag",200,"no"
141066,"tag","Tag",200,"no"
141066,"tag","Tag",200,"no"
141066,"tag","Tag",200,"yes"
141066,"tag","Tag",200,"no"
141066,"tag","Tag",200,"no"
141066,"tag","Tag",200,"no"
141066,"tag","Tag",200,"no"
141066,"tag","Tag",200,"yes"
141066,"tag","Tag",200,"no"
141066,"tag","Tag",200,"no"
141066,"slogan","SITS",200,"no"
141066,"tag","Tag",200,"no"
141066,"tag","Tag",200,"no"
141066,"other","Others",200,"no"
141066,"tag","Tag",200,"no"
141066,"tag","Tag",200,"no"
141066,"tag","Tag",200,"no"
141066,"tag","Tag",200,"no"
141066,"other","Others",200,"no"
141066,"tag","Tag",200,"no"
141066,"tag","Tag",200,"no"
141066,"tag","Tag",200,"no"
141066,"tag","Tag",200,"no"
141066,"tag","Tag",200,"no"
141066,"tag","Tag",200,"no"
141066,"tag","Tag",200,"no"
141066,"illustration","SITS",200,"no"
141066,"tag","Tag",200,"no"
141066,"tag","Tag",200,"no"
141066,"other","Others",200,"no"
141066,"tag","Tag",200,"no"
141066,"tag","Tag",200,"no"
141066,"tag","Tag",200,"no"
141066,"illustration","SITS",200,"no"
141066,"tag","Tag",200,"no"
141066,"tag","Tag",200,"no"
141066,"tag","Tag",200,"no"
141066,"tag","Tag",200,"no"
140988,"tag","Tag",200,"no"
140988,"slogan","SITS",200,"no"
141066,"other","Others",200,"no"
141066,"tag","Tag",200,"no"
141066,"tag","Tag",200,"no"
141066,"tag","Tag",200,"yes"
141066,"tag","Tag",200,"yes"
141066,"tag","Tag",200,"no"
141066,"tag","Tag",200,"no"
141066,"tag","Tag",200,"no"
141066,"tag","Tag",200,"no"
610971,"tag","Tag",200,"no"
610971,"other","Others",200,"no"
610971,"other","Others",200,"no"
141126,"other","Others",200,"no"
141066,"tag","Tag",200,"no"
141066,"tag","Tag",200,"no"
141066,"other","Others",200,"no"
141066,"tag","Tag",200,"no"
611143,"slogan","SITS",200,"no"
140923,"other","Others",200,"no"
140988,"tag","Tag",200,"no"
140988,"tag","Tag",200,"no"
140988,"tag","Tag",200,"no"
140988,"other","Others",200,"no"
140988,"other","Others",200,"no"
140988,"other","Others",200,"no"
140988,"other","Others",200,"no"
140988,"slogan","SITS",200,"no"
141126,"tag","Tag",200,"no"
141126,"other","Others",200,"no"
141126,"tag","Tag",200,"no"
610971,"tag","Tag",200,"no"
140923,"tag","Tag",200,"no"
140923,"tag","Tag",200,"no"
140988,"tag","Tag",200,"no"
141769,"other","Others",191,"no"
141769,"other","Others",191,"no"
141769,"tag","Tag",191,"no"
141769,"slogan","SITS",191,"no"
141769,"other","Others",191,"no"
141769,"tag","Tag",191,"no"
610977,"tag","Tag",191,"yes"
610977,"tag","Tag",191,"no"
610977,"stencil","SITS",191,"no"
359104,"tag","Tag",191,"no"
359104,"other","Others",191,"no"
359104,"tag","Tag",191,"no"
359104,"tag","Tag",191,"no"
359104,"other","Others",191,"no"
359104,"other","Others",191,"no"
359104,"tag","Tag",191,"no"
359104,"other","Others",191,"no"
141089,"tag","Tag",191,"no"
141089,"other","Others",191,"no"
141089,"tag","Tag",191,"no"
141089,"tag","Tag",191,"no"
141089,"other","Others",191,"no"
141089,"other","Others",191,"no"
141089,"tag","Tag",191,"no"
141089,"illustration","SITS",191,"no"
141089,"illustration","SITS",191,"no"
141089,"other","Others",191,"no"
141089,"illustration","SITS",191,"no"
141089,"throw up","SITS",191,"yes"
141089,"illustration","SITS",191,"no"
627616,"tag","Tag",191,"no"
627616,"tag","Tag",191,"no"
627616,"stencil","SITS",191,"yes"
627616,"throw up","SITS",191,"no"
627616,"throw up","SITS",191,"no"
627616,"tag","Tag",191,"no"
627616,"tag","Tag",191,"no"
627616,"tag","Tag",191,"no"
627616,"tag","Tag",191,"no"
627616,"tag","Tag",191,"no"
627616,"tag","Tag",191,"no"
627616,"tag","Tag",191,"no"
627616,"other","Others",191,"no"
627616,"tag","Tag",191,"no"
627616,"tag","Tag",191,"no"
627616,"other","Others",191,"no"
627616,"stencil","SITS",191,"no"
627616,"stencil","SITS",191,"no"
627616,"tag","Tag",191,"no"
627616,"tag","Tag",191,"no"
627661,"tag","Tag",191,"no"
627661,"stencil","SITS",191,"no"
627661,"tag","Tag",191,"no"
627661,"illustration","SITS",191,"no"
627661,"slogan","SITS",191,"no"
627661,"tag","Tag",191,"no"
627661,"other","Others",191,"no"
627661,"tag","Tag",191,"no"
627661,"tag","Tag",191,"no"
627661,"stencil","SITS",191,"no"
627661,"other","Others",191,"no"
627661,"tag","Tag",191,"no"
627661,"other","Others",191,"no"
627661,"tag","Tag",191,"no"
141089,"tag","Tag",191,"no"
141089,"tag","Tag",191,"no"
141089,"tag","Tag",191,"no"
141105,"tag","Tag",191,"no"
141105,"tag","Tag",191,"no"
358550,"tag","Tag",191,"no"
358550,"tag","Tag",191,"no"
358550,"tag","Tag",191,"no"
358550,"tag","Tag",191,"no"
358550,"tag","Tag",191,"no"
358550,"other","Others",191,"no"
358550,"tag","Tag",191,"no"
358550,"tag","Tag",191,"no"
358550,"other","Others",191,"no"
358550,"tag","Tag",191,"no"
358550,"tag","Tag",191,"no"
358550,"other","Others",191,"no"
358550,"other","Others",191,"no"
358550,"other","Others",191,"no"
358550,"illustration","SITS",191,"no"
358550,"other","Others",191,"no"
358550,"other","Others",191,"no"
140593,"tag","Tag",107,"no"
140593,"tag","Tag",107,"no"
140593,"other","Others",107,"no"
140593,"other","Others",107,"no"
140592,"tag","Tag",107,"no"
140592,"tag","Tag",107,"no"
140592,"tag","Tag",107,"no"
140592,"tag","Tag",107,"no"
140592,"tag","Tag",107,"no"
140592,"tag","Tag",107,"no"
140592,"tag","Tag",107,"no"
140592,"tag","Tag",107,"no"
140592,"slogan","SITS",107,"no"
140592,"tag","Tag",107,"no"
140592,"tag","Tag",107,"no"
140592,"tag","Tag",107,"no"
140592,"tag","Tag",107,"no"
140592,"tag","Tag",107,"no"
140592,"other","Others",107,"no"
140592,"other","Others",107,"no"
140592,"tag","Tag",107,"no"
140592,"tag","Tag",107,"no"
140592,"tag","Tag",107,"no"
140592,"tag","Tag",107,"no"
140592,"tag","Tag",107,"no"
140592,"tag","Tag",107,"no"
140592,"tag","Tag",107,"no"
140592,"tag","Tag",107,"no"
140592,"tag","Tag",107,"no"
140592,"tag","Tag",107,"no"
140592,"tag","Tag",107,"no"
140595,"tag","Tag",107,"no"
140595,"slogan","SITS",107,"no"
140595,"tag","Tag",107,"no"
140595,"illustration","SITS",107,"no"
145352,"tag","Tag",107,"no"
145352,"throw up","SITS",107,"no"
145352,"masterpiece","Masterpiece",107,"yes"
145352,"slogan","SITS",107,"yes"
145352,"slogan","SITS",107,"yes"
145352,"illustration","SITS",107,"no"
145352,"tag","Tag",107,"no"
145352,"tag","Tag",107,"no"
145352,"illustration","SITS",107,"no"
145352,"tag","Tag",107,"no"
145352,"tag","Tag",107,"no"
145352,"tag","Tag",107,"no"
145352,"illustration","SITS",107,"no"
145352,"slogan","SITS",107,"no"
145352,"tag","Tag",107,"no"
145352,"tag","Tag",107,"no"
145352,"tag","Tag",107,"no"
145352,"tag","Tag",107,"no"
145986,"tag","Tag",107,"no"
145986,"stencil","SITS",107,"no"
145986,"tag","Tag",107,"no"
145986,"tag","Tag",107,"no"
145986,"tag","Tag",107,"no"
145986,"throw up","SITS",107,"no"
145986,"throw up","SITS",107,"no"
145986,"stencil","SITS",107,"no"
145986,"tag","Tag",107,"no"
145986,"tag","Tag",107,"no"
145986,"tag","Tag",107,"no"
145986,"tag","Tag",107,"no"
145986,"tag","Tag",107,"no"
145986,"tag","Tag",107,"no"
145986,"tag","Tag",107,"no"
145986,"tag","Tag",107,"no"
145986,"tag","Tag",107,"no"
145986,"tag","Tag",107,"no"
145986,"tag","Tag",107,"no"
145986,"tag","Tag",107,"no"
145986,"tag","Tag",107,"no"
145986,"other","Others",107,"no"
145986,"tag","Tag",107,"no"
145986,"slogan","SITS",107,"no"
145986,"illustration","SITS",107,"no"
145986,"tag","Tag",107,"no"
145986,"throw up","SITS",107,"no"
145986,"illustration","SITS",107,"no"
145986,"slogan","SITS",107,"no"
145986,"slogan","SITS",107,"no"
145986,"tag","Tag",107,"no"
145986,"tag","Tag",107,"no"
145986,"tag","Tag",107,"no"
145986,"tag","Tag",107,"no"
145986,"slogan","SITS",107,"no"
145986,"other","Others",107,"no"
145986,"tag","Tag",107,"no"
145986,"tag","Tag",107,"no"
145986,"tag","Tag",107,"no"
145986,"tag","Tag",107,"no"
145556,"throw up","SITS",107,"no"
145556,"other","Others",107,"no"
145556,"tag","Tag",107,"no"
145556,"tag","Tag",107,"no"
145556,"tag","Tag",107,"no"
611201,"other","Others",107,"no"
611201,"other","Others",107,"no"
611201,"other","Others",107,"no"
611201,"other","Others",107,"no"
145725,"other","Others",107,"no"
145725,"other","Others",107,"no"
145725,"other","Others",107,"no"
145725,"other","Others",107,"no"
145725,"other","Others",107,"no"
145725,"other","Others",107,"no"
145725,"other","Others",107,"no"
145725,"tag","Tag",107,"no"
145725,"tag","Tag",107,"no"
145725,"illustration","SITS",107,"no"
145725,"tag","Tag",107,"no"
145725,"tag","Tag",107,"no"
145725,"other","Others",107,"no"
145725,"tag","Tag",107,"no"
145725,"tag","Tag",107,"yes"
145725,"tag","Tag",107,"no"
145725,"tag","Tag",107,"no"
145725,"other","Others",107,"no"
145562,"tag","Tag",107,"no"
145562,"other","Others",107,"no"
145562,"other","Others",107,"no"
145562,"tag","Tag",107,"no"
145562,"tag","Tag",107,"no"
145722,"other","Others",107,"no"
145722,"other","Others",107,"no"
145722,"other","Others",107,"no"
145722,"other","Others",107,"no"
145722,"other","Others",107,"no"
145722,"other","Others",107,"no"
145722,"other","Others",107,"no"
145722,"tag","Tag",107,"no"
145722,"tag","Tag",107,"no"
145729,"other","Others",107,"no"
145729,"other","Others",107,"no"
145352,"throw up","SITS",107,"yes"
145352,"tag","Tag",107,"no"
145352,"tag","Tag",107,"no"
145352,"tag","Tag",107,"no"
145352,"tag","Tag",107,"no"
145352,"other","Others",107,"yes"
145986,"slogan","SITS",107,"no"
145725,"tag","Tag",107,"no"
55457,"other","Others",160,"no"
55457,"tag","Tag",160,"no"
55457,"slogan","SITS",160,"no"
55457,"tag","Tag",160,"no"
55457,"tag","Tag",160,"no"
55457,"tag","Tag",160,"no"
55457,"slogan","SITS",160,"no"
55457,"tag","Tag",160,"no"
55457,"illustration","SITS",160,"no"
55457,"tag","Tag",160,"no"
55457,"slogan","SITS",160,"no"
55457,"slogan","SITS",160,"yes"
55457,"tag","Tag",160,"no"
55457,"tag","Tag",160,"no"
55457,"slogan","SITS",160,"no"
55457,"tag","Tag",160,"no"
55457,"tag","Tag",160,"no"
55457,"tag","Tag",160,"no"
55457,"tag","Tag",160,"no"
55457,"tag","Tag",160,"yes"
55457,"tag","Tag",160,"no"
55457,"tag","Tag",160,"yes"
55457,"tag","Tag",160,"yes"
55457,"tag","Tag",160,"yes"
55457,"tag","Tag",160,"no"
55457,"tag","Tag",160,"yes"
55457,"tag","Tag",160,"yes"
55457,"tag","Tag",160,"no"
55457,"tag","Tag",160,"no"
55457,"tag","Tag",160,"no"
55457,"tag","Tag",160,"no"
55457,"tag","Tag",160,"no"
55457,"tag","Tag",160,"no"
55457,"tag","Tag",160,"yes"
55457,"tag","Tag",160,"no"
55457,"slogan","SITS",160,"no"
55457,"slogan","SITS",160,"no"
55457,"slogan","SITS",160,"no"
55457,"slogan","SITS",160,"no"
55457,"slogan","SITS",160,"no"
55457,"slogan","SITS",160,"no"
55457,"slogan","SITS",160,"no"
55457,"slogan","SITS",160,"no"
55457,"slogan","SITS",160,"no"
55457,"slogan","SITS",160,"no"
55457,"slogan","SITS",160,"no"
55457,"slogan","SITS",160,"no"
55457,"tag","Tag",160,"no"
55457,"slogan","SITS",160,"no"
55457,"slogan","SITS",160,"no"
55458,"tag","Tag",160,"no"
55458,"illustration","SITS",160,"no"
55458,"tag","Tag",160,"no"
55458,"throw up","SITS",160,"no"
55458,"tag","Tag",160,"no"
55458,"tag","Tag",160,"no"
55458,"tag","Tag",160,"no"
55458,"tag","Tag",160,"no"
55458,"illustration","SITS",160,"no"
55458,"tag","Tag",160,"no"
55458,"tag","Tag",160,"no"
55458,"illustration","SITS",160,"no"
55458,"tag","Tag",160,"no"
55458,"tag","Tag",160,"no"
55458,"slogan","SITS",160,"no"
55458,"throw up","SITS",160,"no"
55458,"tag","Tag",160,"no"
55458,"other","Others",160,"no"
55458,"other","Others",160,"no"
55458,"other","Others",160,"no"
145637,"tag","Tag",201,"no"
145637,"other","Others",201,"no"
145819,"tag","Tag",201,"no"
145819,"tag","Tag",201,"no"
145819,"other","Others",201,"no"
145819,"other","Others",201,"no"
145819,"tag","Tag",201,"no"
145819,"tag","Tag",201,"no"
145819,"tag","Tag",201,"no"
145819,"tag","Tag",201,"no"
145819,"tag","Tag",201,"yes"
145819,"tag","Tag",201,"no"
145819,"tag","Tag",201,"yes"
145819,"tag","Tag",201,"no"
145819,"tag","Tag",201,"yes"
145819,"tag","Tag",201,"no"
145819,"tag","Tag",201,"no"
140939,"tag","Tag",106,"no"
140939,"other","Others",106,"no"
140939,"other","Others",106,"no"
140939,"tag","Tag",106,"no"
140939,"tag","Tag",106,"no"
140939,"tag","Tag",106,"no"
141408,"tag","Tag",174,"no"
141408,"slogan","SITS",174,"no"
141169,"other","Others",202,"no"
141169,"tag","Tag",202,"no"
141400,"tag","Tag",202,"no"
141384,"tag","Tag",202,"no"
141384,"tag","Tag",202,"no"
141384,"tag","Tag",202,"yes"
141384,"tag","Tag",202,"no"
141172,"tag","Tag",202,"no"
141172,"tag","Tag",202,"no"
141172,"tag","Tag",202,"no"
141172,"tag","Tag",202,"no"
141170,"stencil","SITS",202,"no"
141283,"tag","Tag",202,"no"
141283,"tag","Tag",202,"no"
141283,"tag","Tag",202,"no"
611068,"tag","Tag",202,"no"
611068,"tag","Tag",202,"no"
611068,"tag","Tag",202,"no"
141466,"tag","Tag",202,"no"
358493,"tag","Tag",21,"no"
530166,"other","Others",21,"no"
530166,"other","Others",21,"no"
611123,"other","Others",203,"no"
141162,"tag","Tag",203,"no"
627833,"tag","Tag",203,"no"
627833,"tag","Tag",203,"no"
627833,"tag","Tag",203,"no"
627833,"masterpiece","Masterpiece",203,"no"
455745,"tag","Tag",203,"no"
455745,"masterpiece","Masterpiece",203,"no"
455745,"tag","Tag",203,"no"
140875,"other","Others",203,"no"
610952,"other","Others",203,"no"
627833,"masterpiece","Masterpiece",203,"no"
627833,"masterpiece","Masterpiece",203,"no"
627833,"tag","Tag",203,"no"
627833,"masterpiece","Masterpiece",203,"no"
455745,"tag","Tag",203,"no"
455745,"tag","Tag",203,"no"
140875,"tag","Tag",203,"no"
141497,"other","Others",154,"no"
141497,"other","Others",154,"no"
141055,"other","Others",154,"no"
455556,"other","Others",154,"no"
141525,"other","Others",92,"no"
141525,"tag","Tag",92,"no"
141525,"tag","Tag",92,"no"
141525,"slogan","SITS",92,"no"
141525,"illustration","SITS",92,"no"
141525,"slogan","SITS",92,"no"
141525,"illustration","SITS",92,"no"
141525,"other","Others",92,"no"
141525,"tag","Tag",92,"no"
140667,"tag","Tag",205,"no"
140624,"tag","Tag",212,"no"
140623,"tag","Tag",212,"no"
140623,"tag","Tag",212,"no"
140623,"tag","Tag",212,"no"
610666,"tag","Tag",212,"no"
610666,"tag","Tag",212,"no"
610666,"slogan","SITS",212,"no"
610666,"tag","Tag",212,"no"
610666,"tag","Tag",212,"yes"
610666,"tag","Tag",212,"no"
610666,"tag","Tag",212,"no"
610666,"tag","Tag",212,"no"
610666,"tag","Tag",212,"no"
610666,"tag","Tag",212,"yes"
610666,"tag","Tag",212,"no"
610666,"tag","Tag",212,"no"
610666,"tag","Tag",212,"no"
610666,"tag","Tag",212,"no"
610666,"tag","Tag",212,"no"
610666,"tag","Tag",212,"no"
610666,"tag","Tag",212,"no"
610666,"illustration","SITS",212,"no"
145392,"tag","Tag",212,"no"
145392,"tag","Tag",212,"no"
145392,"tag","Tag",212,"no"
145392,"tag","Tag",212,"no"
145392,"tag","Tag",212,"no"
145392,"tag","Tag",212,"no"
145392,"tag","Tag",212,"no"
145392,"tag","Tag",212,"no"
145392,"tag","Tag",212,"no"
145392,"tag","Tag",212,"no"
145392,"tag","Tag",212,"yes"
145392,"tag","Tag",212,"no"
145392,"tag","Tag",212,"no"
145392,"tag","Tag",212,"no"
145392,"tag","Tag",212,"no"
145392,"tag","Tag",212,"no"
610667,"tag","Tag",212,"no"
610667,"tag","Tag",212,"no"
610667,"illustration","SITS",212,"no"
610667,"tag","Tag",212,"no"
610667,"tag","Tag",212,"no"
610667,"masterpiece","Masterpiece",212,"no"
610706,"tag","Tag",212,"no"
610706,"tag","Tag",212,"no"
610706,"tag","Tag",212,"no"
610706,"tag","Tag",212,"no"
610706,"tag","Tag",212,"no"
610706,"tag","Tag",212,"no"
610706,"tag","Tag",212,"no"
145429,"masterpiece","Masterpiece",212,"no"
145429,"masterpiece","Masterpiece",212,"no"
145429,"tag","Tag",212,"no"
145429,"masterpiece","Masterpiece",212,"no"
145253,"throw up","SITS",212,"no"
145253,"tag","Tag",212,"no"
145253,"tag","Tag",212,"no"
145253,"tag","Tag",212,"no"
145253,"tag","Tag",212,"no"
140628,"tag","Tag",212,"no"
140628,"tag","Tag",212,"no"
140619,"tag","Tag",212,"no"
145365,"tag","Tag",212,"no"
559495,"illustration","SITS",212,"no"
559495,"tag","Tag",212,"yes"
559495,"tag","Tag",212,"no"
140399,"no graffiti","no graffiti",192,"no"
140404,"no graffiti","no graffiti",163,"no"
140407,"no graffiti","no graffiti",91,"no"
140408,"no graffiti","no graffiti",91,"no"
140412,"no graffiti","no graffiti",166,"no"
140423,"no graffiti","no graffiti",15,"no"
140431,"no graffiti","no graffiti",196,"no"
140442,"no graffiti","no graffiti",193,"no"
140465,"no graffiti","no graffiti",196,"no"
140488,"no graffiti","no graffiti",163,"no"
140500,"no graffiti","no graffiti",91,"no"
140503,"no graffiti","no graffiti",212,"no"
140506,"no graffiti","no graffiti",32,"no"
140514,"no graffiti","no graffiti",122,"no"
140520,"no graffiti","no graffiti",192,"no"
140521,"no graffiti","no graffiti",192,"no"
140525,"no graffiti","no graffiti",192,"no"
140526,"no graffiti","no graffiti",192,"no"
140545,"no graffiti","no graffiti",2,"no"
140548,"no graffiti","no graffiti",193,"no"
140554,"no graffiti","no graffiti",194,"no"
140559,"no graffiti","no graffiti",193,"no"
140567,"no graffiti","no graffiti",195,"no"
140574,"no graffiti","no graffiti",19,"no"
140590,"no graffiti","no graffiti",2,"no"
140598,"no graffiti","no graffiti",141,"no"
140603,"no graffiti","no graffiti",149,"no"
140620,"no graffiti","no graffiti",212,"no"
140626,"no graffiti","no graffiti",212,"no"
140627,"no graffiti","no graffiti",212,"no"
140629,"no graffiti","no graffiti",212,"no"
140657,"no graffiti","no graffiti",70,"no"
140659,"no graffiti","no graffiti",81,"no"
140671,"no graffiti","no graffiti",166,"no"
140674,"no graffiti","no graffiti",166,"no"
140677,"no graffiti","no graffiti",23,"no"
140683,"no graffiti","no graffiti",166,"no"
140693,"no graffiti","no graffiti",189,"no"
140695,"no graffiti","no graffiti",189,"no"
140722,"no graffiti","no graffiti",131,"no"
140723,"no graffiti","no graffiti",131,"no"
140742,"no graffiti","no graffiti",189,"no"
140744,"no graffiti","no graffiti",166,"no"
140750,"no graffiti","no graffiti",166,"no"
140776,"no graffiti","no graffiti",15,"no"
140789,"no graffiti","no graffiti",22,"no"
140799,"no graffiti","no graffiti",193,"no"
140813,"no graffiti","no graffiti",81,"no"
140814,"no graffiti","no graffiti",22,"no"
140817,"no graffiti","no graffiti",22,"no"
140831,"no graffiti","no graffiti",188,"no"
140862,"no graffiti","no graffiti",148,"no"
140872,"no graffiti","no graffiti",71,"no"
140883,"no graffiti","no graffiti",20,"no"
140891,"no graffiti","no graffiti",159,"no"
140908,"no graffiti","no graffiti",159,"no"
140928,"no graffiti","no graffiti",17,"no"
140953,"no graffiti","no graffiti",208,"no"
140956,"no graffiti","no graffiti",176,"no"
140967,"no graffiti","no graffiti",120,"no"
140999,"no graffiti","no graffiti",208,"no"
141001,"no graffiti","no graffiti",20,"no"
141002,"no graffiti","no graffiti",159,"no"
141004,"no graffiti","no graffiti",186,"no"
141007,"no graffiti","no graffiti",13,"no"
141008,"no graffiti","no graffiti",20,"no"
141009,"no graffiti","no graffiti",176,"no"
141012,"no graffiti","no graffiti",170,"no"
141018,"no graffiti","no graffiti",149,"no"
141028,"no graffiti","no graffiti",175,"no"
141033,"no graffiti","no graffiti",152,"no"
141039,"no graffiti","no graffiti",21,"no"
141044,"no graffiti","no graffiti",21,"no"
141045,"no graffiti","no graffiti",20,"no"
141050,"no graffiti","no graffiti",159,"no"
141057,"no graffiti","no graffiti",71,"no"
141067,"no graffiti","no graffiti",196,"no"
141075,"no graffiti","no graffiti",176,"no"
141088,"no graffiti","no graffiti",71,"no"
141114,"no graffiti","no graffiti",20,"no"
141117,"no graffiti","no graffiti",148,"no"
141118,"no graffiti","no graffiti",17,"no"
141123,"no graffiti","no graffiti",21,"no"
141147,"no graffiti","no graffiti",175,"no"
141151,"no graffiti","no graffiti",159,"no"
141165,"no graffiti","no graffiti",122,"no"
141168,"no graffiti","no graffiti",203,"no"
141180,"no graffiti","no graffiti",123,"no"
141181,"no graffiti","no graffiti",85,"no"
141182,"no graffiti","no graffiti",85,"no"
141189,"no graffiti","no graffiti",31,"no"
141190,"no graffiti","no graffiti",82,"no"
141192,"no graffiti","no graffiti",162,"no"
141195,"no graffiti","no graffiti",129,"no"
141204,"no graffiti","no graffiti",162,"no"
141221,"no graffiti","no graffiti",87,"no"
141241,"no graffiti","no graffiti",208,"no"
141257,"no graffiti","no graffiti",102,"no"
141260,"no graffiti","no graffiti",113,"no"
141278,"no graffiti","no graffiti",92,"no"
141284,"no graffiti","no graffiti",112,"no"
141287,"no graffiti","no graffiti",109,"no"
141291,"no graffiti","no graffiti",147,"no"
141295,"no graffiti","no graffiti",87,"no"
141296,"no graffiti","no graffiti",113,"no"
141297,"no graffiti","no graffiti",157,"no"
141298,"no graffiti","no graffiti",162,"no"
141309,"no graffiti","no graffiti",118,"no"
141312,"no graffiti","no graffiti",82,"no"
141314,"no graffiti","no graffiti",203,"no"
141315,"no graffiti","no graffiti",99,"no"
141317,"no graffiti","no graffiti",157,"no"
141321,"no graffiti","no graffiti",31,"no"
141322,"no graffiti","no graffiti",122,"no"
141324,"no graffiti","no graffiti",162,"no"
141330,"no graffiti","no graffiti",162,"no"
141332,"no graffiti","no graffiti",39,"no"
141333,"no graffiti","no graffiti",203,"no"
141335,"no graffiti","no graffiti",123,"no"
141338,"no graffiti","no graffiti",174,"no"
141340,"no graffiti","no graffiti",118,"no"
141341,"no graffiti","no graffiti",157,"no"
141343,"no graffiti","no graffiti",208,"no"
141345,"no graffiti","no graffiti",109,"no"
141354,"no graffiti","no graffiti",10,"no"
141359,"no graffiti","no graffiti",43,"no"
141362,"no graffiti","no graffiti",43,"no"
141368,"no graffiti","no graffiti",113,"no"
141372,"no graffiti","no graffiti",25,"no"
141379,"no graffiti","no graffiti",85,"no"
141381,"no graffiti","no graffiti",203,"no"
141382,"no graffiti","no graffiti",183,"no"
141386,"no graffiti","no graffiti",157,"no"
141390,"no graffiti","no graffiti",123,"no"
141405,"no graffiti","no graffiti",113,"no"
141416,"no graffiti","no graffiti",198,"no"
141450,"no graffiti","no graffiti",203,"no"
141452,"no graffiti","no graffiti",20,"no"
141456,"no graffiti","no graffiti",30,"no"
141471,"no graffiti","no graffiti",147,"no"
141473,"no graffiti","no graffiti",104,"no"
141478,"no graffiti","no graffiti",47,"no"
141492,"no graffiti","no graffiti",162,"no"
141496,"no graffiti","no graffiti",204,"no"
141503,"no graffiti","no graffiti",147,"no"
141505,"no graffiti","no graffiti",31,"no"
141506,"no graffiti","no graffiti",113,"no"
141517,"no graffiti","no graffiti",178,"no"
141537,"no graffiti","no graffiti",192,"no"
141541,"no graffiti","no graffiti",178,"no"
141543,"no graffiti","no graffiti",203,"no"
141544,"no graffiti","no graffiti",26,"no"
141546,"no graffiti","no graffiti",162,"no"
141550,"no graffiti","no graffiti",29,"no"
141556,"no graffiti","no graffiti",203,"no"
141564,"no graffiti","no graffiti",192,"no"
141568,"no graffiti","no graffiti",147,"no"
141572,"no graffiti","no graffiti",129,"no"
141582,"no graffiti","no graffiti",26,"no"
141583,"no graffiti","no graffiti",162,"no"
141585,"no graffiti","no graffiti",192,"no"
141590,"no graffiti","no graffiti",26,"no"
141596,"no graffiti","no graffiti",80,"no"
141623,"no graffiti","no graffiti",108,"no"
141624,"no graffiti","no graffiti",88,"no"
141626,"no graffiti","no graffiti",108,"no"
141628,"no graffiti","no graffiti",204,"no"
141634,"no graffiti","no graffiti",35,"no"
141636,"no graffiti","no graffiti",108,"no"
141641,"no graffiti","no graffiti",35,"no"
141642,"no graffiti","no graffiti",47,"no"
141644,"no graffiti","no graffiti",35,"no"
141647,"no graffiti","no graffiti",35,"no"
141649,"no graffiti","no graffiti",50,"no"
141659,"no graffiti","no graffiti",152,"no"
141667,"no graffiti","no graffiti",68,"no"
141668,"no graffiti","no graffiti",110,"no"
141673,"no graffiti","no graffiti",50,"no"
141683,"no graffiti","no graffiti",84,"no"
141685,"no graffiti","no graffiti",84,"no"
141698,"no graffiti","no graffiti",14,"no"
141704,"no graffiti","no graffiti",36,"no"
141711,"no graffiti","no graffiti",6,"no"
141715,"no graffiti","no graffiti",6,"no"
141716,"no graffiti","no graffiti",84,"no"
141722,"no graffiti","no graffiti",36,"no"
141723,"no graffiti","no graffiti",84,"no"
141724,"no graffiti","no graffiti",6,"no"
141728,"no graffiti","no graffiti",6,"no"
141735,"no graffiti","no graffiti",110,"no"
141737,"no graffiti","no graffiti",88,"no"
141738,"no graffiti","no graffiti",68,"no"
141739,"no graffiti","no graffiti",68,"no"
141745,"no graffiti","no graffiti",204,"no"
141746,"no graffiti","no graffiti",73,"no"
141751,"no graffiti","no graffiti",4,"no"
141752,"no graffiti","no graffiti",204,"no"
141753,"no graffiti","no graffiti",4,"no"
141756,"no graffiti","no graffiti",4,"no"
141767,"no graffiti","no graffiti",108,"no"
141768,"no graffiti","no graffiti",88,"no"
141782,"no graffiti","no graffiti",6,"no"
141783,"no graffiti","no graffiti",88,"no"
141787,"no graffiti","no graffiti",88,"no"
141801,"no graffiti","no graffiti",164,"no"
141808,"no graffiti","no graffiti",80,"no"
141813,"no graffiti","no graffiti",4,"no"
141815,"no graffiti","no graffiti",130,"no"
141819,"no graffiti","no graffiti",50,"no"
141824,"no graffiti","no graffiti",80,"no"
141830,"no graffiti","no graffiti",4,"no"
141836,"no graffiti","no graffiti",80,"no"
141869,"no graffiti","no graffiti",146,"no"
141990,"no graffiti","no graffiti",5,"no"
142023,"no graffiti","no graffiti",143,"no"
142026,"no graffiti","no graffiti",5,"no"
142118,"no graffiti","no graffiti",6,"no"
142121,"no graffiti","no graffiti",211,"no"
142170,"no graffiti","no graffiti",211,"no"
143772,"no graffiti","no graffiti",83,"no"
144039,"no graffiti","no graffiti",198,"no"
144145,"no graffiti","no graffiti",116,"no"
144147,"no graffiti","no graffiti",151,"no"
145113,"no graffiti","no graffiti",99,"no"
145154,"no graffiti","no graffiti",31,"no"
145168,"no graffiti","no graffiti",99,"no"
145190,"no graffiti","no graffiti",42,"no"
145195,"no graffiti","no graffiti",89,"no"
145196,"no graffiti","no graffiti",155,"no"
145209,"no graffiti","no graffiti",155,"no"
145214,"no graffiti","no graffiti",155,"no"
145215,"no graffiti","no graffiti",78,"no"
145217,"no graffiti","no graffiti",172,"no"
145271,"no graffiti","no graffiti",27,"no"
145280,"no graffiti","no graffiti",52,"no"
145293,"no graffiti","no graffiti",27,"no"
145295,"no graffiti","no graffiti",79,"no"
145311,"no graffiti","no graffiti",155,"no"
145321,"no graffiti","no graffiti",155,"no"
145325,"no graffiti","no graffiti",155,"no"
145326,"no graffiti","no graffiti",155,"no"
145330,"no graffiti","no graffiti",89,"no"
145333,"no graffiti","no graffiti",155,"no"
145335,"no graffiti","no graffiti",89,"no"
145342,"no graffiti","no graffiti",42,"no"
145344,"no graffiti","no graffiti",177,"no"
145354,"no graffiti","no graffiti",177,"no"
145357,"no graffiti","no graffiti",78,"no"
145362,"no graffiti","no graffiti",177,"no"
145380,"no graffiti","no graffiti",100,"no"
145396,"no graffiti","no graffiti",70,"no"
145401,"no graffiti","no graffiti",100,"no"
145435,"no graffiti","no graffiti",54,"no"
145437,"no graffiti","no graffiti",55,"no"
145448,"no graffiti","no graffiti",33,"no"
145449,"no graffiti","no graffiti",52,"no"
145450,"no graffiti","no graffiti",45,"no"
145455,"no graffiti","no graffiti",45,"no"
145457,"no graffiti","no graffiti",167,"no"
145460,"no graffiti","no graffiti",70,"no"
145470,"no graffiti","no graffiti",168,"no"
145472,"no graffiti","no graffiti",51,"no"
145475,"no graffiti","no graffiti",155,"no"
145477,"no graffiti","no graffiti",27,"no"
145488,"no graffiti","no graffiti",172,"no"
145490,"no graffiti","no graffiti",126,"no"
145492,"no graffiti","no graffiti",27,"no"
145495,"no graffiti","no graffiti",27,"no"
145497,"no graffiti","no graffiti",27,"no"
145506,"no graffiti","no graffiti",27,"no"
145507,"no graffiti","no graffiti",52,"no"
145509,"no graffiti","no graffiti",52,"no"
145511,"no graffiti","no graffiti",56,"no"
145514,"no graffiti","no graffiti",86,"no"
145515,"no graffiti","no graffiti",95,"no"
145523,"no graffiti","no graffiti",27,"no"
145531,"no graffiti","no graffiti",56,"no"
145533,"no graffiti","no graffiti",27,"no"
145538,"no graffiti","no graffiti",51,"no"
145558,"no graffiti","no graffiti",150,"no"
145565,"no graffiti","no graffiti",117,"no"
145569,"no graffiti","no graffiti",69,"no"
145580,"no graffiti","no graffiti",117,"no"
145582,"no graffiti","no graffiti",69,"no"
145592,"no graffiti","no graffiti",72,"no"
145594,"no graffiti","no graffiti",34,"no"
145604,"no graffiti","no graffiti",69,"no"
145626,"no graffiti","no graffiti",160,"no"
145629,"no graffiti","no graffiti",125,"no"
145639,"no graffiti","no graffiti",125,"no"
145731,"no graffiti","no graffiti",114,"no"
145738,"no graffiti","no graffiti",69,"no"
145760,"no graffiti","no graffiti",138,"no"
145776,"no graffiti","no graffiti",125,"no"
145778,"no graffiti","no graffiti",145,"no"
145780,"no graffiti","no graffiti",125,"no"
145782,"no graffiti","no graffiti",145,"no"
145789,"no graffiti","no graffiti",145,"no"
145793,"no graffiti","no graffiti",145,"no"
145799,"no graffiti","no graffiti",69,"no"
145800,"no graffiti","no graffiti",145,"no"
145809,"no graffiti","no graffiti",95,"no"
145814,"no graffiti","no graffiti",69,"no"
145823,"no graffiti","no graffiti",119,"no"
145825,"no graffiti","no graffiti",125,"no"
145827,"no graffiti","no graffiti",97,"no"
145829,"no graffiti","no graffiti",97,"no"
145833,"no graffiti","no graffiti",160,"no"
145854,"no graffiti","no graffiti",201,"no"
145869,"no graffiti","no graffiti",115,"no"
21595,"no graffiti","no graffiti",195,"no"
21599,"no graffiti","no graffiti",81,"no"
21600,"no graffiti","no graffiti",15,"no"
21696,"no graffiti","no graffiti",159,"no"
21742,"no graffiti","no graffiti",59,"no"
21778,"no graffiti","no graffiti",191,"no"
23171,"no graffiti","no graffiti",172,"no"
23196,"no graffiti","no graffiti",114,"no"
23199,"no graffiti","no graffiti",114,"no"
33848,"no graffiti","no graffiti",207,"no"
33880,"no graffiti","no graffiti",89,"no"
33902,"no graffiti","no graffiti",132,"no"
33907,"no graffiti","no graffiti",89,"no"
34677,"no graffiti","no graffiti",90,"no"
34693,"no graffiti","no graffiti",173,"no"
358552,"no graffiti","no graffiti",111,"no"
358556,"no graffiti","no graffiti",74,"no"
358601,"no graffiti","no graffiti",143,"no"
358607,"no graffiti","no graffiti",139,"no"
358665,"no graffiti","no graffiti",143,"no"
358667,"no graffiti","no graffiti",143,"no"
358700,"no graffiti","no graffiti",159,"no"
358713,"no graffiti","no graffiti",85,"no"
358728,"no graffiti","no graffiti",48,"no"
358733,"no graffiti","no graffiti",33,"no"
358741,"no graffiti","no graffiti",81,"no"
358760,"no graffiti","no graffiti",192,"no"
358813,"no graffiti","no graffiti",177,"no"
358820,"no graffiti","no graffiti",44,"no"
359105,"no graffiti","no graffiti",104,"no"
359269,"no graffiti","no graffiti",66,"no"
359300,"no graffiti","no graffiti",44,"no"
359307,"no graffiti","no graffiti",103,"no"
359309,"no graffiti","no graffiti",69,"no"
359310,"no graffiti","no graffiti",69,"no"
3866,"no graffiti","no graffiti",7,"no"
3882,"no graffiti","no graffiti",77,"no"
3902,"no graffiti","no graffiti",148,"no"
3934,"no graffiti","no graffiti",89,"no"
3941,"no graffiti","no graffiti",90,"no"
3952,"no graffiti","no graffiti",179,"no"
3976,"no graffiti","no graffiti",65,"no"
3977,"no graffiti","no graffiti",65,"no"
455476,"no graffiti","no graffiti",48,"no"
455539,"no graffiti","no graffiti",91,"no"
455555,"no graffiti","no graffiti",21,"no"
455580,"no graffiti","no graffiti",53,"no"
455721,"no graffiti","no graffiti",130,"no"
455722,"no graffiti","no graffiti",130,"no"
455748,"no graffiti","no graffiti",130,"no"
530,"no graffiti","no graffiti",65,"no"
530168,"no graffiti","no graffiti",164,"no"
530175,"no graffiti","no graffiti",163,"no"
530242,"no graffiti","no graffiti",22,"no"
530413,"no graffiti","no graffiti",194,"no"
533,"no graffiti","no graffiti",77,"no"
559392,"no graffiti","no graffiti",130,"no"
559396,"no graffiti","no graffiti",164,"no"
559421,"no graffiti","no graffiti",143,"no"
559436,"no graffiti","no graffiti",26,"no"
559484,"no graffiti","no graffiti",51,"no"
606658,"no graffiti","no graffiti",40,"no"
606659,"no graffiti","no graffiti",40,"no"
606668,"no graffiti","no graffiti",85,"no"
610555,"no graffiti","no graffiti",142,"no"
610560,"no graffiti","no graffiti",142,"no"
610596,"no graffiti","no graffiti",125,"no"
610612,"no graffiti","no graffiti",126,"no"
610615,"no graffiti","no graffiti",95,"no"
610616,"no graffiti","no graffiti",95,"no"
610618,"no graffiti","no graffiti",75,"no"
610621,"no graffiti","no graffiti",27,"no"
610638,"no graffiti","no graffiti",70,"no"
610642,"no graffiti","no graffiti",46,"no"
610654,"no graffiti","no graffiti",55,"no"
610656,"no graffiti","no graffiti",32,"no"
610659,"no graffiti","no graffiti",155,"no"
610665,"no graffiti","no graffiti",142,"no"
610669,"no graffiti","no graffiti",168,"no"
610679,"no graffiti","no graffiti",155,"no"
610686,"no graffiti","no graffiti",72,"no"
610689,"no graffiti","no graffiti",155,"no"
610695,"no graffiti","no graffiti",209,"no"
610703,"no graffiti","no graffiti",55,"no"
610708,"no graffiti","no graffiti",75,"no"
610922,"no graffiti","no graffiti",83,"no"
610965,"no graffiti","no graffiti",120,"no"
610970,"no graffiti","no graffiti",87,"no"
610991,"no graffiti","no graffiti",80,"no"
611002,"no graffiti","no graffiti",114,"no"
611039,"no graffiti","no graffiti",159,"no"
611054,"no graffiti","no graffiti",116,"no"
611070,"no graffiti","no graffiti",80,"no"
611081,"no graffiti","no graffiti",203,"no"
611091,"no graffiti","no graffiti",30,"no"
611128,"no graffiti","no graffiti",130,"no"
611148,"no graffiti","no graffiti",80,"no"
611179,"no graffiti","no graffiti",29,"no"
611196,"no graffiti","no graffiti",162,"no"
611212,"no graffiti","no graffiti",136,"no"
611216,"no graffiti","no graffiti",5,"no"
611250,"no graffiti","no graffiti",157,"no"
611263,"no graffiti","no graffiti",135,"no"
611265,"no graffiti","no graffiti",164,"no"
611267,"no graffiti","no graffiti",29,"no"
627503,"no graffiti","no graffiti",160,"no"
627583,"no graffiti","no graffiti",192,"no"
627604,"no graffiti","no graffiti",102,"no"
627617,"no graffiti","no graffiti",27,"no"
627689,"no graffiti","no graffiti",140,"no"
627721,"no graffiti","no graffiti",109,"no"
627812,"no graffiti","no graffiti",126,"no"
627893,"no graffiti","no graffiti",7,"no"
627894,"no graffiti","no graffiti",7,"no"
627930,"no graffiti","no graffiti",181,"no"
90555,"no graffiti","no graffiti",191,"no"
90563,"no graffiti","no graffiti",65,"no"
90568,"no graffiti","no graffiti",96,"no"
140785,"tag","Tag",2,"no"
140785,"other","Others",2,"no"
140785,"other","Others",2,"no"
140837,"illustration","SITS",3,"no"
611040,"tag","Tag",3,"no"
611040,"tag","Tag",3,"no"
611040,"tag","Tag",3,"no"
611040,"tag","Tag",3,"no"
611040,"tag","Tag",3,"no"
611040,"tag","Tag",3,"no"
611040,"tag","Tag",3,"no"
611040,"tag","Tag",3,"no"
611040,"tag","Tag",3,"no"
611040,"tag","Tag",3,"no"
611040,"tag","Tag",3,"no"
611040,"tag","Tag",3,"no"
611040,"tag","Tag",3,"no"
611040,"tag","Tag",3,"no"
611040,"tag","Tag",3,"no"
611040,"tag","Tag",3,"no"
611040,"tag","Tag",3,"no"
611040,"tag","Tag",3,"no"
611040,"tag","Tag",3,"no"
611040,"tag","Tag",3,"no"
611040,"tag","Tag",3,"no"
611040,"tag","Tag",3,"no"
140975,"tag","Tag",3,"no"
140975,"throw up","SITS",3,"no"
140975,"tag","Tag",3,"no"
140975,"tag","Tag",3,"no"
140975,"tag","Tag",3,"no"
141030,"tag","Tag",3,"no"
141030,"tag","Tag",3,"no"
141030,"tag","Tag",3,"no"
140837,"tag","Tag",3,"no"
141030,"tag","Tag",3,"no"
611144,"tag","Tag",3,"no"
611144,"tag","Tag",3,"no"
611144,"tag","Tag",3,"no"
611040,"other","Others",3,"no"
611040,"tag","Tag",3,"no"
141030,"tag","Tag",3,"no"
611259,"tag","Tag",133,"no"
611259,"throw up","SITS",133,"no"
611259,"tag","Tag",133,"no"
611259,"tag","Tag",133,"no"
611259,"tag","Tag",133,"no"
611259,"tag","Tag",133,"no"
611259,"tag","Tag",133,"no"
611259,"illustration","SITS",133,"no"
611259,"tag","Tag",133,"yes"
611259,"tag","Tag",133,"no"
141264,"tag","Tag",133,"no"
141264,"tag","Tag",133,"no"
610961,"illustration","SITS",133,"no"
610961,"tag","Tag",133,"no"
610961,"illustration","SITS",133,"no"
610961,"illustration","SITS",133,"no"
610961,"illustration","SITS",133,"no"
610961,"throw up","SITS",133,"no"
610961,"tag","Tag",133,"no"
610961,"tag","Tag",133,"no"
610961,"tag","Tag",133,"no"
610961,"tag","Tag",133,"no"
610961,"illustration","SITS",133,"no"
141398,"tag","Tag",133,"no"
141398,"tag","Tag",133,"no"
141398,"tag","Tag",133,"no"
141398,"tag","Tag",133,"no"
141282,"tag","Tag",133,"no"
141282,"tag","Tag",133,"no"
140971,"tag","Tag",133,"no"
140971,"tag","Tag",133,"no"
140971,"tag","Tag",133,"yes"
140971,"tag","Tag",133,"no"
140971,"tag","Tag",133,"no"
140971,"tag","Tag",133,"yes"
140971,"tag","Tag",133,"no"
140971,"tag","Tag",133,"no"
140971,"tag","Tag",133,"no"
140971,"tag","Tag",133,"no"
140971,"tag","Tag",133,"no"
140971,"tag","Tag",133,"no"
140971,"tag","Tag",133,"no"
140971,"tag","Tag",133,"no"
140971,"tag","Tag",133,"no"
140971,"tag","Tag",133,"no"
140971,"illustration","SITS",133,"no"
140971,"tag","Tag",133,"no"
140971,"tag","Tag",133,"no"
140971,"tag","Tag",133,"no"
140971,"tag","Tag",133,"no"
140971,"tag","Tag",133,"no"
140971,"tag","Tag",133,"no"
140971,"tag","Tag",133,"yes"
140971,"tag","Tag",133,"no"
140971,"tag","Tag",133,"no"
140971,"tag","Tag",133,"no"
140971,"tag","Tag",133,"no"
140971,"tag","Tag",133,"no"
140971,"tag","Tag",133,"no"
140971,"tag","Tag",133,"no"
140971,"tag","Tag",133,"no"
140971,"tag","Tag",133,"no"
140971,"tag","Tag",133,"no"
140971,"tag","Tag",133,"no"
140971,"tag","Tag",133,"no"
140971,"tag","Tag",133,"yes"
140971,"tag","Tag",133,"no"
140971,"tag","Tag",133,"no"
140971,"tag","Tag",133,"no"
140971,"tag","Tag",133,"yes"
140971,"tag","Tag",133,"no"
140971,"tag","Tag",133,"no"
140971,"tag","Tag",133,"no"
140971,"tag","Tag",133,"no"
140971,"tag","Tag",133,"no"
140971,"tag","Tag",133,"no"
140971,"tag","Tag",133,"no"
140971,"tag","Tag",133,"no"
140971,"tag","Tag",133,"yes"
140971,"tag","Tag",133,"no"
140971,"tag","Tag",133,"no"
140971,"tag","Tag",133,"no"
140971,"tag","Tag",133,"no"
140971,"tag","Tag",133,"no"
140971,"tag","Tag",133,"no"
140971,"illustration","SITS",133,"no"
140971,"tag","Tag",133,"no"
140971,"tag","Tag",133,"no"
140971,"tag","Tag",133,"no"
140971,"tag","Tag",133,"no"
140971,"illustration","SITS",133,"no"
140971,"illustration","SITS",133,"no"
141562,"tag","Tag",133,"no"
141562,"tag","Tag",133,"no"
141562,"tag","Tag",133,"no"
141562,"tag","Tag",133,"no"
141562,"tag","Tag",133,"no"
141562,"tag","Tag",133,"no"
141562,"tag","Tag",133,"yes"
141562,"tag","Tag",133,"no"
141562,"tag","Tag",133,"no"
141562,"tag","Tag",133,"no"
141562,"tag","Tag",133,"no"
140844,"tag","Tag",24,"no"
140844,"tag","Tag",24,"no"
140844,"tag","Tag",24,"no"
140844,"tag","Tag",24,"no"
140844,"illustration","SITS",24,"no"
140844,"illustration","SITS",24,"no"
140844,"tag","Tag",24,"no"
140844,"tag","Tag",24,"no"
140881,"tag","Tag",24,"no"
140905,"tag","Tag",24,"no"
140905,"tag","Tag",24,"no"
140905,"tag","Tag",24,"no"
140905,"tag","Tag",24,"no"
140905,"tag","Tag",24,"no"
140905,"tag","Tag",24,"no"
140905,"tag","Tag",24,"no"
140905,"tag","Tag",24,"no"
140878,"tag","Tag",24,"no"
141433,"tag","Tag",32,"no"
141433,"tag","Tag",32,"no"
141433,"tag","Tag",32,"no"
141433,"tag","Tag",32,"no"
141433,"other","Others",32,"no"
141407,"illustration","SITS",32,"no"
141407,"tag","Tag",32,"no"
141407,"illustration","SITS",32,"no"
141407,"other","Others",32,"no"
141407,"other","Others",32,"no"
141407,"other","Others",32,"no"
141407,"other","Others",32,"no"
141407,"other","Others",32,"no"
141407,"tag","Tag",32,"no"
141407,"other","Others",32,"no"
627873,"other","Others",33,"no"
141226,"tag","Tag",32,"no"
141433,"other","Others",32,"no"
141407,"other","Others",32,"no"
141407,"other","Others",32,"no"
141451,"other","Others",32,"no"
140613,"tag","Tag",208,"no"
140613,"tag","Tag",208,"no"
140613,"tag","Tag",208,"no"
140613,"tag","Tag",208,"no"
140613,"tag","Tag",208,"no"
140613,"tag","Tag",208,"no"
140613,"tag","Tag",208,"no"
140613,"tag","Tag",208,"no"
140613,"tag","Tag",208,"no"
140613,"tag","Tag",208,"no"
140613,"tag","Tag",208,"no"
140403,"tag","Tag",208,"no"
140403,"tag","Tag",208,"no"
140612,"tag","Tag",208,"no"
140612,"tag","Tag",208,"no"
140612,"tag","Tag",208,"no"
140612,"tag","Tag",208,"no"
140612,"tag","Tag",208,"no"
140612,"tag","Tag",208,"no"
140612,"stencil","SITS",208,"no"
140612,"tag","Tag",208,"no"
140612,"tag","Tag",208,"no"
140612,"tag","Tag",208,"no"
140612,"tag","Tag",208,"no"
140612,"tag","Tag",208,"no"
140612,"tag","Tag",208,"no"
140612,"tag","Tag",208,"no"
140612,"tag","Tag",208,"no"
140612,"tag","Tag",208,"no"
140612,"tag","Tag",208,"no"
140612,"tag","Tag",208,"no"
140612,"throw up","SITS",208,"no"
140612,"tag","Tag",208,"no"
140612,"tag","Tag",208,"no"
140613,"stencil","SITS",208,"no"
140613,"tag","Tag",208,"no"
140403,"other","Others",208,"no"
611172,"tag","Tag",9,"no"
611172,"tag","Tag",9,"no"
611172,"stencil","SITS",9,"no"
611172,"tag","Tag",9,"no"
611172,"tag","Tag",9,"no"
611172,"tag","Tag",9,"no"
611172,"tag","Tag",9,"no"
611172,"tag","Tag",9,"no"
611172,"tag","Tag",9,"no"
611172,"tag","Tag",9,"no"
611172,"tag","Tag",9,"no"
611172,"tag","Tag",9,"no"
611172,"tag","Tag",9,"no"
611172,"tag","Tag",9,"no"
611172,"tag","Tag",9,"no"
611172,"tag","Tag",9,"no"
611172,"tag","Tag",9,"no"
611172,"tag","Tag",9,"no"
611172,"tag","Tag",9,"no"
611172,"tag","Tag",9,"no"
611172,"stencil","SITS",9,"no"
611172,"tag","Tag",9,"no"
611172,"tag","Tag",9,"no"
611172,"tag","Tag",9,"no"
611172,"tag","Tag",9,"no"
611172,"tag","Tag",9,"no"
611172,"illustration","SITS",9,"no"
141016,"tag","Tag",9,"no"
140981,"tag","Tag",9,"no"
610997,"tag","Tag",9,"no"
610997,"tag","Tag",9,"no"
610997,"tag","Tag",9,"no"
610997,"tag","Tag",9,"no"
610997,"illustration","SITS",9,"no"
610997,"illustration","SITS",9,"no"
141083,"tag","Tag",9,"no"
141083,"tag","Tag",9,"no"
141083,"tag","Tag",9,"no"
141083,"tag","Tag",9,"no"
141083,"tag","Tag",9,"no"
141083,"tag","Tag",9,"no"
141083,"tag","Tag",9,"no"
141083,"tag","Tag",9,"no"
141083,"tag","Tag",9,"no"
140943,"tag","Tag",9,"no"
140943,"tag","Tag",9,"no"
141110,"stencil","SITS",9,"no"
141016,"tag","Tag",9,"no"
141016,"tag","Tag",9,"no"
611172,"tag","Tag",9,"no"
141790,"tag","Tag",15,"no"
611058,"tag","Tag",15,"no"
611058,"tag","Tag",15,"no"
141273,"tag","Tag",15,"no"
141273,"tag","Tag",15,"no"
141245,"tag","Tag",15,"no"
141245,"tag","Tag",15,"no"
141245,"tag","Tag",15,"no"
141484,"illustration","SITS",15,"no"
141688,"tag","Tag",39,"no"
141688,"tag","Tag",39,"no"
141688,"tag","Tag",39,"no"
141688,"tag","Tag",39,"no"
530240,"tag","Tag",39,"no"
530240,"other","Others",39,"no"
530240,"other","Others",39,"no"
530240,"other","Others",39,"no"
141721,"illustration","SITS",39,"no"
145345,"slogan","SITS",43,"no"
141445,"tag","Tag",27,"no"
141445,"tag","Tag",27,"no"
141445,"tag","Tag",27,"no"
141445,"other","Others",27,"no"
141445,"other","Others",27,"no"
141445,"other","Others",27,"no"
141187,"other","Others",27,"no"
141187,"other","Others",27,"no"
141187,"tag","Tag",27,"no"
141187,"tag","Tag",27,"no"
606662,"tag","Tag",27,"no"
606662,"other","Others",27,"no"
606662,"other","Others",27,"no"
606662,"other","Others",27,"no"
606662,"tag","Tag",27,"no"
606662,"tag","Tag",27,"no"
606662,"other","Others",27,"no"
606662,"tag","Tag",27,"no"
606679,"other","Others",27,"no"
606679,"tag","Tag",27,"no"
627664,"slogan","SITS",102,"no"
627664,"slogan","SITS",102,"no"
627664,"slogan","SITS",102,"no"
358498,"slogan","SITS",102,"no"
23161,"illustration","SITS",102,"no"
23161,"tag","Tag",102,"no"
23161,"slogan","SITS",102,"no"
23161,"slogan","SITS",102,"no"
23161,"slogan","SITS",102,"no"
23161,"tag","Tag",102,"no"
23161,"slogan","SITS",102,"no"
23161,"tag","Tag",102,"no"
23161,"illustration","SITS",102,"no"
23161,"tag","Tag",102,"no"
23161,"tag","Tag",102,"no"
23161,"tag","Tag",102,"no"
23161,"tag","Tag",102,"no"
23161,"tag","Tag",102,"no"
23161,"illustration","SITS",102,"no"
23161,"illustration","SITS",102,"no"
23161,"tag","Tag",102,"no"
23161,"slogan","SITS",102,"no"
23161,"slogan","SITS",102,"no"
23161,"slogan","SITS",102,"no"
23161,"tag","Tag",102,"no"
23161,"tag","Tag",102,"no"
23161,"tag","Tag",102,"no"
23161,"tag","Tag",102,"no"
23161,"tag","Tag",102,"no"
23161,"tag","Tag",102,"no"
23161,"tag","Tag",102,"no"
23161,"tag","Tag",102,"no"
23161,"tag","Tag",102,"no"
23161,"tag","Tag",102,"no"
23161,"slogan","SITS",102,"no"
23161,"masterpiece","Masterpiece",102,"no"
23161,"tag","Tag",102,"no"
23161,"tag","Tag",102,"no"
23161,"tag","Tag",102,"no"
23161,"tag","Tag",102,"no"
23161,"tag","Tag",102,"no"
23161,"tag","Tag",102,"no"
23161,"tag","Tag",102,"no"
23161,"tag","Tag",102,"no"
23161,"tag","Tag",102,"no"
23161,"tag","Tag",102,"no"
23161,"tag","Tag",102,"no"
23161,"slogan","SITS",102,"no"
23161,"tag","Tag",102,"no"
23161,"tag","Tag",102,"no"
23161,"illustration","SITS",102,"no"
23161,"tag","Tag",102,"no"
23161,"throw up","SITS",102,"no"
23161,"tag","Tag",102,"no"
23161,"throw up","SITS",102,"no"
23161,"tag","Tag",102,"no"
23161,"tag","Tag",102,"no"
23161,"tag","Tag",102,"no"
23161,"tag","Tag",102,"no"
23161,"tag","Tag",102,"no"
23161,"tag","Tag",102,"no"
23161,"tag","Tag",102,"no"
23161,"tag","Tag",102,"no"
23161,"tag","Tag",102,"no"
23161,"tag","Tag",102,"no"
23161,"illustration","SITS",102,"no"
23161,"illustration","SITS",102,"no"
23161,"tag","Tag",102,"no"
23161,"tag","Tag",102,"no"
23161,"tag","Tag",102,"no"
23161,"tag","Tag",102,"no"
23161,"tag","Tag",102,"no"
23161,"tag","Tag",102,"no"
23161,"tag","Tag",102,"no"
23161,"tag","Tag",102,"no"
23161,"tag","Tag",102,"no"
23161,"tag","Tag",102,"no"
23161,"tag","Tag",102,"no"
23161,"illustration","SITS",102,"no"
23161,"tag","Tag",102,"no"
23161,"tag","Tag",102,"no"
23161,"tag","Tag",102,"no"
627664,"stencil","SITS",102,"no"
611218,"other","Others",41,"no"
611218,"other","Others",41,"no"
611218,"other","Others",41,"no"
611218,"other","Others",41,"no"
611218,"other","Others",41,"no"
611107,"other","Others",41,"no"
611107,"other","Others",41,"no"
611107,"tag","Tag",41,"no"
611107,"other","Others",41,"no"
611107,"other","Others",41,"no"
611107,"other","Others",41,"no"
141216,"tag","Tag",41,"no"
141216,"other","Others",41,"no"
141216,"other","Others",41,"no"
141216,"other","Others",41,"no"
141487,"tag","Tag",41,"no"
141487,"other","Others",41,"no"
141487,"tag","Tag",41,"no"
141487,"other","Others",41,"no"
141487,"other","Others",41,"no"
141487,"other","Others",41,"no"
141487,"other","Others",41,"no"
141487,"other","Others",41,"no"
610915,"tag","Tag",42,"no"
610915,"tag","Tag",42,"no"
610915,"tag","Tag",42,"no"
610915,"tag","Tag",42,"no"
610915,"other","Others",42,"no"
610915,"other","Others",42,"no"
610915,"tag","Tag",42,"no"
610915,"tag","Tag",42,"no"
145984,"tag","Tag",38,"no"
145984,"tag","Tag",38,"no"
145984,"tag","Tag",38,"no"
145984,"tag","Tag",38,"no"
145984,"tag","Tag",38,"no"
145984,"tag","Tag",38,"no"
145984,"tag","Tag",38,"no"
145984,"other","Others",38,"no"
145984,"other","Others",38,"no"
358849,"tag","Tag",38,"no"
358849,"other","Others",38,"no"
358849,"tag","Tag",38,"no"
358849,"tag","Tag",38,"no"
358849,"tag","Tag",38,"no"
358849,"tag","Tag",38,"no"
358849,"tag","Tag",38,"yes"
358849,"tag","Tag",38,"no"
358849,"tag","Tag",38,"no"
358849,"tag","Tag",38,"no"
358849,"tag","Tag",38,"no"
358849,"tag","Tag",38,"no"
358849,"tag","Tag",38,"no"
358849,"tag","Tag",38,"no"
358849,"tag","Tag",38,"no"
358849,"tag","Tag",38,"no"
358849,"tag","Tag",38,"yes"
145632,"tag","Tag",38,"no"
145632,"tag","Tag",38,"no"
145632,"tag","Tag",38,"no"
145632,"illustration","SITS",38,"no"
145632,"tag","Tag",38,"no"
145632,"tag","Tag",38,"no"
145632,"tag","Tag",38,"no"
145632,"tag","Tag",38,"no"
145632,"other","Others",38,"no"
145632,"tag","Tag",38,"no"
145632,"throw up","SITS",38,"yes"
145632,"tag","Tag",38,"no"
358849,"tag","Tag",38,"no"
145852,"tag","Tag",38,"no"
145984,"tag","Tag",38,"no"
145984,"other","Others",38,"no"
145984,"tag","Tag",38,"no"
145984,"other","Others",38,"no"
358849,"other","Others",38,"no"
358849,"other","Others",38,"no"
358849,"tag","Tag",38,"no"
358849,"illustration","SITS",38,"no"
358849,"tag","Tag",38,"no"
145984,"tag","Tag",38,"no"
358849,"tag","Tag",38,"yes"
358849,"tag","Tag",38,"no"
145632,"tag","Tag",38,"no"
145632,"illustration","SITS",38,"no"
145632,"tag","Tag",38,"no"
145632,"tag","Tag",38,"no"
145984,"illustration","SITS",38,"no"
145984,"tag","Tag",38,"no"
145984,"tag","Tag",38,"no"
145984,"tag","Tag",38,"no"
141612,"tag","Tag",61,"no"
141612,"tag","Tag",61,"no"
141612,"tag","Tag",61,"no"
141247,"tag","Tag",61,"no"
140873,"tag","Tag",61,"no"
611065,"tag","Tag",61,"no"
141612,"tag","Tag",61,"no"
141612,"tag","Tag",61,"no"
141612,"tag","Tag",61,"no"
141611,"tag","Tag",19,"no"
141611,"other","Others",19,"no"
141611,"slogan","SITS",19,"no"
141611,"tag","Tag",19,"no"
141747,"other","Others",131,"no"
141665,"slogan","SITS",131,"no"
141665,"tag","Tag",131,"no"
141665,"other","Others",131,"no"
358489,"stencil","SITS",131,"no"
358489,"tag","Tag",131,"no"
358489,"stencil","SITS",131,"no"
358489,"tag","Tag",131,"no"
358489,"other","Others",131,"no"
611086,"stencil","SITS",4,"no"
141741,"other","Others",77,"no"
141829,"other","Others",77,"no"
358554,"other","Others",111,"no"
3956,"tag","Tag",82,"no"
3956,"tag","Tag",82,"no"
3956,"tag","Tag",82,"no"
3956,"tag","Tag",82,"no"
3925,"tag","Tag",82,"no"
3925,"tag","Tag",82,"no"
3925,"tag","Tag",82,"no"
3925,"tag","Tag",82,"no"
3925,"tag","Tag",82,"no"
3868,"tag","Tag",82,"no"
3868,"tag","Tag",82,"no"
3868,"illustration","SITS",82,"no"
3868,"tag","Tag",82,"no"
3868,"tag","Tag",82,"no"
3868,"tag","Tag",82,"no"
3868,"tag","Tag",82,"no"
3868,"illustration","SITS",82,"no"
3868,"tag","Tag",82,"no"
3868,"tag","Tag",82,"no"
3868,"tag","Tag",82,"no"
3868,"tag","Tag",82,"no"
3868,"tag","Tag",82,"no"
3868,"tag","Tag",82,"no"
3868,"illustration","SITS",82,"no"
145307,"tag","Tag",82,"no"
145307,"tag","Tag",82,"no"
145307,"tag","Tag",82,"no"
145307,"tag","Tag",82,"no"
145307,"tag","Tag",82,"no"
145307,"tag","Tag",82,"no"
145307,"tag","Tag",82,"no"
145307,"tag","Tag",82,"no"
145307,"tag","Tag",82,"no"
145307,"tag","Tag",82,"no"
145307,"tag","Tag",82,"no"
145307,"tag","Tag",82,"no"
145307,"tag","Tag",82,"no"
141108,"tag","Tag",65,"no"
141108,"tag","Tag",65,"no"
141108,"tag","Tag",65,"no"
141108,"tag","Tag",65,"no"
611105,"tag","Tag",65,"no"
611105,"tag","Tag",65,"no"
611105,"tag","Tag",65,"no"
611105,"stencil","SITS",65,"no"
611105,"tag","Tag",65,"no"
611105,"stencil","SITS",65,"no"
611105,"tag","Tag",65,"no"
611105,"tag","Tag",65,"yes"
611105,"tag","Tag",65,"yes"
611105,"tag","Tag",65,"yes"
611105,"tag","Tag",65,"yes"
611105,"tag","Tag",65,"no"
611105,"tag","Tag",65,"no"
611105,"tag","Tag",65,"no"
611105,"other","Others",65,"no"
611105,"tag","Tag",65,"no"
611105,"tag","Tag",65,"no"
611105,"tag","Tag",65,"no"
611105,"tag","Tag",65,"no"
611105,"tag","Tag",65,"no"
611105,"tag","Tag",65,"yes"
611105,"throw up","SITS",65,"no"
611105,"tag","Tag",65,"no"
611105,"tag","Tag",65,"no"
611105,"tag","Tag",65,"no"
611105,"tag","Tag",65,"no"
611105,"tag","Tag",65,"no"
611105,"tag","Tag",65,"no"
611105,"tag","Tag",65,"no"
611105,"tag","Tag",65,"no"
611105,"throw up","SITS",65,"yes"
611105,"tag","Tag",65,"no"
611105,"throw up","SITS",65,"no"
611105,"other","Others",65,"no"
611105,"other","Others",65,"no"
141679,"tag","Tag",65,"no"
141679,"tag","Tag",65,"no"
141679,"tag","Tag",65,"no"
141679,"tag","Tag",65,"no"
141679,"tag","Tag",65,"no"
141679,"tag","Tag",65,"no"
141006,"tag","Tag",132,"no"
141006,"tag","Tag",132,"no"
141006,"tag","Tag",132,"no"
141006,"tag","Tag",132,"no"
141006,"tag","Tag",132,"no"
141006,"tag","Tag",132,"no"
141006,"tag","Tag",132,"no"
141006,"tag","Tag",132,"no"
141006,"slogan","SITS",132,"no"
141006,"tag","Tag",132,"no"
141006,"tag","Tag",132,"no"
141006,"tag","Tag",132,"no"
141006,"tag","Tag",132,"no"
141006,"tag","Tag",132,"no"
141006,"throw up","SITS",132,"no"
141006,"tag","Tag",132,"no"
141006,"tag","Tag",132,"no"
141006,"tag","Tag",132,"no"
141006,"tag","Tag",132,"no"
141006,"tag","Tag",132,"no"
141006,"tag","Tag",132,"no"
141006,"tag","Tag",132,"no"
141006,"tag","Tag",132,"no"
141006,"tag","Tag",132,"no"
141006,"tag","Tag",132,"no"
141006,"tag","Tag",132,"no"
141006,"tag","Tag",132,"no"
141006,"tag","Tag",132,"no"
141006,"slogan","SITS",132,"no"
141006,"tag","Tag",132,"no"
141006,"tag","Tag",132,"no"
141006,"tag","Tag",132,"no"
141006,"tag","Tag",132,"no"
141006,"tag","Tag",132,"no"
141006,"tag","Tag",132,"no"
141006,"tag","Tag",132,"no"
141006,"tag","Tag",132,"no"
141006,"tag","Tag",132,"no"
141006,"tag","Tag",132,"no"
141006,"tag","Tag",132,"no"
141006,"tag","Tag",132,"no"
141006,"tag","Tag",132,"no"
141006,"tag","Tag",132,"no"
141006,"illustration","SITS",132,"no"
141006,"tag","Tag",132,"no"
141006,"tag","Tag",132,"no"
141006,"tag","Tag",132,"no"
141006,"tag","Tag",132,"no"
141006,"tag","Tag",132,"no"
141006,"tag","Tag",132,"no"
141006,"tag","Tag",132,"no"
141006,"tag","Tag",132,"no"
141006,"tag","Tag",132,"no"
141006,"tag","Tag",132,"no"
141006,"tag","Tag",132,"no"
140739,"tag","Tag",171,"no"
140739,"other","Others",171,"no"
140739,"other","Others",171,"no"
140739,"other","Others",171,"no"
140739,"other","Others",171,"no"
140739,"other","Others",171,"no"
140739,"tag","Tag",171,"no"
140739,"tag","Tag",171,"no"
610619,"tag","Tag",171,"no"
140666,"tag","Tag",171,"no"
140666,"tag","Tag",171,"no"
140666,"slogan","SITS",171,"no"
140666,"tag","Tag",171,"no"
140741,"tag","Tag",171,"no"
140741,"tag","Tag",171,"no"
140741,"tag","Tag",171,"no"
140741,"tag","Tag",171,"no"
140741,"tag","Tag",171,"no"
140741,"illustration","SITS",171,"no"
140735,"tag","Tag",171,"no"
140735,"tag","Tag",171,"no"
140735,"illustration","SITS",171,"no"
140735,"tag","Tag",171,"no"
140735,"other","Others",171,"no"
140735,"tag","Tag",171,"no"
140735,"other","Others",171,"no"
140735,"other","Others",171,"no"
140735,"other","Others",171,"no"
530173,"tag","Tag",171,"no"
530173,"tag","Tag",171,"yes"
530173,"tag","Tag",171,"no"
530173,"tag","Tag",171,"no"
530173,"slogan","SITS",171,"no"
530173,"slogan","SITS",171,"no"
530173,"tag","Tag",171,"no"
530173,"other","Others",171,"no"
530173,"tag","Tag",171,"no"
530369,"tag","Tag",171,"no"
530172,"tag","Tag",171,"no"
610619,"tag","Tag",171,"yes"
610619,"tag","Tag",171,"yes"
610619,"tag","Tag",171,"no"
610619,"tag","Tag",171,"no"
530173,"other","Others",171,"no"
530369,"tag","Tag",171,"no"
530172,"tag","Tag",171,"no"
140735,"tag","Tag",171,"no"
140735,"tag","Tag",171,"no"
140735,"illustration","SITS",171,"no"
140739,"tag","Tag",171,"no"
140739,"tag","Tag",171,"no"
140739,"tag","Tag",171,"no"
145563,"illustration","SITS",137,"no"
145563,"tag","Tag",137,"no"
145563,"tag","Tag",137,"no"
610611,"slogan","SITS",137,"no"
610611,"tag","Tag",137,"yes"
610611,"illustration","SITS",137,"no"
610611,"other","Others",137,"no"
610611,"other","Others",137,"no"
610611,"illustration","SITS",137,"no"
610611,"tag","Tag",137,"no"
610611,"other","Others",137,"no"
610611,"other","Others",137,"no"
610611,"other","Others",137,"no"
610125,"tag","Tag",137,"no"
610125,"tag","Tag",137,"no"
145747,"other","Others",137,"no"
145747,"other","Others",137,"no"
145747,"other","Others",137,"no"
145747,"other","Others",137,"no"
145747,"other","Others",137,"no"
145747,"other","Others",137,"no"
145747,"other","Others",137,"no"
145747,"stencil","SITS",137,"no"
145747,"other","Others",137,"no"
145747,"stencil","SITS",137,"no"
145783,"illustration","SITS",137,"no"
145783,"other","Others",137,"no"
145783,"other","Others",137,"no"
145783,"tag","Tag",137,"no"
145783,"tag","Tag",137,"no"
145783,"tag","Tag",137,"no"
145575,"tag","Tag",137,"no"
145575,"tag","Tag",137,"no"
145575,"tag","Tag",137,"no"
145575,"tag","Tag",137,"no"
145575,"other","Others",137,"no"
145575,"other","Others",137,"no"
145575,"other","Others",137,"no"
145575,"other","Others",137,"no"
145575,"stencil","SITS",137,"no"
145575,"stencil","SITS",137,"no"
145575,"stencil","SITS",137,"no"
145575,"other","Others",137,"no"
140848,"slogan","SITS",138,"no"
140848,"tag","Tag",138,"no"
140848,"tag","Tag",138,"no"
140848,"tag","Tag",138,"no"
140848,"tag","Tag",138,"no"
140848,"tag","Tag",138,"yes"
140848,"tag","Tag",138,"yes"
140848,"tag","Tag",138,"no"
140848,"tag","Tag",138,"no"
140848,"tag","Tag",138,"no"
140848,"tag","Tag",138,"no"
140848,"tag","Tag",138,"no"
140848,"throw up","SITS",138,"no"
140848,"tag","Tag",138,"no"
140848,"tag","Tag",138,"no"
140848,"tag","Tag",138,"yes"
140848,"tag","Tag",138,"no"
140848,"tag","Tag",138,"no"
140848,"tag","Tag",138,"no"
140848,"slogan","SITS",138,"no"
611206,"other","Others",138,"no"
611206,"slogan","SITS",138,"no"
611206,"slogan","SITS",138,"no"
611117,"tag","Tag",138,"no"
611117,"tag","Tag",138,"no"
611117,"other","Others",138,"no"
611117,"tag","Tag",138,"yes"
611117,"tag","Tag",138,"no"
611117,"tag","Tag",138,"no"
611117,"tag","Tag",138,"no"
611117,"tag","Tag",138,"no"
611117,"tag","Tag",138,"no"
611117,"tag","Tag",138,"no"
611117,"tag","Tag",138,"yes"
141092,"slogan","SITS",138,"no"
141092,"tag","Tag",138,"no"
141092,"tag","Tag",138,"no"
140985,"tag","Tag",138,"no"
140985,"tag","Tag",138,"no"
140985,"tag","Tag",138,"no"
559443,"tag","Tag",138,"no"
610959,"tag","Tag",138,"no"
610959,"tag","Tag",138,"no"
610959,"tag","Tag",138,"no"
610959,"tag","Tag",138,"no"
141152,"tag","Tag",138,"no"
141152,"tag","Tag",138,"no"
141152,"tag","Tag",138,"no"
141152,"tag","Tag",138,"no"
141152,"tag","Tag",138,"no"
141152,"tag","Tag",138,"no"
141152,"tag","Tag",138,"no"
141152,"tag","Tag",138,"no"
141152,"tag","Tag",138,"no"
141152,"tag","Tag",138,"no"
141152,"tag","Tag",138,"no"
141152,"tag","Tag",138,"no"
141152,"tag","Tag",138,"no"
141152,"tag","Tag",138,"no"
141152,"tag","Tag",138,"no"
141152,"tag","Tag",138,"no"
141152,"tag","Tag",138,"no"
141152,"tag","Tag",138,"yes"
141152,"tag","Tag",138,"no"
141152,"tag","Tag",138,"no"
141152,"tag","Tag",138,"no"
141152,"tag","Tag",138,"no"
141152,"tag","Tag",138,"yes"
141152,"tag","Tag",138,"no"
141152,"tag","Tag",138,"no"
141152,"tag","Tag",138,"no"
141152,"tag","Tag",138,"no"
141152,"tag","Tag",138,"no"
141152,"tag","Tag",138,"no"
141152,"tag","Tag",138,"no"
141152,"tag","Tag",138,"no"
141152,"tag","Tag",138,"no"
455543,"tag","Tag",96,"no"
455543,"tag","Tag",96,"no"
3772,"tag","Tag",73,"no"
3772,"tag","Tag",73,"no"
3772,"tag","Tag",73,"no"
3772,"other","Others",73,"no"
3766,"tag","Tag",73,"no"
3766,"stencil","SITS",73,"no"
3766,"tag","Tag",73,"no"
11494,"tag","Tag",73,"no"
11494,"tag","Tag",73,"no"
11494,"throw up","SITS",73,"no"
610701,"tag","Tag",73,"no"
610701,"tag","Tag",73,"no"
145197,"tag","Tag",73,"no"
145197,"tag","Tag",73,"no"
145197,"tag","Tag",73,"no"
610660,"tag","Tag",73,"no"
610660,"tag","Tag",73,"no"
610660,"tag","Tag",73,"no"
610660,"tag","Tag",73,"no"
610660,"tag","Tag",73,"no"
3772,"tag","Tag",73,"no"
3766,"tag","Tag",73,"yes"
610701,"tag","Tag",73,"no"
610660,"slogan","SITS",73,"no"
610660,"other","Others",73,"no"
610660,"other","Others",73,"no"
610660,"tag","Tag",73,"no"
610701,"other","Others",73,"no"
610701,"illustration","SITS",73,"no"
11494,"tag","Tag",73,"no"
3772,"tag","Tag",73,"no"
3772,"tag","Tag",73,"no"
11494,"tag","Tag",73,"no"
141249,"tag","Tag",156,"no"
141249,"tag","Tag",156,"no"
141249,"tag","Tag",156,"no"
141249,"tag","Tag",156,"no"
141249,"illustration","SITS",156,"no"
141249,"tag","Tag",156,"no"
141249,"tag","Tag",156,"no"
141249,"tag","Tag",156,"no"
141249,"slogan","SITS",156,"no"
611253,"tag","Tag",156,"no"
611253,"tag","Tag",156,"no"
611253,"tag","Tag",156,"no"
611253,"tag","Tag",156,"no"
611253,"tag","Tag",156,"no"
611253,"tag","Tag",156,"no"
611253,"tag","Tag",156,"no"
611253,"slogan","SITS",156,"no"
611253,"tag","Tag",156,"no"
611253,"tag","Tag",156,"no"
611253,"tag","Tag",156,"no"
611253,"tag","Tag",156,"no"
611253,"tag","Tag",156,"no"
611253,"tag","Tag",156,"no"
611253,"illustration","SITS",156,"no"
611253,"illustration","SITS",156,"no"
611253,"tag","Tag",156,"no"
611253,"tag","Tag",156,"no"
611253,"tag","Tag",156,"no"
611253,"illustration","SITS",156,"no"
611253,"tag","Tag",156,"no"
611253,"other","Others",156,"no"
21697,"tag","Tag",156,"no"
21697,"tag","Tag",156,"no"
140904,"tag","Tag",156,"no"
140904,"tag","Tag",156,"no"
141344,"tag","Tag",156,"no"
141173,"tag","Tag",156,"no"
141173,"tag","Tag",156,"no"
141173,"tag","Tag",156,"no"
141173,"tag","Tag",156,"no"
141173,"illustration","SITS",156,"no"
141173,"tag","Tag",156,"no"
141173,"tag","Tag",156,"no"
141173,"tag","Tag",156,"no"
141173,"tag","Tag",156,"no"
141173,"other","Others",156,"no"
141173,"other","Others",156,"no"
141173,"tag","Tag",156,"no"
141173,"tag","Tag",156,"no"
141173,"tag","Tag",156,"no"
141173,"tag","Tag",156,"no"
141173,"tag","Tag",156,"no"
141173,"tag","Tag",156,"no"
141173,"tag","Tag",156,"no"
141173,"illustration","SITS",156,"no"
141173,"tag","Tag",156,"no"
141173,"tag","Tag",156,"no"
141173,"other","Others",156,"no"
141173,"tag","Tag",156,"no"
141173,"slogan","SITS",156,"no"
141173,"other","Others",156,"no"
141423,"tag","Tag",156,"no"
141423,"tag","Tag",156,"no"
141423,"illustration","SITS",156,"no"
141423,"illustration","SITS",156,"no"
141423,"illustration","SITS",156,"no"
141423,"tag","Tag",156,"no"
141281,"tag","Tag",156,"no"
141281,"tag","Tag",156,"yes"
141281,"tag","Tag",156,"no"
141281,"tag","Tag",156,"no"
141281,"tag","Tag",156,"no"
610978,"other","Others",156,"no"
610978,"other","Others",156,"no"
610978,"other","Others",156,"no"
610978,"other","Others",156,"no"
610978,"tag","Tag",156,"no"
610978,"tag","Tag",156,"no"
610978,"other","Others",156,"no"
610978,"other","Others",156,"no"
610978,"other","Others",156,"no"
610978,"other","Others",156,"no"
610978,"other","Others",156,"no"
610978,"tag","Tag",156,"no"
610978,"other","Others",156,"yes"
610978,"tag","Tag",156,"no"
610978,"other","Others",156,"no"
610978,"tag","Tag",156,"no"
610978,"tag","Tag",156,"no"
610978,"tag","Tag",156,"no"
610978,"tag","Tag",156,"no"
610978,"tag","Tag",156,"no"
610978,"tag","Tag",156,"no"
610978,"illustration","SITS",156,"no"
610978,"tag","Tag",156,"yes"
610978,"illustration","SITS",156,"no"
610978,"tag","Tag",156,"no"
610978,"illustration","SITS",156,"no"
610978,"tag","Tag",156,"no"
610978,"tag","Tag",156,"no"
610978,"illustration","SITS",156,"no"
610978,"tag","Tag",156,"no"
610978,"tag","Tag",156,"no"
610978,"tag","Tag",156,"no"
610978,"tag","Tag",156,"no"
610978,"tag","Tag",156,"no"
610978,"tag","Tag",156,"yes"
141563,"tag","Tag",156,"no"
141563,"tag","Tag",156,"no"
141563,"tag","Tag",156,"no"
141563,"tag","Tag",156,"no"
141563,"tag","Tag",156,"no"
141563,"tag","Tag",156,"no"
141563,"illustration","SITS",156,"no"
141563,"tag","Tag",156,"no"
141563,"illustration","SITS",156,"no"
141563,"tag","Tag",156,"no"
141563,"tag","Tag",156,"no"
141563,"illustration","SITS",156,"no"
141563,"tag","Tag",156,"no"
141563,"tag","Tag",156,"no"
140587,"throw up","SITS",157,"no"
140587,"tag","Tag",157,"no"
141459,"tag","Tag",29,"no"
141459,"tag","Tag",29,"no"
141459,"tag","Tag",29,"no"
141459,"tag","Tag",29,"no"
141459,"tag","Tag",29,"no"
141459,"tag","Tag",29,"no"
141696,"tag","Tag",6,"no"
141065,"tag","Tag",6,"no"
141069,"illustration","SITS",6,"no"
140485,"tag","Tag",26,"no"
140485,"tag","Tag",26,"no"
140485,"tag","Tag",26,"no"
140485,"tag","Tag",26,"no"
140485,"tag","Tag",26,"no"
140485,"tag","Tag",26,"no"
140485,"tag","Tag",26,"no"
611228,"other","Others",10,"no"
611228,"other","Others",10,"no"
611228,"other","Others",10,"no"
611228,"other","Others",10,"no"
611228,"tag","Tag",10,"no"
611228,"tag","Tag",10,"no"
611228,"tag","Tag",10,"no"
611228,"other","Others",10,"no"
611228,"other","Others",10,"no"
611228,"tag","Tag",10,"no"
611228,"tag","Tag",10,"no"
611228,"tag","Tag",10,"no"
611228,"tag","Tag",10,"no"
611228,"other","Others",10,"no"
611228,"slogan","SITS",10,"no"
611228,"slogan","SITS",10,"no"
611228,"other","Others",10,"no"
611228,"other","Others",10,"no"
611228,"other","Others",10,"no"
611228,"other","Others",10,"no"
611228,"other","Others",10,"no"
611228,"other","Others",10,"no"
611228,"tag","Tag",10,"no"
611228,"other","Others",10,"no"
611228,"other","Others",10,"no"
611228,"other","Others",10,"no"
611228,"other","Others",10,"no"
611228,"other","Others",10,"no"
611228,"other","Others",10,"no"
611228,"other","Others",10,"no"
611228,"other","Others",10,"no"
611228,"other","Others",10,"no"
611228,"other","Others",10,"no"
611228,"other","Others",10,"no"
611228,"other","Others",10,"no"
611228,"other","Others",10,"no"
611228,"other","Others",10,"no"
611228,"other","Others",10,"no"
611228,"other","Others",10,"no"
145407,"tag","Tag",166,"no"
145407,"tag","Tag",166,"no"
145407,"tag","Tag",166,"no"
145407,"tag","Tag",166,"no"
145407,"tag","Tag",166,"no"
145407,"tag","Tag",166,"no"
145407,"tag","Tag",166,"yes"
145407,"tag","Tag",166,"no"
145407,"tag","Tag",166,"no"
145407,"tag","Tag",166,"no"
145464,"tag","Tag",166,"no"
145464,"tag","Tag",166,"no"
145464,"tag","Tag",166,"no"
145277,"tag","Tag",166,"no"
145277,"tag","Tag",166,"no"
145588,"tag","Tag",166,"no"
145588,"tag","Tag",166,"no"
145588,"tag","Tag",166,"no"
145588,"tag","Tag",166,"no"
145588,"tag","Tag",166,"no"
145588,"tag","Tag",166,"no"
145588,"tag","Tag",166,"no"
145588,"tag","Tag",166,"no"
145588,"tag","Tag",166,"no"
145588,"tag","Tag",166,"no"
145588,"tag","Tag",166,"no"
145588,"tag","Tag",166,"no"
145588,"tag","Tag",166,"no"
140842,"tag","Tag",186,"no"
140842,"tag","Tag",186,"no"
140972,"tag","Tag",186,"no"
140972,"tag","Tag",186,"no"
610633,"illustration","SITS",147,"no"
140833,"illustration","SITS",147,"no"
140833,"tag","Tag",147,"no"
140833,"tag","Tag",147,"no"
140833,"tag","Tag",147,"no"
140610,"tag","Tag",147,"no"
140610,"tag","Tag",147,"yes"
140610,"tag","Tag",147,"no"
140610,"tag","Tag",147,"no"
140610,"tag","Tag",147,"no"
140610,"throw up","SITS",147,"no"
140610,"tag","Tag",147,"no"
140610,"tag","Tag",147,"no"
610715,"other","Others",147,"no"
627666,"stencil","SITS",121,"no"
611165,"other","Others",121,"no"
141533,"tag","Tag",121,"no"
141533,"other","Others",121,"no"
141533,"illustration","SITS",121,"no"
141533,"other","Others",121,"no"
141533,"illustration","SITS",121,"no"
141533,"tag","Tag",121,"yes"
141533,"other","Others",121,"yes"
141533,"slogan","SITS",121,"no"
141533,"tag","Tag",121,"yes"
141533,"illustration","SITS",121,"no"
141533,"other","Others",121,"no"
627688,"tag","Tag",121,"no"
627688,"slogan","SITS",121,"no"
627688,"tag","Tag",121,"no"
627688,"tag","Tag",121,"no"
627688,"tag","Tag",121,"no"
627688,"tag","Tag",121,"no"
627688,"tag","Tag",121,"no"
627688,"tag","Tag",121,"no"
627688,"tag","Tag",121,"no"
627688,"tag","Tag",121,"no"
610999,"other","Others",21,"no"
141387,"tag","Tag",21,"no"
141387,"slogan","SITS",21,"no"
141387,"slogan","SITS",21,"yes"
141387,"tag","Tag",21,"no"
141387,"tag","Tag",21,"no"
141387,"illustration","SITS",21,"no"
141387,"tag","Tag",21,"no"
141262,"tag","Tag",21,"no"
141262,"tag","Tag",21,"no"
141262,"tag","Tag",21,"no"
141580,"other","Others",21,"no"
141580,"other","Others",21,"no"
141580,"slogan","SITS",21,"no"
141580,"slogan","SITS",21,"no"
141580,"tag","Tag",21,"no"
141797,"other","Others",21,"no"
141797,"other","Others",21,"no"
141802,"tag","Tag",21,"no"
141802,"other","Others",21,"no"
141802,"other","Others",21,"no"
530186,"tag","Tag",21,"no"
530186,"other","Others",21,"no"
141481,"tag","Tag",21,"no"
141481,"tag","Tag",21,"no"
358492,"tag","Tag",21,"no"
611288,"other","Others",154,"no"
611288,"slogan","SITS",154,"no"
611288,"tag","Tag",154,"no"
611288,"tag","Tag",154,"no"
611288,"tag","Tag",154,"no"
611288,"throw up","SITS",154,"yes"
611288,"throw up","SITS",154,"yes"
611288,"tag","Tag",154,"yes"
611288,"tag","Tag",154,"no"
611288,"tag","Tag",154,"no"
611288,"tag","Tag",154,"no"
611288,"tag","Tag",154,"no"
611288,"tag","Tag",154,"no"
611138,"tag","Tag",154,"no"
611138,"other","Others",154,"no"
611138,"tag","Tag",154,"no"
611138,"other","Others",154,"no"
611138,"other","Others",154,"no"
141099,"tag","Tag",154,"no"
141099,"illustration","SITS",154,"no"
141099,"tag","Tag",154,"no"
141099,"slogan","SITS",154,"no"
141099,"illustration","SITS",154,"no"
140893,"tag","Tag",154,"no"
140893,"tag","Tag",154,"no"
140893,"other","Others",154,"no"
140893,"illustration","SITS",154,"no"
140893,"slogan","SITS",154,"no"
140876,"slogan","SITS",154,"no"
140876,"tag","Tag",154,"no"
140876,"tag","Tag",154,"no"
140876,"tag","Tag",154,"no"
140876,"tag","Tag",154,"no"
140876,"other","Others",154,"no"
140966,"other","Others",154,"no"
140966,"other","Others",154,"no"
140966,"tag","Tag",154,"yes"
140966,"tag","Tag",154,"no"
140966,"tag","Tag",154,"no"
140966,"illustration","SITS",154,"no"
611288,"other","Others",154,"no"
611288,"slogan","SITS",154,"no"
145192,"tag","Tag",66,"no"
145208,"slogan","SITS",66,"no"
145208,"tag","Tag",66,"no"
145208,"tag","Tag",66,"no"
145208,"other","Others",66,"no"
145208,"tag","Tag",66,"no"
145387,"illustration","SITS",66,"no"
610639,"tag","Tag",66,"no"
610639,"other","Others",66,"no"
610639,"other","Others",66,"yes"
610639,"tag","Tag",66,"no"
610639,"tag","Tag",66,"no"
610639,"tag","Tag",66,"no"
610639,"tag","Tag",66,"yes"
610639,"other","Others",66,"no"
610639,"slogan","SITS",66,"no"
610639,"slogan","SITS",66,"no"
610639,"tag","Tag",66,"no"
610639,"slogan","SITS",66,"no"
610639,"tag","Tag",66,"no"
145503,"tag","Tag",66,"no"
145503,"tag","Tag",66,"no"
145522,"tag","Tag",66,"no"
145522,"tag","Tag",66,"no"
145522,"tag","Tag",66,"no"
145522,"other","Others",66,"no"
145522,"tag","Tag",66,"no"
610617,"tag","Tag",66,"no"
610617,"tag","Tag",66,"no"
610617,"tag","Tag",66,"no"
610617,"tag","Tag",66,"no"
610617,"tag","Tag",66,"no"
610617,"tag","Tag",66,"no"
610617,"tag","Tag",66,"no"
610617,"tag","Tag",66,"no"
610617,"illustration","SITS",66,"no"
610617,"tag","Tag",66,"yes"
610617,"tag","Tag",66,"yes"
610617,"illustration","SITS",66,"no"
610617,"illustration","SITS",66,"no"
610617,"tag","Tag",66,"no"
610617,"tag","Tag",66,"no"
610617,"tag","Tag",66,"no"
610617,"tag","Tag",66,"no"
610617,"tag","Tag",66,"no"
610617,"tag","Tag",66,"no"
610617,"other","Others",66,"no"
140997,"other","Others",92,"no"
141571,"tag","Tag",92,"no"
141571,"tag","Tag",92,"no"
141571,"tag","Tag",92,"no"
141571,"tag","Tag",92,"no"
141571,"tag","Tag",92,"no"
141571,"tag","Tag",92,"no"
455560,"illustration","SITS",92,"no"
455560,"tag","Tag",92,"no"
455560,"tag","Tag",92,"yes"
455560,"other","Others",92,"no"
455560,"tag","Tag",92,"no"
455560,"stencil","SITS",92,"no"
455560,"throw up","SITS",92,"no"
455560,"tag","Tag",92,"no"
455560,"tag","Tag",92,"no"
455560,"tag","Tag",92,"no"
455560,"tag","Tag",92,"no"
455560,"tag","Tag",92,"no"
455560,"other","Others",92,"no"
455560,"tag","Tag",92,"no"
455560,"tag","Tag",92,"no"
455560,"slogan","SITS",92,"yes"
455560,"tag","Tag",92,"no"
455560,"tag","Tag",92,"no"
455560,"tag","Tag",92,"no"
455560,"other","Others",92,"no"
455560,"tag","Tag",92,"no"
455560,"tag","Tag",92,"no"
455560,"tag","Tag",92,"no"
141566,"tag","Tag",92,"no"
141274,"tag","Tag",92,"no"
141274,"stencil","SITS",92,"no"
141274,"stencil","SITS",92,"no"
141274,"tag","Tag",92,"no"
141274,"tag","Tag",92,"no"
141274,"tag","Tag",92,"no"
141207,"tag","Tag",92,"no"
141207,"tag","Tag",92,"no"
141207,"other","Others",92,"no"
141207,"tag","Tag",92,"no"
141207,"tag","Tag",92,"no"
141207,"stencil","SITS",92,"no"
141477,"tag","Tag",92,"no"
140997,"tag","Tag",92,"no"
455560,"other","Others",92,"no"
141274,"other","Others",92,"no"
141274,"tag","Tag",92,"no"
141274,"tag","Tag",92,"no"
141207,"stencil","SITS",92,"no"
141274,"illustration","SITS",92,"no"
455560,"illustration","SITS",92,"no"
455560,"slogan","SITS",92,"no"
141571,"stencil","SITS",92,"no"
140997,"other","Others",92,"no"
141019,"tag","Tag",110,"no"
141019,"tag","Tag",110,"no"
141019,"other","Others",110,"no"
141019,"tag","Tag",110,"no"
141019,"tag","Tag",110,"no"
141019,"tag","Tag",110,"no"
141019,"tag","Tag",110,"no"
141019,"tag","Tag",110,"no"
141019,"throw up","SITS",110,"no"
141019,"tag","Tag",110,"no"
141019,"tag","Tag",110,"no"
140957,"illustration","SITS",110,"no"
140957,"tag","Tag",110,"no"
140916,"tag","Tag",110,"no"
140916,"tag","Tag",110,"no"
140916,"slogan","SITS",110,"no"
140916,"tag","Tag",110,"no"
140916,"tag","Tag",110,"no"
140916,"tag","Tag",110,"no"
140916,"tag","Tag",110,"no"
140916,"tag","Tag",110,"no"
358691,"slogan","SITS",110,"no"
358691,"tag","Tag",110,"no"
358691,"tag","Tag",110,"no"
358691,"tag","Tag",110,"no"
358691,"slogan","SITS",110,"no"
358691,"tag","Tag",110,"no"
358691,"tag","Tag",110,"no"
358691,"tag","Tag",110,"yes"
358691,"tag","Tag",110,"no"
358691,"tag","Tag",110,"no"
141019,"other","Others",110,"no"
141019,"tag","Tag",110,"no"
141019,"tag","Tag",110,"no"
141019,"tag","Tag",110,"no"
141019,"tag","Tag",110,"no"
358691,"tag","Tag",110,"no"
358691,"tag","Tag",110,"no"
141019,"tag","Tag",110,"no"
141019,"tag","Tag",110,"no"
140916,"masterpiece","Masterpiece",110,"no"
140916,"tag","Tag",110,"no"
358691,"other","Others",110,"no"
140957,"stencil","SITS",110,"no"
358691,"other","Others",110,"no"
530370,"tag","Tag",67,"no"
530370,"tag","Tag",67,"no"
140732,"tag","Tag",67,"yes"
140732,"tag","Tag",67,"no"
140732,"tag","Tag",67,"no"
140732,"tag","Tag",67,"no"
140732,"tag","Tag",67,"no"
140732,"tag","Tag",67,"no"
530137,"tag","Tag",67,"no"
530137,"tag","Tag",67,"no"
530137,"tag","Tag",67,"no"
530137,"tag","Tag",67,"no"
530137,"tag","Tag",67,"no"
530136,"tag","Tag",67,"no"
530136,"tag","Tag",67,"no"
530136,"tag","Tag",67,"no"
530136,"tag","Tag",67,"no"
530136,"other","Others",67,"no"
530136,"tag","Tag",67,"no"
530136,"tag","Tag",67,"no"
530136,"tag","Tag",67,"no"
530136,"illustration","SITS",67,"no"
530136,"other","Others",67,"no"
530136,"tag","Tag",67,"no"
358748,"tag","Tag",67,"no"
358748,"tag","Tag",67,"no"
358748,"tag","Tag",67,"no"
358748,"tag","Tag",67,"no"
358748,"illustration","SITS",67,"no"
358748,"tag","Tag",67,"no"
358748,"tag","Tag",67,"no"
358748,"tag","Tag",67,"no"
358748,"tag","Tag",67,"no"
358748,"tag","Tag",67,"no"
358748,"tag","Tag",67,"no"
358748,"tag","Tag",67,"no"
358748,"tag","Tag",67,"no"
358748,"tag","Tag",67,"no"
358748,"tag","Tag",67,"no"
358748,"tag","Tag",67,"no"
358748,"tag","Tag",67,"no"
358748,"tag","Tag",67,"no"
140473,"tag","Tag",67,"no"
140473,"tag","Tag",67,"no"
140424,"stencil","SITS",67,"no"
140489,"tag","Tag",67,"no"
140489,"tag","Tag",67,"no"
140489,"tag","Tag",67,"no"
140489,"tag","Tag",67,"no"
140489,"tag","Tag",67,"no"
140489,"tag","Tag",67,"no"
140489,"slogan","SITS",67,"no"
140489,"illustration","SITS",67,"no"
140489,"tag","Tag",67,"no"
140489,"other","Others",67,"no"
140489,"illustration","SITS",67,"no"
140489,"tag","Tag",67,"no"
140489,"illustration","SITS",67,"no"
140489,"illustration","SITS",67,"no"
140790,"other","Others",67,"no"
140790,"illustration","SITS",67,"no"
140790,"tag","Tag",67,"no"
140790,"tag","Tag",67,"no"
140790,"tag","Tag",67,"no"
140790,"tag","Tag",67,"no"
140790,"tag","Tag",67,"no"
140790,"tag","Tag",67,"no"
140790,"tag","Tag",67,"no"
140790,"tag","Tag",67,"no"
140790,"tag","Tag",67,"no"
140790,"tag","Tag",67,"no"
140790,"tag","Tag",67,"no"
140790,"tag","Tag",67,"no"
141070,"tag","Tag",67,"no"
141070,"tag","Tag",67,"no"
141070,"tag","Tag",67,"no"
141070,"tag","Tag",67,"no"
141070,"other","Others",67,"no"
141070,"other","Others",67,"yes"
141070,"illustration","SITS",67,"no"
141070,"tag","Tag",67,"yes"
141070,"tag","Tag",67,"yes"
141070,"tag","Tag",67,"no"
141070,"illustration","SITS",67,"no"
141070,"illustration","SITS",67,"no"
141070,"tag","Tag",67,"yes"
141070,"tag","Tag",67,"no"
141070,"tag","Tag",67,"no"
141070,"tag","Tag",67,"no"
140917,"tag","Tag",67,"no"
140917,"tag","Tag",67,"no"
140917,"tag","Tag",67,"no"
140917,"tag","Tag",67,"no"
140917,"tag","Tag",67,"no"
140917,"illustration","SITS",67,"no"
140917,"throw up","SITS",67,"no"
140917,"tag","Tag",67,"no"
140917,"tag","Tag",67,"no"
140917,"tag","Tag",67,"no"
140917,"tag","Tag",67,"no"
140917,"illustration","SITS",67,"yes"
140917,"tag","Tag",67,"yes"
140917,"other","Others",67,"no"
140917,"tag","Tag",67,"no"
140917,"illustration","SITS",67,"no"
140917,"tag","Tag",67,"no"
140917,"tag","Tag",67,"no"
140917,"illustration","SITS",67,"no"
140917,"tag","Tag",67,"no"
140917,"throw up","SITS",67,"no"
140917,"tag","Tag",67,"no"
140917,"tag","Tag",67,"no"
140917,"illustration","SITS",67,"no"
140917,"illustration","SITS",67,"no"
140917,"tag","Tag",67,"yes"
140917,"tag","Tag",67,"no"
140917,"tag","Tag",67,"no"
140917,"tag","Tag",67,"no"
140917,"tag","Tag",67,"no"
140917,"tag","Tag",67,"no"
140917,"tag","Tag",67,"no"
140917,"tag","Tag",67,"no"
140917,"tag","Tag",67,"no"
140917,"tag","Tag",67,"no"
140917,"tag","Tag",67,"no"
140917,"tag","Tag",67,"yes"
140917,"illustration","SITS",67,"no"
140917,"tag","Tag",67,"no"
140917,"other","Others",67,"no"
140917,"illustration","SITS",67,"no"
140917,"illustration","SITS",67,"no"
140917,"illustration","SITS",67,"no"
140917,"tag","Tag",67,"yes"
140917,"tag","Tag",67,"no"
140917,"throw up","SITS",67,"no"
140917,"illustration","SITS",67,"no"
140917,"tag","Tag",67,"no"
140917,"tag","Tag",67,"yes"
140917,"tag","Tag",67,"no"
140917,"illustration","SITS",67,"no"
140917,"illustration","SITS",67,"no"
140917,"tag","Tag",67,"no"
140917,"tag","Tag",67,"no"
140917,"tag","Tag",67,"no"
140917,"tag","Tag",67,"no"
140917,"illustration","SITS",67,"no"
